id	name	start	end	features	dedicated_urls	score
66688	FRBE L’aventure Bigo - 202506	2025-06-06 00:00:00	2025-06-30 00:00:00	task,lottery,shop,growth,game,stage,group,recharge,reward	https://static-fed.bigolive.tv/live/pages/bigolive/family-room-promote/index.html	14
68073	FRBE L’aventure Bigo - 202507	2025-07-06 00:00:00	2025-07-31 00:00:00	task,lottery,shop,growth,game,stage,group,recharge,reward	https://static-fed.bigolive.tv/live/pages/bigolive/family-room-promote/index.html	14
68029	The Dino League 🦕 Leaderboard - July 2025	2025-06-27 10:30:00	2025-08-15 23:59:59	shop,growth,game,collection,stage,group,rank,recharge,reward		13
68251	Assista e Veja a sorte com a família!	2025-07-04 00:00:00	2025-08-02 23:59:59	lottery,game,group,rank,reward	https://activity.bigo.tv/live/act/act_14587/index.html|https://activity.bigo.tv/live/act/act_26289/index.html|https://activity.bigo.tv/live/act/banner-aggregation2/index.html?id=1593330054|https://static-fed.bigolive.tv/live/pages/bigolive/family-detail/index.html#/family/list?firstpage=true|https://static-fed.bigolive.tv/live/pages/bigolive/mid-festival-family-2023/index.html	13
68454	July BC Gala Warm-Up Days	2025-07-01 00:00:00	2025-07-03 23:59:59	task,lottery,shop,rank,recharge,reward	https://static-fed.bigolive.tv/live/pages/bigolive/annual-assembly-2025-BS9He0/index.html|https://static-fed.bigolive.tv/live/pages/bigolive/mid-festival-anchor-2025/index.html	13
66591	New Eksklusif July 2025	2025-07-04 00:00:00	2025-08-03 23:59:59	lottery,growth,game,collection,group,recharge,reward	https://activity.bigo.tv/live/act/banner-aggregation2/index.html?id=1592920054|https://static-fed.bigolive.tv/live/pages/bigolive/act-39011/index.html	12
67654	Caminho de Ascensão  da Família - Final do Brasil - Junho	2025-06-19 00:00:00	2025-06-24 23:59:59	game,collection,stage,group,rank,recharge,reward	https://activity.bigo.tv/live/act/act_14587/index.html|https://activity.bigo.tv/live/act/banner-aggregation2/index.html?id=1593330054	12
67787	Rank UP Mission	2025-06-21 00:00:00	2025-06-30 23:59:59	task,lottery,growth,game,collection,group,rank,reward		12
67977	KH New Family Challenge (July 2025)	2025-07-01 00:00:00	2025-07-31 23:59:59	task,growth,group,rank,recharge,reward	https://activity.bigo.tv/live/act/act_14587/?area=KH|https://activity.bigo.tv/live/act/act_26289/index.html|https://activity.bigo.tv/live/act/banner-aggregation2/index.html?id=1612242209	12
68197	MM New Family Challenge (July 2025)	2025-07-01 00:00:00	2025-07-31 23:59:59	task,growth,game,group,rank,recharge,reward	https://activity.bigo.tv/live/act/banner-aggregation2/index.html?id=1609992861|https://static-fed.bigolive.tv/live/pages/bigolive/family-detail/index.html#/list?firstpage=true	12
68961	dhy主播收礼百分比	2025-07-08 15:10:00	2025-07-10 00:00:00	task,lottery,growth,game,collection,group,rank,recharge,reward		12
68967	dhy用户送礼定植	2025-07-08 15:30:00	2025-07-10 00:00:00	task,lottery,growth,game,collection,group,rank,recharge,reward		12
71215	Caminho de Ascensão  da Família - Final - Agosto	2025-08-21 00:00:00	2025-08-30 23:59:59	task,growth,game,collection,stage,group,rank,reward	https://activity.bigo.tv/live/act/act_14587/index.html|https://activity.bigo.tv/live/act/banner-aggregation2/index.html?id=1593330054	12
71530	KH New Family Challenge (September 2025)	2025-09-01 00:00:00	2025-09-30 23:59:59	task,growth,group,rank,recharge,reward	https://activity.bigo.tv/live/act/act_14587/?area=KH|https://activity.bigo.tv/live/act/act_26289/index.html|https://activity.bigo.tv/live/act/banner-aggregation2/index.html?id=1612242209	12
66856	New Bigoers, Welcome To Bigo Live!	2025-06-02 12:00:00	2025-06-30 23:59:59	task,lottery,shop,growth,game,collection,group,rank,recharge,reward		11
67018	夏季美食節	2025-06-07 00:00:00	2025-07-02 23:59:59	lottery,game,collection,group,rank,recharge,reward	https://static-fed.bigolive.tv/live/pages/bigolive/act-49334/index.html#/apply49334/1556|https://static-fed.bigolive.tv/live/pages/bigolive/act-49334/index.html#/apply49334/1560	11
67485	Caminho de Ascensão  da Família - Qualificação do Brasil - Junho	2025-06-13 00:00:00	2025-06-17 23:59:59	game,stage,group,rank,recharge,reward	https://activity.bigo.tv/live/act/act_14587/index.html|https://activity.bigo.tv/live/act/banner-aggregation2/index.html?id=1593330054	11
67738	NL&NE Recharge Rush 2 June	2025-06-18 17:00:00	2025-06-22 23:59:59	task,lottery,shop,growth,collection,stage,rank,recharge,reward		11
67739	NL&NE Recharge Rush 2 June Middle R	2025-06-18 17:00:00	2025-06-22 23:59:59	task,lottery,shop,growth,collection,stage,rank,recharge,reward		11
67740	NL&NE Recharge Rush 2 June Small R	2025-06-18 17:00:00	2025-06-22 23:59:59	task,lottery,shop,growth,collection,stage,rank,recharge,reward		11
67763	Desafío de Transmisiones Junio	2025-06-23 00:00:00	2025-06-30 23:59:59	task,growth,game,collection,stage,group,rank,reward	https://static-fed.bigolive.tv/live/pages/bigolive/bigo-Institute/index.html	11
68030	New Comers League 🎁 Leaderboard - July 2025	2025-06-27 10:35:00	2025-08-15 23:59:58	growth,game,collection,group,rank,recharge,reward		11
68093	NL&NE Sunshine Surprise Party June	2025-06-26 00:00:00	2025-06-30 23:59:59	task,lottery,shop,stage,group,rank,recharge,reward	https://static-fed.bigolive.tv/live/pages/bigolive/act-86820-pnKQMT/index.html	11
68195	MM Auto Watch Live Get Dia (July 2025)	2025-07-01 00:00:00	2025-07-31 23:59:59	task,growth,game,rank,recharge,reward	https://activity.bigo.tv/live/act/banner-aggregation2/index.html?id=1594096074|https://activity.bigo.tv/live/act/vip_manage_14114/index.html	11
68463	New Bigoers, Welcome To Bigo Live! July	2025-07-02 12:00:00	2025-07-31 23:59:59	task,lottery,shop,growth,game,collection,group,rank,recharge,reward		11
68846	Mid Year BC Gala x NL&NE Top SVIP event	2025-07-04 00:00:00	2025-07-11 23:59:59	task,stage,rank,recharge,reward	https://static-fed.bigolive.tv/live/pages/bigolive/annual-assembly-2025-BS9He0/index.html|https://static-fed.bigolive.tv/live/pages/bigolive/mid-festival-anchor-2025/index.html	11
69008	dhy库存经纪公司	2025-07-08 21:50:00	2025-07-10 00:00:00	task,lottery,growth,game,collection,group,rank,reward		11
69027	dhy库存经纪复测	2025-07-09 14:43:41	2025-07-10 00:00:00	task,lottery,growth,game,collection,group,rank,reward		11
69825	dhy测试用户送礼	2025-07-25 16:20:10	2025-07-25 20:00:00	task,lottery,growth,game,collection,group,rank,recharge,reward		11
66771	A Sorte Está na Família - Festa Junina!👒	2025-06-05 00:00:00	2025-07-02 23:59:59	lottery,group,rank,reward	https://activity.bigo.tv/live/act/act_14587/index.html|https://activity.bigo.tv/live/act/act_26289/index.html|https://activity.bigo.tv/live/act/banner-aggregation2/index.html?id=1593330054|https://static-fed.bigolive.tv/live/pages/bigolive/family-detail/index.html#/family/list?firstpage=true|https://static-fed.bigolive.tv/live/pages/bigolive/mid-festival-family-2023/index.html	10
66851	FRBE LIVE Marathon - 202506	2025-06-01 00:00:00	2025-06-30 23:59:59	task,growth,stage,rank,reward	https://static-fed.bigolive.tv/live/pages/bigolive/act-42719/index.html|https://static-fed.bigolive.tv/live/pages/bigolive/act-61781-k65ebZ/index.html	10
67040	NL&NE Recharge Rush 1 June	2025-06-05 00:00:00	2025-06-09 23:59:59	task,lottery,shop,growth,collection,rank,recharge,reward		10
67041	NL&NE Recharge Rush 2 June	2025-06-05 00:00:00	2025-06-09 23:59:59	task,lottery,shop,growth,collection,rank,recharge,reward		10
67042	NL&NE Recharge Rush 3 June	2025-06-05 00:00:00	2025-06-09 23:59:59	task,lottery,shop,growth,collection,rank,recharge,reward		10
67509	إشحن واربح ألماس اضافي	2025-06-16 00:00:00	2025-06-30 23:59:59	task,lottery,shop,growth,game,stage,rank,recharge,reward		10
67879	💰7월 회장님 전성시대💰	2025-07-03 00:00:00	2025-07-31 23:59:59	task,lottery,growth,game,collection,stage,rank,recharge,reward		10
67957	BBR Family Builder: Weekly Leaderboard	2025-06-23 18:00:48	2025-08-10 00:00:00	task,growth,game,stage,group,rank,reward	https://static-fed.bigolive.tv/live/pages/bigolive/family-detail/index.html#/family/list?firstpage=true	10
68186	MM Auto Top-up and Spin it (July 2025)	2025-07-01 00:00:00	2025-07-31 23:59:59	task,lottery,growth,game,recharge,reward	https://activity.bigo.tv/live/act/banner-aggregation2/index.html?id=1609992861|https://activity.bigo.tv/live/act/vip_manage_14114/index.html	10
68233	ID - Indonesia Host 2025 MID-YEAR GALA 👑 Host	2025-07-04 00:00:00	2025-07-12 14:00:00	lottery,game,collection,group,rank,reward	https://static-fed.bigolive.tv/live/pages/bigolive/mid-festival-anchor-2025/index.html?lang=id	10
68234	ID - Indonesia Host 2025 MID-YEAR GALA 👑 User	2025-07-04 00:00:00	2025-07-12 14:00:00	lottery,game,collection,rank,recharge,reward	https://static-fed.bigolive.tv/live/pages/bigolive/mid-festival-anchor-2025/index.html?lang=id	10
68235	ID - Indonesia Host 2025 MID-YEAR GALA 👑 Family	2025-07-01 00:00:00	2025-07-13 00:00:00	lottery,game,group,rank,reward	https://static-fed.bigolive.tv/live/pages/bigolive/mid-festival-anchor-2025/index.html?lang=id	10
68355	Caminho de Ascensão  da Família - Qualificação - Julho	2025-07-04 00:00:00	2025-07-13 23:59:59	game,stage,group,rank,reward	https://activity.bigo.tv/live/act/act_14587/index.html|https://activity.bigo.tv/live/act/banner-aggregation2/index.html?id=1593330054	10
68525	KH - Mid-Year HOST GALA	2025-07-04 00:00:00	2025-07-12 23:59:59	task,lottery,game,collection,rank,reward	https://static-fed.bigolive.tv/live/pages/bigolive/mid-festival-anchor-2025/index.html	10
68532	Bida sa Mid-Year Gala	2025-07-02 00:00:00	2025-08-01 00:00:00	task,lottery,growth,game,collection,rank,reward		10
68549	KH Host Mid-Gala - User	2025-07-04 00:00:00	2025-07-12 23:59:59	task,lottery,collection,rank,recharge,reward	https://static-fed.bigolive.tv/live/pages/bigolive/mid-festival-anchor-2025/index.html	10
68641	dhy测试PK房间	2025-07-02 20:44:06	2025-07-15 14:44:30	task,lottery,growth,game,collection,stage,group,rank,reward		10
68643	dhy测试PK房间	2025-07-02 20:44:06	2025-07-15 14:44:30	task,lottery,growth,game,collection,stage,group,rank,reward		10
68645	dhy测试PK房间111	2025-07-02 20:44:06	2025-07-15 14:44:30	task,lottery,growth,game,collection,stage,group,rank,reward		10
69119	dhy测试活动总任务	2025-07-10 16:41:08	2025-07-11 20:00:00	task,growth,game,collection,group,rank,recharge,reward		10
69122	dhy测试用户送礼	2025-07-10 17:10:08	2025-07-11 20:00:00	task,growth,game,collection,group,rank,recharge,reward		10
69421	KH Family Gala-Host Rank	2025-07-23 00:00:00	2025-07-31 23:59:59	task,lottery,game,group,rank,reward	https://static-fed.bigolive.tv/live/pages/bigolive/mid-festival-family-2025/index.html	10
69703	dhy测试加分维度	2025-07-23 22:00:07	2025-07-24 16:30:44	task,lottery,growth,game,stage,rank,reward	https://static-fed.bigolive.tv/live/pages/bigolive/act-84508-R2vg1q/index.html?actId=84508	10
69828	💰8월 회장님 전성시대💰	2025-08-03 00:00:00	2025-08-31 23:59:59	task,lottery,growth,game,collection,stage,rank,recharge,reward		10
69900	Find Your Home --- USCA Family Event	2025-07-28 15:00:00	2025-08-31 00:00:00	task,growth,game,stage,group,rank,reward	https://static-fed.bigolive.tv/live/pages/bigolive/family-detail/index.html#/family/list?firstpage=true	10
69902	Aug Out of space Adventure - Night Family Auto Reward Event	2025-08-01 00:00:00	2025-08-31 23:50:00	task,growth,game,collection,group,rank,recharge,reward		10
70097	LATAM Gift Challenge-- USCA Event	2025-07-29 16:43:35	2025-09-03 23:59:59	task,lottery,growth,game,collection,rank,recharge,reward		10
70868	Africa King&Queen	2025-08-12 00:00:00	2025-08-23 02:10:59	task,shop,growth,game,stage,rank,recharge,reward		10
66749	NEW FAMILY RANKING - JUNE 2025	2025-06-02 00:00:00	2025-07-06 23:59:59	task,lottery,group,rank,recharge,reward	https://static-fed.bigolive.tv/live/pages/bigolive/family-detail/index.html	9
67264	Tarea Diaria para Nuevos Actualizados Junio	2025-06-09 00:00:00	2025-06-19 23:59:59	task,growth,game,stage,rank,reward	https://static-fed.bigolive.tv/live/pages/bigolive/bigo-Institute/index.html	9
67278	June Weekly Level Up Competition	2025-06-11 00:00:00	2025-06-30 23:59:59	lottery,growth,stage,group,rank,recharge,reward	https://static-fed.bigolive.tv/live/pages/bigolive/act-49334/index.html	9
67504	✨ Legends of the Lucky Box	2025-06-20 00:00:00	2025-06-26 23:59:59	task,lottery,growth,game,rank,reward		9
67648	Final Rush	2025-06-21 00:00:00	2025-06-30 23:59:59	task,lottery,growth,game,collection,stage,rank,reward		9
67656	Reembolso do Encontro no México	2025-06-19 00:00:00	2025-06-24 23:59:59	game,stage,group,rank,recharge,reward	https://activity.bigo.tv/live/act/banner-aggregation2/index.html?id=1593330054	9
67657	Reembolso do Encontro no México - BLUNT	2025-06-19 00:00:00	2025-06-24 23:59:59	game,stage,group,rank,recharge,reward	https://activity.bigo.tv/live/act/banner-aggregation2/index.html?id=1593330054	9
67783	Cheer For Local Stars	2025-06-19 00:00:00	2025-06-28 23:59:59	task,lottery,shop,game,collection,rank,reward		9
67865	July Legend of the tide  - Morning Family Auto Reward Event	2025-07-01 00:00:00	2025-07-31 23:50:00	task,growth,game,collection,group,rank,recharge,reward		9
67866	July Snorkel Showdown  - Night Family Auto Reward Event	2025-07-01 00:00:00	2025-07-31 23:50:00	task,growth,game,collection,group,rank,recharge,reward		9
67883	Mini Misión Diaria Julio	2025-07-01 00:00:00	2025-08-01 23:59:59	task,growth,game,stage,rank,reward	https://static-fed.bigolive.tv/live/pages/bigolive/bigo-Institute/index.html	9
67924	New Star (July 2025)	2025-07-01 12:00:00	2025-07-31 23:59:59	task,lottery,growth,game,rank,reward	https://static-fed.bigolive.tv/live/pages/bigolive/bigo-Institute/index.html#/detail?id=30	9
67973	KH First Recharge Free (July 2025)	2025-07-01 00:00:00	2025-07-31 23:59:59	task,growth,game,rank,recharge,reward	https://activity.bigo.tv/live/act/banner-aggregation2/index.html?id=1592893413	9
68032	57% Auto Rebate Plus - Part 1	2025-06-30 00:00:00	2025-07-05 23:59:59	task,growth,collection,stage,group,rank,recharge,reward		9
68034	57% Auto Rebate Plus - Part 2	2025-06-30 00:00:00	2025-07-05 23:59:59	task,growth,collection,stage,group,rank,recharge,reward		9
68111	BBR - 0701-0711 Daily Rebate Ladder: Up to 58% Rebate	2025-07-01 00:00:00	2025-07-11 23:59:59	task,lottery,growth,game,collection,rank,reward		9
68117	Rising Star Auto Reward - July 2025	2025-07-01 00:00:00	2025-08-01 00:00:00	task,lottery,growth,stage,rank,reward	https://static-fed.bigolive.tv/live/pages/bigolive/act-49334/index.html	9
68184	MM Auto First Recharge July 2025	2025-07-01 00:00:00	2025-07-31 23:59:59	task,growth,game,rank,recharge,reward	https://activity.bigo.tv/live/act/banner-aggregation2/index.html?id=1594096074	9
68317	Friendly Auto-Reward Event - July 2025	2025-07-04 18:06:16	2025-08-01 23:59:59	task,growth,game,collection,group,rank,reward		9
68326	إشحن واربح ألماس اضافي	2025-07-01 00:00:00	2025-07-15 23:59:59	task,lottery,shop,growth,stage,rank,recharge,reward		9
68353	Family PK League- July	2025-07-01 00:00:00	2025-07-31 23:59:59	task,game,group,rank,reward	https://activity.bigo.tv/live/act/act_15180/index.html?compe_id=1749017150109946|https://activity.bigo.tv/live/act/act_15180/index.html?compe_id=1752820978329506	9
68362	M-Xem live hay Nhận thưởng ngay -24-31/07	2025-07-24 00:00:00	2025-08-01 00:00:00	task,lottery,shop,growth,collection,rank,reward		9
68550	Mid-Year Gala Recharge Bonanza!	2025-07-17 14:00:00	2025-07-22 23:59:59	task,shop,collection,stage,group,rank,recharge,reward		9
68624	BIGO SUMMER HEAT	2025-07-07 00:00:00	2025-07-31 00:00:00	task,lottery,game,collection,stage,rank,reward		9
69131	UK|IE King & Queen	2025-07-14 07:00:00	2025-07-24 07:00:00	task,game,collection,stage,group,rank,reward	https://activity.bigo.tv/live/act/act_15180/index.html?compe_id=1753087974838335	9
69195	Broadcasters Recharge	2025-07-15 00:00:00	2025-07-17 23:59:59	task,lottery,growth,game,collection,rank,recharge,reward		9
69342	Family Gala: Rookie Battle	2025-07-23 00:00:00	2025-07-31 23:59:59	task,growth,game,stage,group,rank,reward		9
69607	同屏hmh测试，勿动！跨房PK魅力值	2025-07-23 00:00:00	2025-07-26 00:00:00	task,lottery,growth,game,collection,group,rank,reward		9
69645	分屏-跨房PK魅力值-视频房yxm勿动	2025-07-23 15:50:00	2025-07-26 00:00:00	task,lottery,growth,game,collection,group,rank,reward		9
69653	分屏-y魅力值用户贡献-永续房yxm勿动	2025-07-23 15:55:00	2025-07-26 00:00:00	task,lottery,growth,game,collection,group,rank,reward		9
69674	First National Day Bonus!	2025-08-01 00:00:00	2025-08-31 23:59:59	task,lottery,shop,game,stage,rank,recharge,reward		9
69696	dhy测试奖励免费券	2025-07-23 20:36:44	2025-07-24 15:30:44	task,growth,collection,stage,rank,reward	https://static-fed.bigolive.tv/live/pages/bigolive/act-84508-R2vg1q/index.html?actId=84508	9
69774	Mini Misión Diaria Agosto	2025-08-01 00:00:00	2025-08-31 23:59:59	task,growth,game,stage,rank,reward	https://static-fed.bigolive.tv/live/pages/bigolive/bigo-Institute/index.html	9
70001	KH-Jurassic Adventure Host	2025-08-01 00:00:00	2025-08-09 23:59:59	task,growth,game,rank,reward	https://activity.bigo.tv/live/act/banner-aggregation2/index.html?id=1618395494	9
70069	ID - GO! PK Right Now!	2025-08-04 00:00:00	2025-08-31 00:00:00	lottery,game,stage,rank,reward	https://activity.bigo.tv/live/act/act_15180/index.html?compe_id=1746183742114979|https://activity.bigo.tv/live/act/act_15180/index.html?compe_id=1756360575655250	9
70461	BIGO ICON Series - Event Preview	2025-08-04 00:00:00	2025-08-13 23:59:59	task,lottery,growth,collection,stage,group,rank,reward		9
66521	M - NGÔI SAO TƯƠNG LAI - 01-30/06	2025-06-01 00:00:00	2025-06-30 23:59:59	task,lottery,growth,game,collection,rank,reward		8
66586	SVIP Rank Defense Battle-June	2025-06-01 00:00:00	2025-06-30 23:59:59	lottery,growth,game,collection,stage,rank,recharge,reward		8
66592	Recall Eksklusif June 2025	2025-06-04 00:00:00	2025-07-04 00:00:00	lottery,collection,group,rank,recharge,reward	https://static-fed.bigolive.tv/live/pages/bigolive/act-39011/index.html	8
66698	U-Xem live rinh ngay quà khủng-01-30/6	2025-06-01 00:00:00	2025-07-01 00:00:00	task,lottery,growth,game,rank,recharge,reward		8
66854	Dino Lucky Draw Spins June	2025-07-01 00:00:00	2025-07-03 23:59:59	task,lottery,growth,game,collection,rank,recharge,reward		8
67008	豪華冰果室	2025-06-07 00:00:00	2025-06-30 23:59:59	lottery,game,collection,stage,group,rank,recharge,reward		8
67057	FAMILY CLAN UPRISING -June 11-20	2025-06-11 00:00:00	2025-06-20 23:59:59	lottery,growth,game,group,rank,recharge,reward		8
67058	FAMILY CLAN UPRISING -June 21-30	2025-06-21 00:00:00	2025-06-30 23:59:59	lottery,growth,game,group,rank,recharge,reward		8
67092	Meet Your Star Streamers	2025-06-05 19:00:00	2025-11-01 00:00:00	task,lottery,game,rank,recharge,reward	https://static-fed.bigolive.tv/live/pages/bigolive/act-39011/index.html?src=14	8
67093	Festa de Amor de Famílias - 6/6-11/6	2025-06-06 00:00:00	2025-06-11 23:59:59	group,rank,recharge,reward	https://activity.bigo.tv/live/act/act_14587/index.html|https://activity.bigo.tv/live/act/banner-aggregation2/index.html?id=1593330054	8
67187	July Recharge KickOff！	2025-07-02 15:00:00	2025-07-07 23:59:59	task,growth,stage,group,rank,recharge,reward		8
67206	星探大亨	2025-06-09 00:00:00	2025-06-30 23:59:59	task,lottery,growth,game,collection,rank,reward		8
67219	Newbie Training Challenge!	2025-06-13 19:00:00	2025-06-27 23:59:59	task,lottery,growth,stage,rank,recharge,reward		8
67274	KH-Friday–Sat-Sun Earn Free (June W2)	2025-06-13 00:00:00	2025-06-15 23:59:59	task,growth,game,rank,reward	https://activity.bigo.tv/live/act/banner-aggregation2/index.html?id=1618395494	8
67275	KH-Friday–Sat-Sun Earn Free (June W3)	2025-06-20 00:00:00	2025-06-22 23:59:59	task,growth,game,rank,reward	https://activity.bigo.tv/live/act/banner-aggregation2/index.html?id=1618395494	8
67276	KH-Friday–Sat-Sun Earn Free (June W4)	2025-06-27 00:00:00	2025-06-29 23:59:59	task,growth,game,rank,reward	https://activity.bigo.tv/live/act/banner-aggregation2/index.html?id=1618395494	8
67350	Malay Host & Agency Mid Year GALA	2025-06-16 20:00:00	2025-06-30 23:59:59	lottery,growth,game,collection,group,rank,reward		8
67356	June - Beans & Glory	2025-06-12 00:00:00	2025-06-23 23:59:59	task,growth,game,collection,stage,rank,reward		8
67415	TH-USER Gold The Fun Gamer 12-18 June 2025 👏🏻	2025-06-12 00:00:00	2025-06-19 00:00:00	lottery,game,group,rank,reward	https://static-fed.bigolive.tv/live/pages/bigolive/act-84747-OLaroV/index.html	8
67416	TH PP The Fun Gamer 12-18 June 2025 👏🏻	2025-06-12 00:00:00	2025-06-19 00:00:00	lottery,game,group,rank,reward	https://static-fed.bigolive.tv/live/pages/bigolive/act-84747-OLaroV/index.html	8
67505	Intercambia ahora -Lluvia de semillas	2025-06-15 00:00:00	2025-06-17 23:59:59	lottery,shop,game,collection,stage,group,rank,reward		8
67572	MID-YEAR GALA	2025-06-14 00:00:00	2025-07-01 00:00:00	game,collection,stage,group,rank,reward		8
67630	Durian Showdown: Summer Bloom-a golden surprise awaits	2025-07-01 00:00:00	2025-07-31 23:59:59	task,lottery,game,stage,rank,recharge,reward		8
67726	Durian Showdown: Summer Bloom-a golden surprise awaits (Champion's Rank)	2025-07-01 00:00:00	2025-07-31 23:59:59	task,lottery,game,stage,rank,recharge,reward		8
67771	Overseas Star Boost	2025-06-19 00:00:00	2025-06-28 23:59:59	task,lottery,game,collection,rank,reward		8
67791	Семейные ПК-дуэли: 13-14 июля	2025-07-13 00:00:00	2025-07-15 00:00:00	game,stage,group,rank	https://activity.bigo.tv/live/act/act_15180/index.html?compe_id=1751798979220427|https://static-fed.bigolive.tv/live/pages/bigolive/act-69506/index.html?formId=10637	8
67800	NEW FAMILY RANKING - JULY 2025	2025-07-07 00:00:00	2025-08-03 23:59:59	task,lottery,group,rank,recharge,reward	https://static-fed.bigolive.tv/live/pages/bigolive/family-detail/index.html	8
67820	KH-Friday–Sat-Sun Earn Free (July R1)	2025-07-04 00:00:00	2025-07-06 23:59:59	task,growth,game,rank,reward	https://activity.bigo.tv/live/act/banner-aggregation2/index.html?id=1618395494	8
67821	KH-Friday–Sat-Sun Earn Free (July R2)	2025-07-11 00:00:00	2025-07-13 23:59:59	task,growth,game,rank,reward	https://activity.bigo.tv/live/act/banner-aggregation2/index.html?id=1618395494	8
67822	KH-Friday–Sat-Sun Earn Free (July R3)	2025-07-18 00:00:00	2025-07-20 23:59:59	task,growth,game,rank,reward	https://activity.bigo.tv/live/act/banner-aggregation2/index.html?id=1618395494	8
67823	KH-Friday–Sat-Sun Earn Free (July R4)	2025-07-25 00:00:00	2025-07-27 23:59:59	task,growth,game,rank,reward	https://activity.bigo.tv/live/act/banner-aggregation2/index.html?id=1618395494	8
67852	BBR - Daily Rebate Ladder: Up to 58% Rebate	2025-06-23 00:00:00	2025-06-27 23:59:59	task,lottery,growth,collection,rank,reward		8
67898	KH Auto Return to Win (July 2025)	2025-07-04 00:00:00	2025-07-31 23:59:59	task,growth,game,rank,reward	https://activity.bigo.tv/live/act/banner-aggregation2/index.html?id=1618395494	8
67900	KH Auto Start your LIVE Journey (July 2025)	2025-07-04 00:00:00	2025-07-31 23:59:59	task,growth,game,rank,reward	https://activity.bigo.tv/live/act/banner-aggregation2/index.html?id=1618395494	8
67909	Berjuang sendiri (July 2025)	2025-07-01 12:00:00	2025-07-31 23:59:59	task,lottery,growth,game,rank,reward		8
68137	U-Nạp siêu ưu đãi kỳ 1- 1-3/7	2025-07-01 00:00:00	2025-07-03 23:59:59	task,growth,game,collection,rank,recharge,reward		8
68151	MM Auto Welcome to BIGO!!(July25)	2025-07-04 00:00:00	2025-07-31 23:59:59	task,growth,game,rank,reward	https://activity.bigo.tv/live/act/banner-aggregation2/index.html?id=1594357030	8
68152	MM Auto Welcome Back to BIGO!! (July 25)	2025-07-04 00:00:00	2025-07-31 23:59:59	task,growth,game,rank,reward	https://activity.bigo.tv/live/act/banner-aggregation2/index.html?id=1594357030	8
68190	SVIP Rank Defense Battle-July	2025-07-01 21:45:00	2025-07-31 23:59:59	lottery,growth,game,collection,stage,rank,recharge,reward		8
68243	FAMILY CLAN UPRISING -July 11-20	2025-07-11 00:00:00	2025-07-20 23:59:59	lottery,growth,game,group,rank,recharge,reward		8
68264	July Recharge Bonanza!	2025-07-07 17:30:00	2025-07-11 23:59:59	task,growth,stage,group,rank,recharge,reward		8
68276	Pinoy Power Hour ：ANZ	2025-07-01 00:00:00	2025-08-01 00:00:00	task,lottery,game,stage,rank,reward		8
68278	Goal Rush	2025-07-01 00:00:00	2025-07-06 23:59:59	task,shop,growth,game,group,rank,reward		8
68292	Rank UP Mission	2025-07-01 00:00:00	2025-07-11 23:59:59	task,growth,collection,group,rank,reward		8
68293	Recharge Mania	2025-07-01 00:00:00	2025-08-01 00:00:00	task,lottery,growth,game,rank,recharge,reward		8
68304	Early Afternoon Auto Rebate Rush July	2025-06-28 16:08:41	2025-07-30 23:59:59	task,growth,game,collection,group,rank,reward		8
68305	Late Afternoon Auto Rebate Rush - July	2025-07-08 00:00:00	2025-08-01 23:59:59	task,growth,game,collection,group,rank,reward		8
68310	Midweek Afternoon Bonus Auto Reward - July	2025-07-08 00:00:00	2025-08-01 23:59:59	task,growth,game,collection,group,rank,reward		8
68311	55% Auto Rebate - July 2025	2025-07-05 00:00:00	2025-08-01 23:59:59	task,growth,game,collection,group,rank,reward		8
68318	Premium Morning Level-Up  Auto Reward Part 1- July 2025	2025-07-04 15:32:35	2025-08-01 00:00:00	task,growth,collection,group,rank,recharge,reward		8
68319	Premium Morning Level-Up  Auto Reward Part 2- July 2025	2025-07-04 00:00:00	2025-08-01 00:00:00	task,growth,collection,group,rank,recharge,reward		8
68322	팸과 떠나는 여행	2025-07-01 00:00:00	2025-08-01 00:00:00	lottery,game,collection,group,rank,recharge,reward		8
68357	M-GÓI QUÀ THĂNG CẤP-01-31/7	2025-07-01 00:00:00	2025-08-01 00:00:00	task,growth,game,collection,rank,recharge,reward		8
68368	KH Recharge and Reap (July 2025)	2025-07-01 00:00:00	2025-07-31 23:59:59	task,growth,stage,rank,recharge,reward	https://activity.bigo.tv/live/act/banner-aggregation2/index.html?id=1592893413	8
68373	星探大亨	2025-07-09 00:00:00	2025-07-31 23:59:59	task,lottery,growth,game,collection,rank,reward		8
68458	NL&NE-SVIP Leaderboard July	2025-07-01 00:00:00	2025-07-31 18:00:00	task,shop,growth,stage,group,rank,recharge,reward		8
68495	July - Special Golden Rush ✨	2025-07-01 07:00:00	2025-07-05 06:59:59	task,growth,collection,stage,group,rank,reward		8
68503	Music Across Borders: Join the Lucky Draw and Win	2025-07-01 00:00:00	2025-07-31 23:59:59	task,lottery,growth,game,rank,recharge,reward		8
68527	KH HOST Mid-GALA 2025 - Top Family	2025-07-04 00:00:00	2025-07-12 23:59:59	game,group,rank,reward	https://static-fed.bigolive.tv/live/pages/bigolive/mid-festival-anchor-2025/index.html	8
68537	July Newbie Training Challenge!	2025-07-18 17:00:00	2025-07-31 23:59:59	task,lottery,growth,stage,rank,recharge,reward		8
68543	KH HOST Mid-GALA 2025 - Rising Family	2025-07-04 00:00:00	2025-07-12 23:59:59	game,group,rank,reward	https://static-fed.bigolive.tv/live/pages/bigolive/mid-festival-anchor-2025/index.html	8
68546	夏日祭	2025-07-07 00:00:00	2025-08-02 23:59:59	lottery,game,collection,rank,recharge,reward	https://static-fed.bigolive.tv/live/pages/bigolive/act-49334/index.html#/apply49334/1600	8
68835	鯛魚燒小町	2025-07-07 00:00:00	2025-07-31 23:59:59	lottery,game,collection,stage,group,rank,recharge,reward		8
68848	Max Your Beans	2025-07-04 00:00:00	2025-07-31 23:59:59	task,lottery,growth,collection,rank,reward		8
68849	Max Your Beans	2025-07-05 00:00:00	2025-07-10 23:59:59	task,lottery,growth,collection,rank,reward		8
68882	Million Splash	2025-07-06 00:00:00	2025-07-31 23:59:59	task,shop,growth,rank,recharge,reward		8
69187	Festival de semillas – Intercambia y siembra	2025-07-15 00:00:00	2025-07-17 23:59:59	lottery,shop,game,stage,group,rank,reward		8
69196	Recharge Bonus	2025-07-15 00:00:00	2025-07-20 23:59:59	task,lottery,collection,rank,recharge,reward		8
69339	Family Gala: Host Battle Royale	2025-07-16 12:00:00	2025-08-01 23:59:59	task,growth,game,group,rank,reward		8
69463	ID - Indonesia Family 2025 MID-YEAR GALA 🏠 Host	2025-07-23 00:00:00	2025-07-31 14:00:00	lottery,game,collection,group,rank,reward		8
69634	PK Task Blitz	2025-08-03 00:00:00	2025-08-31 23:59:59	task,growth,game,rank,reward	https://static-fed.bigolive.tv/live/pages/bigolive/act-49334/index.html#/apply49334/1667	8
69679	🇲🇾 Kibarkan Jalur Gemilang	2025-08-01 00:00:00	2025-08-31 23:59:59	lottery,game,collection,group,rank,recharge,reward		8
69751	SG-National Midway Rewards	2025-08-07 00:00:00	2025-08-09 23:59:59	task,lottery,growth,stage,rank,recharge,reward		8
69866	57% Auto Rebate Plus - Part 1	2025-07-31 00:00:00	2025-08-05 23:59:59	task,growth,collection,stage,group,rank,reward		8
69878	SVIP Rank Defense Battle & Level Up - August	2025-08-01 00:00:00	2025-08-31 23:59:59	lottery,growth,game,collection,stage,rank,recharge,reward		8
69888	KH-Friday–Sat-Sun Earn Free (Aug R3)	2025-08-15 00:00:00	2025-08-17 23:59:59	task,growth,game,rank,reward	https://activity.bigo.tv/live/act/banner-aggregation2/index.html?id=1618395494	8
69901	패밀리 디멘션 데이	2025-08-25 00:00:00	2025-08-29 00:00:00	task,growth,game,collection,group,rank,recharge,reward		8
70102	日榜数据_🇲🇾 Kibarkan Jalur Gemilang	2025-08-01 00:00:00	2025-08-31 23:59:59	lottery,collection,group,rank,recharge,reward		8
70207	Aug Recharge KickOff！	2025-08-08 17:15:00	2025-08-11 14:30:00	task,growth,stage,group,rank,recharge,reward		8
70213	Early Bird rewards for you，more active，more rewards；	2025-08-01 00:00:00	2025-08-04 23:59:59	task,lottery,shop,game,rank,recharge,reward		8
70269	Premium Morning Level-Up  Auto Reward Part 1- Aug 2025	2025-08-04 15:32:35	2025-09-01 00:00:00	task,growth,collection,group,rank,recharge,reward		8
70274	Midweek Afternoon Bonus Auto Reward - Aug	2025-08-04 00:00:00	2025-09-01 23:59:59	task,growth,game,collection,group,rank,reward		8
70275	55% Auto Rebate - Aug 2025	2025-08-04 00:00:00	2025-09-01 23:59:59	task,growth,game,collection,group,rank,reward		8
70293	User Survey	2025-08-01 13:55:00	2025-08-31 23:59:59	task,lottery,growth,game,collection,group,recharge,reward		8
70367	패밀리를 찾아서	2025-08-01 00:00:00	2026-07-30 00:00:00	shop,game,group,reward	https://activity.bigo.tv/live/act/act_26289/index.html#/index|https://static-fed.bigolive.tv/live/pages/bigolive/family-point-mall/index.html	8
70481	月下良緣	2025-08-07 00:00:00	2025-08-31 23:59:59	lottery,game,collection,stage,group,rank,recharge,reward		8
70702	ID - Pesta Olahraga Indonesia 🇮🇩 Host	2025-08-12 00:00:00	2025-08-20 00:00:00	task,lottery,growth,game,stage,rank,reward		8
71011	🎖Семейная Лига: Лучший из 3 ПК	2025-08-25 00:00:00	2026-08-25 00:00:00	game,stage,group,rank	https://activity.bigo.tv/live/act/act_15180/index.html?compe_id=1767007164249749|https://static-fed.bigolive.tv/live/pages/bigolive/act-69506/index.html?formId=10885	8
71036	Family Glory battle!	2025-08-14 00:00:00	2025-08-21 23:59:59	task,lottery,shop,growth,game,group,rank,reward		8
71089	PK & Rise: Comeback Clash	2025-08-15 09:56:55	2025-09-11 12:00:00	task,lottery,growth,game,collection,rank,reward		8
71197	August Spark Fest (Champions 80% Quest)	2025-08-18 21:00:00	2025-08-25 23:59:59	task,game,rank,reward	https://activity.bigo.tv/live/act/act_15180/index.html?compe_id=1755685382981969|https://static-fed.bigolive.tv/live/pages/bigolive/act-49334/index.html#/apply49334/1682	8
71364	حدث التفاعل	2025-08-25 00:00:00	2025-08-31 23:59:59	task,growth,game,group,rank,recharge,reward		8
71611	KH-Friday–Sat-Sun Earn Free (Sep R1)	2025-09-05 00:00:00	2025-09-07 23:59:59	task,growth,game,rank,reward	https://activity.bigo.tv/live/act/banner-aggregation2/index.html?id=1618395494	8
71658	Sep Find Your Home week 2 Watch Time Auto-Reward--- USCA Family Event	2025-09-01 00:00:00	2025-09-30 00:00:00	task,growth,group,rank,reward	https://static-fed.bigolive.tv/live/pages/bigolive/family-detail/index.html#/family/list?firstpage=true	8
66527	U-Phúc lợi nạp và tặng quà hàng ngày-0628-30	2025-06-28 00:00:00	2025-06-30 23:59:59	task,growth,game,collection,rank,recharge		7
66529	U-Phúc lợi nạp và tặng quà hàng ngày-0601-04	2025-06-01 00:00:00	2025-06-04 23:59:59	task,growth,game,collection,rank,recharge		7
66530	U-NHIỆM VỤ NẠP NGÀY-0608-11	2025-06-08 00:00:00	2025-06-11 23:59:59	task,growth,game,collection,rank,recharge		7
66531	U-NẠP MỖI NGÀY! THƯỞNG THẢ GA!-0615-18	2025-06-15 00:00:00	2025-06-18 23:59:59	task,growth,game,collection,rank,recharge		7
66532	U-NẠP MỖI NGÀY! THƯỞNG THẢ GA!-0622-25	2025-06-22 00:00:00	2025-06-25 23:59:59	task,growth,game,collection,rank,recharge		7
66552	Recharge Mania	2025-06-01 00:00:00	2025-06-30 23:59:59	task,lottery,growth,rank,recharge,reward		7
66561	Dach dokomi ranking	2025-06-01 00:00:00	2025-06-08 23:59:59	growth,game,collection,stage,rank,reward		7
66573	F-MIỀN ĐẤT HỨA	2025-06-25 00:00:00	2025-06-30 00:00:01	task,lottery,growth,game,group,rank,reward		7
66593	International Gifting Carnival	2025-06-01 00:00:00	2025-06-30 23:59:59	task,lottery,growth,rank,recharge,reward		7
66600	Intercambia y Gana Grandes Regalos	2025-06-05 00:00:00	2025-06-08 23:59:59	lottery,shop,game,stage,group,rank,reward		7
66652	Dach new talent show June	2025-06-05 00:00:00	2025-07-01 00:00:00	lottery,growth,game,collection,rank,reward		7
66660	KH Auto Start your LIVE Journey (June 2025)	2025-06-04 00:00:00	2025-06-16 23:59:59	task,growth,rank,reward	https://activity.bigo.tv/live/act/banner-aggregation2/index.html?id=1618395494	7
66690	VIP DAY & FLASHSALE 💎 18 DE JUNIO	2025-06-18 00:00:00	2025-06-19 00:00:00	lottery,game,collection,stage,rank,recharge,reward		7
66702	Internationale Karneval	2025-06-01 00:00:00	2025-06-30 23:59:59	task,growth,rank,reward	https://static-fed.bigolive.tv/live/pages/bigolive/act-40236/index.html	7
66750	UPBEAT FAMILY RANKING - JUNE 2025	2025-06-02 00:00:00	2025-07-06 23:59:59	game,group,rank,recharge,reward	https://static-fed.bigolive.tv/live/pages/bigolive/family-detail/index.html	7
66864	Early Summer Bash	2025-06-01 00:00:00	2025-06-04 23:59:59	task,lottery,shop,rank,recharge,reward		7
66895	F-DẠO BƯỚC CHÂU ÂU	2025-06-03 00:00:00	2025-06-10 00:00:00	lottery,group,rank,recharge,reward	https://activity.bigo.tv/live/act/banner-aggregation2/index.html?id=1592835216	7
67043	Spin & Celebrate Sweden National Day Special	2025-06-06 00:00:00	2025-06-06 23:59:59	lottery,shop,game,recharge,reward		7
67045	BIGO BEAN RUSH - 0605-0608 Fast Bean Mission	2025-06-05 00:00:00	2025-06-08 23:59:59	task,growth,game,collection,rank,reward		7
67062	Recharge Mania in June	2025-06-09 21:00:00	2025-06-13 23:59:59	task,growth,stage,rank,recharge,reward		7
67075	ANZ BUY 100 GET 100🎁	2025-06-19 19:00:00	2025-08-15 23:59:59	task,growth,game,rank,recharge,reward		7
67078	UK Potential Family Clash (6-17 June)	2025-06-06 00:00:00	2025-06-17 23:59:59	game,group,rank,recharge,reward	https://activity.bigo.tv/live/act/act_14587/index.html?area=GB	7
67123	ANZ June Domino Run!	2025-06-27 14:00:00	2025-07-01 23:59:59	shop,game,collection,stage,rank,recharge,reward		7
67186	Weekend Rush	2025-06-07 00:00:00	2025-06-08 23:59:59	task,lottery,game,collection,rank,reward		7
67344	Desafío Mega Suerte Junio 2025	2025-06-10 00:00:00	2025-07-01 00:00:00	task,lottery,growth,collection,rank,reward		7
67355	ID - Dibubu theme park🎠Family	2025-06-20 15:00:00	2025-06-30 22:00:00	lottery,game,stage,group,rank,reward		7
67387	JUNE Casual Game SPIN&RANK	2025-06-13 00:00:00	2025-06-19 23:59:59	task,lottery,game,stage,group,rank,reward		7
67441	TH - Family Tycoon Club	2025-06-12 00:00:00	2025-06-19 00:00:00	lottery,game,collection,group,rank,recharge,reward		7
67452	Chinese + SG Host & Agency Mid Year GALA	2025-06-16 20:00:00	2025-06-30 23:59:59	lottery,game,stage,group,rank,reward		7
67490	F-DẠ TIỆC HOÀNG KIM	2025-06-19 00:00:00	2025-06-24 00:00:00	lottery,group,rank,recharge,reward	https://activity.bigo.tv/live/act/banner-aggregation2/index.html?id=1592835216	7
67533	BIGO Recharge Event	2025-06-13 00:00:00	2025-06-30 23:59:59	task,lottery,game,collection,rank,recharge,reward		7
67650	Rising Star	2025-06-18 00:00:00	2025-06-30 23:59:59	task,growth,game,collection,rank,reward		7
67704	BIGO BEAN RUSH - 0618-0619 619 Beans Challenge	2025-06-18 00:00:00	2025-06-19 23:59:59	task,growth,collection,stage,rank,reward		7
67722	Level Up Rank	2025-06-20 00:00:00	2025-06-30 23:59:59	task,shop,growth,game,rank,reward		7
67725	Durian Showdown: Summer Bloom-a golden surprise awaits (Victors' Rank)	2025-07-01 00:00:00	2025-07-31 23:59:59	task,lottery,stage,rank,recharge,reward		7
67745	LIVE DA HORA 202506	2025-06-27 00:00:00	2025-07-01 23:59:59	task,growth,game,group,rank,reward		7
67802	UPBEAT FAMILY RANKING - JULY 2025	2025-07-07 00:00:00	2025-08-03 23:59:59	game,group,rank,recharge,reward	https://static-fed.bigolive.tv/live/pages/bigolive/family-detail/index.html	7
67818	Intercambia ahora -Lluvia de semillas	2025-06-24 00:00:00	2025-06-27 23:59:59	lottery,shop,collection,stage,group,rank,reward		7
67848	İLK YAZ FESTIVALİ	2025-06-20 17:00:00	2025-07-03 23:59:59	task,growth,game,rank,reward		7
67949	ID - Month End Level Up Auto Rebate (26-30 June)	2025-06-26 00:00:00	2025-07-01 00:00:00	task,lottery,growth,rank,recharge,reward		7
68003	Die Welt in deinen Fingerspitzen – Tropical Voyage	2025-06-26 00:00:00	2025-07-09 23:59:59	task,growth,game,stage,rank,reward		7
68009	KH - Mid-Year Pre Gala (Host)	2025-07-01 00:00:00	2025-07-03 23:59:59	task,growth,game,rank,reward		7
68033	BIGO BEAN RUSH - Bean to Win Dino Raffle	2025-07-01 00:00:00	2025-07-31 23:59:59	task,lottery,growth,collection,rank,reward		7
68056	특권 3단계 룰렛	2025-07-01 00:00:00	2025-08-01 00:00:00	task,lottery,growth,game,rank,recharge,reward		7
68068	FRBE - Les Plus Populaires - 202507	2025-07-01 14:00:00	2025-07-31 23:59:59	lottery,growth,rank,recharge,reward		7
68071	July Daily Ladder Challenge - C	2025-07-02 00:00:00	2025-08-01 00:00:00	task,growth,game,group,rank,reward		7
68121	Twilight Auto Rebate✨ July	2025-07-01 00:00:00	2025-07-15 23:59:59	task,lottery,growth,rank,recharge,reward		7
68122	Mid-Tier Booster Auto Rebate -  Weekdays 7/1-7/4	2025-07-01 00:00:00	2025-08-01 23:59:59	task,growth,collection,group,rank,reward		7
68131	U- CHIẾN THẦN BIGO SUMMER 2025 kỳ 2- 13-17/7	2025-07-13 00:00:00	2025-07-17 23:59:59	lottery,game,collection,rank,recharge,reward		7
68133	U- Vòng Quay May Mắn kỳ 4- 23-31/7	2025-07-23 00:00:00	2025-07-31 23:59:59	lottery,game,collection,rank,recharge,reward		7
68138	U-Nạp siêu ưu đãi kỳ 2- 8-12/7	2025-07-08 00:00:00	2025-07-12 23:59:59	task,growth,game,collection,rank,recharge		7
68139	U-Nạp siêu ưu đãi kỳ 3 - 16-19/7	2025-07-16 00:00:00	2025-07-19 23:59:59	task,growth,game,collection,rank,recharge		7
68140	U-Nạp siêu ưu đãi kỳ 4- 22-25/7	2025-07-22 00:00:00	2025-07-25 23:59:59	task,growth,game,collection,rank,recharge		7
68141	U-Nạp siêu ưu đãi kỳ 5- 28-31/7	2025-07-28 00:00:00	2025-07-31 23:59:59	task,growth,game,collection,rank,recharge		7
68148	MM Auto Spin It-UnderG Old Host (July 2025)	2025-07-01 00:00:00	2025-07-31 23:59:59	task,lottery,growth,game,reward	https://activity.bigo.tv/live/act/banner-aggregation2/index.html?id=1594357030	7
68150	MM Auto Spin it-New Host(July 2025)	2025-07-01 00:00:00	2025-07-31 23:59:59	task,lottery,growth,game,reward	https://activity.bigo.tv/live/act/banner-aggregation2/index.html?id=1594357030	7
68169	TH Family Q2 Final Battle 2 - 11 July	2025-07-02 00:00:00	2025-07-12 00:00:00	lottery,game,stage,group,rank,recharge,reward		7
68199	Recall Eksklusif July 2025	2025-07-04 00:00:00	2025-08-04 00:00:00	lottery,game,collection,group,rank,recharge,reward		7
68202	ID-Early Bird Auto Rebates (130k-600k)	2025-06-29 11:00:00	2025-07-06 23:00:00	task,growth,collection,rank,reward		7
68203	ID-Early Bird Auto Rebates (50k-130k)	2025-06-29 11:00:00	2025-07-06 23:00:00	task,growth,collection,rank,reward		7
68204	ID-Early Bird Auto Rebates (10k-50k)	2025-06-29 11:00:00	2025-07-06 23:00:00	task,growth,collection,rank,reward		7
68205	ID-Early Bird Auto Rebates (<10k)	2025-06-29 11:00:00	2025-07-06 23:00:00	task,growth,collection,rank,reward		7
68207	F-MIỀN ĐẤT HỨA	2025-07-02 00:00:00	2025-07-07 00:00:00	task,lottery,growth,game,group,rank,reward		7
68208	F-MIỀN ĐẤT HỨA	2025-07-09 00:00:00	2025-07-14 00:00:00	task,lottery,growth,game,group,rank,reward		7
68210	F-MIỀN ĐẤT HỨA	2025-07-16 00:00:00	2025-07-21 00:00:00	task,lottery,growth,game,group,rank,reward		7
68211	F-MIỀN ĐẤT HỨA	2025-07-23 00:00:00	2025-07-28 00:00:00	task,lottery,growth,game,group,rank,reward		7
68237	ID - GALA Game	2025-07-04 00:00:00	2025-07-13 00:00:00	task,lottery,game,collection,rank,reward		7
68275	Recharge Mania-July	2025-07-01 00:00:00	2025-07-31 23:59:59	task,lottery,growth,rank,recharge,reward		7
68289	🎑 2-Month-New hosts level up🎑	2025-07-01 00:00:00	2025-08-01 00:00:00	task,lottery,growth,game,rank,reward		7
68303	Mid-Tier Booster Auto Rebate - Weekends	2025-07-01 00:00:00	2025-08-01 23:59:59	task,growth,collection,group,rank,reward		7
68313	50% Auto Rebate Level Up Challenge Part 1 - July 2025	2025-07-05 16:44:05	2025-08-01 13:37:33	task,growth,collection,group,rank,reward		7
68314	50% Auto Rebate Level Up Challenge Part 2 - July 2025	2025-07-05 00:00:00	2025-08-01 23:59:59	task,growth,collection,group,rank,reward		7
68315	53% Auto Rebate- July 2025	2025-07-04 10:22:08	2025-08-01 23:59:59	task,growth,collection,group,rank,reward		7
68316	57% Auto Rebate- July 2025	2025-07-05 00:00:00	2025-08-01 23:59:59	task,growth,collection,group,rank,reward		7
68320	Mid-Tier Booster Auto Rebate -  Weekdays	2025-07-01 00:00:00	2025-08-01 23:59:59	task,growth,collection,group,rank,reward		7
68329	FRBE LIVE Marathon - 202507	2025-07-01 00:00:00	2025-07-31 23:59:59	task,growth,stage,rank,reward	https://static-fed.bigolive.tv/live/pages/bigolive/act-61781-k65ebZ/index.html	7
68350	ANZ July Domino Run!	2025-07-31 14:00:00	2025-08-05 23:59:59	shop,game,collection,stage,rank,recharge,reward		7
68358	M - NGÔI SAO TƯƠNG LAI - 01-31/07	2025-07-01 00:00:00	2025-07-31 23:59:59	task,lottery,growth,collection,rank,reward		7
68359	U-Xem live rinh ngay quà khủng-01-31/07	2025-07-01 00:00:00	2025-08-01 00:00:00	task,lottery,growth,rank,recharge,reward		7
68367	Earn-a-Bean Challenge	2025-07-01 00:00:00	2025-07-14 23:59:59	task,growth,game,rank,recharge,reward		7
68416	SEND TO WIN FAM.! - JULY 2025	2025-07-08 00:00:11	2025-07-31 23:59:59	task,lottery,game,group,rank,reward		7
68435	Come to Support your TW/HK Hosts!	2025-07-07 19:30:00	2025-07-12 23:59:59	lottery,stage,group,rank,recharge,reward		7
68438	NEWBIE AGENCY EVOLUTION TASKS	2025-07-01 00:00:00	2026-01-01 00:00:00	task,game,reward	https://activity.bigo.tv/live/act/banner-aggregation2/index.html?id=1592841294|https://activity.bigo.tv/live/act/banner-aggregation2/index.html?id=1601374728	7
68444	MM Mid Gala-User(July 2025)	2025-07-04 00:00:00	2025-07-12 23:59:59	lottery,game,group,rank,recharge,reward		7
68449	ID - GO! PK Right Now!	2025-07-01 00:00:00	2025-07-31 14:00:00	lottery,game,stage,rank,reward	https://activity.bigo.tv/live/act/act_15180/index.html?compe_id=1746183742114979	7
68456	Rising Star July	2025-07-01 00:00:00	2025-07-31 23:59:59	task,growth,game,collection,rank,reward		7
68515	MM HQ Host MidGala 2025-Main Match	2025-07-01 12:51:52	2025-07-31 23:59:59	stage,rank,reward	https://static-fed.bigolive.tv/live/pages/bigolive/mid-festival-anchor-2025/index.html?lang=mm	7
68520	루키 회장님의 GALA 페스티벌!	2025-07-13 00:00:00	2025-07-17 23:59:59	lottery,game,collection,rank,recharge,reward		7
68528	ANZ-HK/TW August Gifts Rush!	2025-08-05 19:00:00	2025-08-15 23:59:59	task,growth,stage,rank,recharge,reward		7
68533	Bida Global: Gift & Glory	2025-07-02 00:00:00	2025-08-01 00:00:00	task,growth,game,rank,reward		7
68534	Mid Year Gala: PK Crown	2025-07-02 00:00:00	2025-08-01 00:00:00	task,lottery,game,rank,reward		7
68626	Family Rush Week August 2025	2025-08-01 17:00:00	2025-08-18 23:00:00	task,lottery,growth,collection,group	https://static-fed.bigolive.tv/live/pages/bigolive/family-detail/index.html#/family/list?firstpage=true	7
68628	Fan-Fueled Host Battle	2025-07-05 00:00:00	2025-07-22 00:00:00	growth,game,stage,rank,recharge,reward		7
68639	KH-Mid Year Gala HQ Rank	2025-07-03 00:00:00	2025-07-12 12:59:59	stage,rank,reward	https://static-fed.bigolive.tv/live/pages/bigolive/mid-festival-anchor-2025/index.html	7
68791	July 4th Recharge Bonus Event	2025-07-03 23:59:59	2025-07-05 00:00:00	task,lottery,game,collection,rank,recharge,reward		7
68812	Gala Tycoon: Treasures of Thai&Laos---July 2025	2025-07-02 21:57:22	2025-07-31 23:59:59	task,lottery,stage,rank,reward		7
68813	Yeni BIGOculara Özel	2025-07-07 00:00:00	2025-08-01 00:00:00	task,lottery,growth,game,rank,recharge,reward		7
68818	حصريًا للمستخدمين الجدد	2025-07-29 16:40:56	2025-08-01 00:00:00	task,lottery,growth,game,rank,recharge,reward		7
68819	Glücksrad für Neue	2025-07-07 00:00:00	2025-08-01 00:00:00	task,lottery,growth,game,rank,recharge,reward		7
68820	Dach top streamer task july	2025-07-13 00:00:00	2025-07-18 00:00:00	task,lottery,game,collection,rank,reward		7
68821	Dach new talent show July	2025-07-13 00:00:00	2025-07-31 00:00:00	lottery,growth,game,collection,rank,reward		7
68894	Summer Star Quest	2025-07-06 00:00:00	2025-07-29 23:59:59	task,lottery,game,rank,recharge,reward		7
69103	Middle Month Level up Auto Rebate(a-s2)	2025-07-14 00:00:00	2025-07-18 22:00:00	task,growth,collection,rank,reward		7
69258	Agency Daily Ranking - July	2025-07-16 00:00:00	2025-07-30 23:59:59	task,growth,group,rank,recharge,reward		7
69375	UK Potential Family Clash (19-31 July)	2025-07-19 00:00:00	2025-07-31 23:59:59	game,group,rank,recharge,reward	https://activity.bigo.tv/live/act/act_14587/index.html?area=GB	7
69377	Throne Seekers – UK Elite Family Challenge (19-31 July)	2025-07-19 00:00:00	2025-07-31 23:59:59	game,group,rank,recharge,reward	https://activity.bigo.tv/live/act/act_14587/index.html?area=GB	7
69444	UK PK League 🚀	2025-07-24 19:00:00	2025-08-01 06:59:59	task,growth,game,rank,reward		7
69467	ID - Indonesia Family 2025 MID-YEAR GALA 🏠 Family	2025-07-23 00:00:00	2025-07-31 14:00:00	lottery,game,collection,group,rank,reward		7
69514	ID - GALA Game	2025-07-23 00:00:00	2025-08-01 00:00:00	task,lottery,game,collection,rank,reward		7
69701	New Star (August 2025)	2025-08-01 12:00:00	2025-08-31 23:59:59	task,lottery,growth,game,rank,reward		7
69746	ANZ HOST LEVEL LOCKDOWN	2025-07-25 00:00:00	2025-07-30 23:59:59	task,growth,game,stage,rank,recharge,reward		7
69794	dhytab活动总任务	2025-07-25 14:25:09	2025-07-25 20:21:18	task,growth,game,collection,rank,recharge		7
69797	특권 3단계 룰렛	2025-08-01 00:00:00	2025-09-01 00:00:00	task,lottery,growth,game,rank,recharge,reward		7
69813	dhytab活动总任务1	2025-07-25 15:33:31	2025-07-25 20:21:18	task,growth,game,collection,rank,recharge		7
69870	Mid-Tier Booster Auto Rebate - Weekends August	2025-07-31 00:00:00	2025-09-01 23:59:59	task,growth,collection,group,rank,reward		7
69905	F-MIỀN ĐẤT HỨA	2025-08-13 00:00:00	2025-08-18 00:00:00	task,lottery,growth,game,group,rank,reward		7
69910	F-MIỀN ĐẤT HỨA	2025-08-27 00:00:00	2025-09-01 00:00:00	task,lottery,growth,game,group,rank,reward		7
69921	MM Auto Spin it-New Host(Aug 2025)	2025-08-01 00:00:00	2025-08-31 23:59:59	task,lottery,growth,game,reward	https://activity.bigo.tv/live/act/banner-aggregation2/index.html?id=1594357030	7
70038	حصريًا للمستخدمين الجدد	2025-08-04 00:00:00	2025-09-01 00:00:00	task,lottery,growth,game,rank,recharge,reward		7
70140	Diamantes Sembrados Agosto	2025-08-05 00:00:00	2025-08-13 00:00:00	lottery,game,collection,stage,rank,recharge,reward		7
70256	UK family August daily task	2025-08-07 00:00:00	2025-08-12 23:59:59	task,growth,group,rank,recharge,reward		7
70264	Diamonds Battles-Aug	2025-08-05 00:00:00	2025-08-11 23:59:59	task,game,collection,stage,rank,recharge,reward		7
70286	53% Auto Rebate- Aug 2025	2025-08-04 10:22:08	2025-09-01 23:59:59	task,growth,collection,group,rank,reward		7
70372	Daily Recharge Shimmer Diamond Hunt	2025-08-01 00:00:00	2025-08-10 23:59:59	task,growth,stage,rank,recharge,reward		7
70377	TH-Family (User) DIY August 2025	2025-08-12 00:00:00	2025-08-20 00:00:00	task,lottery,game,group,rank,reward		7
70386	U-Xem live rinh ngay quà khủng-01-31/08	2025-08-01 00:00:00	2025-09-01 00:00:00	task,lottery,growth,rank,recharge,reward		7
70639	BBR - 0808-0814 Daily Rebate Ladder: Up to 58% Rebate	2025-08-08 00:00:00	2025-08-31 23:59:59	task,lottery,growth,collection,rank,reward		7
70642	Daily Dash	2025-08-11 00:00:00	2025-08-21 00:00:00	task,lottery,growth,game,rank,reward		7
70758	ID - Gala Star ⭐️Family	2025-08-20 00:00:00	2025-08-22 20:30:00	lottery,game,group,rank,recharge,reward		7
70771	August Weekly Level Up Competition	2025-08-08 09:00:00	2025-08-31 23:59:59	growth,stage,group,rank,recharge	https://static-fed.bigolive.tv/live/pages/bigolive/act-49334/index.html	7
71271	Be Back & Win Big	2025-08-20 00:00:00	2025-08-31 23:59:59	task,lottery,game,collection,rank,recharge,reward		7
71509	You are the next SVIP	2025-08-27 12:00:00	2025-08-31 23:59:59	task,lottery,game,group,rank,recharge,reward		7
66511	U- Du lịch đến Châu Âu	2025-06-02 12:19:07	2025-06-10 00:00:00	lottery,game,collection,rank,recharge,reward		6
66512	U- ĐẠI TIỆC THƯỢNG LƯU	2025-06-12 00:00:00	2025-06-18 23:59:59	lottery,game,collection,rank,recharge,reward		6
66513	U- vòng quay may mắn	2025-06-19 00:00:00	2025-06-24 00:00:00	lottery,game,collection,rank,recharge,reward		6
66518	F-MIỀN ĐẤT HỨA	2025-06-04 00:00:00	2025-06-09 00:00:01	task,lottery,growth,game,rank,reward		6
66525	패밀리 PK대전	2025-06-10 00:00:00	2025-06-19 00:00:00	game,collection,group,rank,recharge,reward		6
66542	U-Hoạt động chào mừng trở lại!	2025-06-01 00:00:00	2025-06-30 23:59:59	lottery,game,collection,rank,recharge,reward		6
66570	F-MIỀN ĐẤT HỨA	2025-06-11 00:00:00	2025-06-16 00:00:01	task,lottery,growth,game,rank,reward		6
66571	F-MIỀN ĐẤT HỨA	2025-06-18 00:00:00	2025-06-23 00:00:01	task,lottery,growth,game,rank,reward		6
66598	🎑 2-Month-New hosts level up🎑	2025-06-01 00:00:00	2025-07-01 00:00:00	task,lottery,growth,rank,reward		6
66599	🎑 3-Month-New hosts level🎑	2025-06-06 00:00:00	2025-07-01 00:00:00	task,lottery,growth,rank,reward		6
66606	Bienvenidos a Bigo🎁 reclama premios diarios en Junio	2025-06-03 00:00:00	2025-07-01 00:00:00	lottery,collection,stage,rank,recharge,reward		6
66610	BIGO TV: HOT TEA HOT TAKES	2025-06-02 00:00:00	2025-06-26 23:59:59	task,lottery,game,collection,rank,reward		6
66648	Dach may new streamer daily pk task	2025-08-08 00:00:00	2025-09-01 00:00:00	task,growth,game,rank,reward		6
66650	Dach top streamer task May	2025-06-06 00:00:00	2025-06-14 00:00:00	task,lottery,game,collection,rank,reward		6
66653	ANZ Auto Rebate Rush - June 2025	2025-06-01 00:00:00	2025-06-30 23:59:59	task,lottery,growth,rank,reward		6
66658	TH➖Purple Topup Ranking 6-12 June 25➖	2025-06-06 00:00:00	2025-06-13 00:00:00	lottery,game,group,rank,recharge,reward		6
66664	TH Black Topup Ranking 20-26 June 25	2025-06-20 00:00:00	2025-06-27 00:00:00	lottery,game,group,rank,recharge,reward		6
66672	ANZ Special-Offer Auto Rebate Rush - June 2025	2025-06-01 00:00:00	2025-06-30 23:59:59	task,lottery,growth,rank,reward		6
66679	Spoiled Royals	2025-06-01 09:00:00	2025-06-04 23:59:59	growth,collection,rank,reward		6
66680	패밀리의 역습	2025-06-21 00:00:00	2025-06-24 00:00:00	game,collection,group,rank,recharge,reward		6
66684	FRBE  Nouveau départ -202506	2025-06-06 00:00:00	2025-06-30 23:59:59	lottery,shop,collection,rank,recharge,reward		6
66687	🎁 Sorpresa por tu primera recarga	2025-06-06 00:00:00	2025-06-30 23:59:59	task,growth,stage,rank,recharge,reward		6
66689	TH PP The Fun Gamer 1-7 June 2025 👏🏻	2025-06-01 00:00:00	2025-06-08 00:00:00	lottery,game,rank,reward	https://static-fed.bigolive.tv/live/pages/bigolive/act-84747-OLaroV/index.html	6
66708	SVIP Event-Auto Extra Exchange	2025-06-01 00:00:00	2025-06-30 23:59:59	task,lottery,shop,game,rank,reward		6
66735	DACH SVIP Auflade-Aufgabe	2025-06-21 00:00:00	2025-06-30 23:59:59	task,growth,rank,recharge,reward		6
66752	Zona RVIP LATAM Junio 2025	2025-06-01 00:00:00	2025-06-30 23:59:59	lottery,stage,rank,recharge,reward		6
66755	Día Loco Junio	2025-06-01 00:00:00	2025-07-01 00:00:00	task,growth,game,rank,reward		6
66766	💎TOP UP AND SPEND EVENT💎: (01 JUNE 00:00 - 07 JUNE 23:59) 300K	2025-06-01 00:00:00	2025-06-07 23:59:59	game,stage,group,rank,recharge,reward		6
66767	Patriot's Path	2025-06-01 00:00:00	2025-06-04 23:59:59	task,lottery,growth,stage,recharge,reward		6
66775	TH - Family (VJ) DIY	2025-06-16 00:00:00	2025-06-23 00:00:00	lottery,game,group,rank,reward		6
66838	日榜数据_Mid-Year Family GALA X Malay Hos	2025-06-01 00:00:00	2025-06-16 19:59:59	lottery,group,rank,reward		6
66855	NL&NE-SVIP Leaderboard June	2025-06-02 00:00:00	2025-06-30 18:00:00	shop,game,stage,rank,recharge,reward		6
66881	Crazy Tuesday: Super Lucky Gifts Bomb	2025-06-01 00:00:00	2025-06-30 17:59:59	task,lottery,stage,rank,recharge,reward		6
66969	DAILY STAR1-June	2025-06-12 00:00:01	2025-06-18 23:59:59	task,lottery,game,rank,recharge,reward		6
66971	النجم الجديد	2025-06-03 00:00:00	2025-06-09 23:59:59	lottery,game,rank,reward	https://activity.bigo.tv/live/act/act_15180/index.html?compe_id=1743349209593479#/schedule	6
66972	النجم الجديد	2025-06-11 00:00:00	2025-06-17 23:59:59	lottery,game,rank,reward	https://activity.bigo.tv/live/act/act_15180/index.html?compe_id=1746708796047943#/schedule	6
66974	النجم الجديد	2025-06-19 00:00:00	2025-06-24 23:59:59	lottery,game,rank,reward	https://activity.bigo.tv/live/act/act_15180/index.html?compe_id=1741359120721329	6
66975	النجم الجديد	2025-06-26 00:00:00	2025-06-30 23:59:59	lottery,game,rank,reward	https://activity.bigo.tv/live/act/act_15180/index.html?compe_id=1743349209593479#/schedule	6
66976	Family Active Legends (5-18 June)	2025-06-05 00:00:00	2025-06-18 23:59:59	lottery,game,group,rank,recharge,reward		6
66981	Family Happy Wheel (19-30 June)	2025-06-19 00:00:00	2025-06-30 23:59:59	lottery,growth,group,rank,recharge,reward		6
66988	Top Up Galore - Top Up Event	2025-06-05 00:00:00	2025-06-10 23:59:59	task,lottery,game,rank,recharge,reward		6
66997	¡Carrera de la Hora! ✌️04/Junio	2025-06-03 16:08:58	2025-06-06 23:59:59	game,stage,rank,reward	https://static-fed.bigolive.tv/live/pages/bigolive/anchor-recurit/sign.html	6
67009	Mid Year GALA Recharge Ranking Registration Form	2025-06-03 16:00:00	2025-06-30 23:59:59	task,group,rank,recharge,reward		6
67052	Patriot's Path	2025-06-05 00:00:00	2025-06-10 23:59:59	task,lottery,growth,stage,recharge,reward		6
67069	June Diamond Rush!	2025-06-09 20:30:00	2025-06-30 23:59:59	task,growth,stage,rank,reward		6
67091	BBR - RUSH & SPIN FESTIVAL	2025-06-05 00:00:00	2025-06-08 23:59:59	lottery,collection,rank,reward		6
67094	Rising Host Challenger Week	2025-06-11 00:00:00	2025-06-18 00:00:00	task,growth,game,rank,reward		6
67183	FAM PAYDAY Treasures June	2025-06-09 00:00:00	2025-06-15 23:59:59	task,game,group,rank,reward		6
67188	ANZ Fam June: Send to Win FAM!	2025-06-16 00:00:00	2025-06-23 23:59:59	lottery,game,group,rank,reward		6
67198	From NP to G	2025-06-10 00:00:00	2025-07-01 00:00:00	task,lottery,game,collection,rank,reward		6
67200	GLOBAL GIFTING --- June International Event	2025-06-05 17:16:22	2025-07-01 00:00:00	task,lottery,growth,game,rank,reward		6
67235	June Peak Performers: Pride Leaderboard	2025-06-16 00:00:00	2025-07-06 00:00:00	task,game,collection,group,rank,reward		6
67236	BBR - Daily Rebate Ladder: Up to 58% Rebate	2025-06-09 00:00:00	2025-06-15 23:59:59	task,growth,game,rank,reward		6
67262	Pinoy Power Hour: USCA	2025-06-12 00:00:00	2025-07-02 00:00:00	task,growth,game,stage,rank,reward		6
67286	Ao Vivo, Ao Dourado 202506	2025-06-11 00:00:00	2025-07-02 23:59:59	task,growth,game,rank,reward		6
67346	ID - Malam Pesta Emas✨  Family	2025-06-12 00:00:00	2025-06-19 00:00:00	lottery,game,collection,group,rank,reward		6
67354	ID - Dibubu theme park 🎠User	2025-06-20 15:00:00	2025-06-27 00:00:00	lottery,game,rank,recharge,reward		6
67411	June Beans Rush - Recharge Event	2025-06-11 00:00:00	2025-06-30 23:59:59	task,growth,rank,recharge,reward		6
67426	Rising Star	2025-06-11 00:00:00	2025-06-17 23:59:59	task,growth,game,rank,reward		6
67448	Dia louco-06/2025	2025-06-13 00:00:00	2025-07-01 00:00:00	task,growth,game,rank,reward		6
67478	June Bonus: 3-6 months signed host	2025-06-11 14:50:15	2025-07-01 00:00:00	task,lottery,growth,rank,reward		6
67482	BBR - 0613-0615 Roar & Score	2025-06-13 00:00:00	2025-06-15 23:59:59	lottery,game,collection,rank,reward		6
67489	깜짝! 디노 팝업스토어 오픈!	2025-06-18 00:00:00	2025-06-30 23:59:59	lottery,game,collection,rank,recharge,reward		6
67515	TH-Family (User) DIY 16-22 June	2025-06-16 00:00:00	2025-06-23 00:00:00	lottery,game,group,rank,reward		6
67516	ID-New family bonus time	2025-06-18 11:00:00	2025-06-30 23:59:59	lottery,game,group,rank,recharge,reward		6
67633	July Bonanza 13 - 19 Special!	2025-07-13 00:00:00	2025-07-19 23:59:59	task,stage,group,rank,recharge,reward		6
67711	Welcome to Bigo Live with DINO Thailand	2025-06-18 15:00:00	2026-06-17 00:00:00	game,collection	https://static-fed.bigolive.tv/live/pages/bigolive/act-39011/index.html|https://static-fed.bigolive.tv/live/pages/bigolive/live-data/index.html?enter=1&isAgent=1	6
67714	TH - Family VJ Party : 21 -29 JUNE	2025-06-21 00:00:00	2025-06-30 00:00:00	task,lottery,collection,group,rank,reward		6
67720	June - Crown Contest 👑	2025-06-19 07:00:00	2025-06-24 08:00:00	task,stage,group,rank,reward		6
67750	Event tự hoàn thưởng 35%	2025-07-01 00:00:00	2025-07-31 23:59:59	task,growth,game,rank,reward		6
67752	Event tự hoàn thưởng 20%	2025-07-01 00:00:00	2025-07-31 23:59:59	task,growth,game,rank,reward		6
67754	Event tự hoàn thưởng 6%	2025-07-01 00:00:00	2025-07-31 23:59:59	task,growth,game,rank,reward		6
67756	Event tự hoàn thưởng 4%	2025-07-01 00:00:00	2025-07-31 23:59:59	task,growth,game,rank,reward		6
67814	Happy June	2025-06-23 00:00:00	2025-06-30 23:59:59	task,growth,game,collection,rank,reward		6
67840	FM-NẠP NGAY THƯỞNG NÓNG	2025-06-25 00:00:00	2025-06-28 00:00:00	task,growth,rank,recharge,reward		6
67888	디노 굿즈 페스티벌 오픈!	2025-07-18 00:00:00	2025-07-30 23:59:59	lottery,game,collection,rank,recharge,reward		6
67902	ANZ HOST LEVEL LOCKDOWN	2025-06-24 00:00:00	2025-06-29 00:00:00	task,growth,stage,rank,recharge,reward		6
67904	🌳👑Durian Showdown: Jamuan Durian VVIP👑🌳	2025-07-01 00:00:00	2025-07-31 23:59:59	lottery,collection,group,rank,reward		6
67955	Spin Fest: 10 Days of Luck-July 2025	2025-07-01 10:00:00	2025-07-10 22:00:00	lottery,game,collection,group,rank,reward		6
67958	Mission to Ohana-Diamond Elite-Week2 July 2025	2025-07-01 00:00:00	2025-07-31 23:59:59	task,growth,group,rank,reward		6
67959	Mission to Ohana Week 2--- USCA Family Event July 2025	2025-07-01 00:00:00	2025-07-31 23:59:59	task,growth,group,rank,reward		6
68015	Стрим зарядка 🔋	2025-07-03 00:00:00	2025-08-01 00:00:00	task,growth,game,rank,reward		6
68020	June - Beans Dash ✨	2025-06-26 07:00:00	2025-07-01 06:59:59	task,growth,collection,rank,reward		6
68046	팸으로, 루키 회장님	2025-07-08 00:00:00	2025-07-15 23:59:59	lottery,game,collection,rank,recharge,reward		6
68047	Lucky Bigoer Julio	2025-07-01 00:00:00	2025-07-04 23:59:59	lottery,game,rank,reward	https://static-fed.bigolive.tv/live/pages/bigolive/bigo-Institute/index.html	6
68055	Bonus June 2025	2025-06-28 00:00:00	2025-07-02 23:59:59	lottery,game,collection,stage,recharge,reward		6
68070	July Daily Ladder Challenge - B	2025-07-02 00:00:00	2025-08-01 00:00:00	task,growth,game,rank,reward		6
68072	July Daily Ladder Challenge - D	2025-07-02 00:00:00	2025-08-01 00:00:00	task,growth,game,rank,reward		6
68074	July Daily Ladder Challenge - NEW TIER	2025-07-02 00:00:00	2025-08-01 00:00:00	task,growth,game,rank,reward		6
68075	FRBE  Nouveau départ -202507	2025-07-06 00:00:00	2025-07-31 23:59:59	lottery,shop,collection,rank,recharge,reward		6
68097	Family Active Legends (1-14 July)	2025-07-01 00:00:00	2025-07-14 23:59:59	lottery,game,group,rank,recharge,reward		6
68101	Family Happy Wheel (6-15 July)	2025-07-06 00:00:00	2025-07-15 23:59:59	lottery,growth,group,rank,recharge,reward		6
68118	Dino Pay Mania: Spin to Win!---June Recharge Event	2025-06-25 15:39:03	2025-07-31 23:59:59	lottery,game,collection,rank,recharge,reward		6
68119	Double Ranking Event	2025-06-26 00:00:00	2025-07-04 23:59:59	lottery,game,collection,rank,recharge,reward		6
68129	U-Hoạt động chào mừng trở lại- 1-31/7	2025-07-01 00:00:00	2025-07-31 23:59:59	lottery,game,collection,rank,recharge,reward		6
68130	U- Vòng Quay May Mắn kỳ 1- 4-12/7	2025-07-04 00:00:00	2025-07-12 23:59:59	lottery,game,collection,rank,recharge,reward		6
68132	U- CAO THỦ VÔ SONG kỳ 3- 18-22/7	2025-07-18 00:00:00	2025-07-22 23:59:59	lottery,game,collection,rank,recharge,reward		6
68136	TH-SUPER PK JULY 2025 (Gala Special)	2025-07-01 00:00:00	2025-08-01 00:00:00	game,rank,reward	https://activity.bigo.tv/live/act/act_15180/index.html?compe_id=1752136724044574	6
68157	Dia louco-07/2025	2025-07-01 00:00:00	2025-08-01 00:00:00	task,growth,game,rank,reward		6
68162	Sorteio ao Fim de Semana 202507	2025-07-26 00:00:00	2025-07-27 23:59:59	lottery,game,collection,stage,rank,reward		6
68180	ANZ Auto Rebate Rush - July 2025	2025-07-01 00:00:00	2025-07-31 23:59:59	task,growth,stage,rank,reward		6
68182	Suerte Sin Fronteras 🌍✨	2025-07-01 00:00:00	2025-08-01 00:00:00	lottery,game,collection,rank,reward		6
68185	TH - MID-YEAR GALA CARNIVAL 1-11 July	2025-07-01 00:00:00	2025-07-12 00:00:00	task,lottery,game,rank,reward		6
68196	ANZ Weekend Auto Rebate - Aug 2025	2025-08-01 00:00:00	2025-08-31 23:59:59	task,growth,stage,rank,reward		6
68212	Bienvenidos a Bigo🎁 reclama premios diarios en Julio	2025-07-01 00:00:00	2025-08-01 00:00:00	lottery,collection,stage,rank,recharge,reward		6
68254	TH - Mid Year Gala 7 Special Event 2025	2025-07-01 00:00:00	2025-08-01 00:00:00	game,reward	https://static-fed.bigolive.tv/live/pages/bigolive/mid-festival-anchor-2025/index.html?lang=TH	6
68263	ID-Beans exchange carnival（16-18 July）	2025-07-16 11:00:00	2025-07-18 23:59:59	lottery,shop,game,group,rank,reward		6
68290	Rise to Fame	2025-07-01 00:00:00	2025-08-01 00:00:00	task,lottery,growth,rank,reward		6
68294	Strive & Conquer	2025-07-01 00:00:00	2025-08-01 00:00:00	task,lottery,growth,rank,reward		6
68306	Double Ranking Event	2025-06-27 17:13:00	2025-07-04 23:59:59	lottery,game,collection,rank,recharge,reward		6
68307	Dino Pay Mania: Spin to Win!---June Recharge Event	2025-06-27 18:20:19	2025-07-31 23:59:59	lottery,game,collection,rank,recharge,reward		6
68309	Dino Pay Mania: Spin to Win!---June Recharge Event Spin 3	2025-06-27 18:20:19	2025-07-31 23:59:59	lottery,game,collection,rank,recharge,reward		6
68321	루키팸의 두근두근 여행일지	2025-07-01 00:00:00	2025-08-01 00:00:00	game,collection,group,rank,recharge,reward		6
68323	패밀리 PK대전	2025-07-10 00:00:00	2025-07-20 00:00:00	game,collection,group,rank,recharge,reward		6
68344	Welcome back! Check your gifts!	2025-06-30 11:35:34	2025-10-31 00:00:00	lottery,game,collection,rank,reward		6
68351	SVIP Event-Auto Extra Exchange	2025-07-01 00:00:00	2025-07-31 23:59:59	task,lottery,shop,game,rank,reward		6
68369	Star Boost Ranking ⭐️	2025-07-01 00:00:00	2025-07-07 23:59:59	task,game,rank,reward	https://static-fed.bigolive.tv/live/pages/bigolive/act-49334/index.html#/apply49334/1594	6
68374	7月新人王決定戦🔰	2025-07-01 00:00:00	2025-07-31 23:59:59	task,growth,game,stage,rank,reward		6
68388	TH★Black Topup Ranking 4-10 July 25★	2025-07-04 00:00:00	2025-07-11 00:00:00	lottery,game,group,rank,recharge,reward		6
68389	TH🟣Purple Topup Ranking 4-10 July 25🟣	2025-07-04 00:00:00	2025-07-11 00:00:00	lottery,game,group,rank,recharge,reward		6
68390	TH🌟Gold Topup Ranking 11-17 July 25🌟	2025-07-11 00:00:00	2025-07-18 00:00:00	lottery,collection,group,rank,recharge,reward		6
68393	TH🟣Purple Topup Ranking 11-17 July 25🟣	2025-07-11 00:00:00	2025-07-18 00:00:00	lottery,game,group,rank,recharge,reward		6
68394	TH🌟Gold Topup Ranking 18-24 July 25🌟	2025-07-18 00:00:00	2025-07-25 00:00:00	lottery,game,group,rank,recharge,reward		6
68410	FAMILY LEADERS RECRUITMENT+PLUS - AUG 2025	2025-08-01 00:00:11	2025-08-31 23:59:59	group,reward	https://activity.bigo.tv/live/act/act_26289/index.html|https://static-fed.bigolive.tv/live/pages/bigolive/family-detail/index.html	6
68430	日榜数据_🌳👑Durian Showdown: Jamuan Durian VVIP👑🌳	2025-07-01 00:00:00	2025-07-31 23:59:59	lottery,collection,group,rank,reward		6
68441	MM Mid Gala - Host (July 2025)	2025-07-04 00:00:00	2025-07-12 23:59:59	lottery,game,group,rank,reward		6
68478	Crazy Tuesday: Super Lucky Gifts Bomb July	2025-07-01 00:00:00	2025-07-31 17:59:59	task,lottery,stage,rank,recharge,reward		6
68502	Día Loco Julio	2025-07-01 00:00:00	2025-08-01 00:00:00	task,growth,game,rank,reward		6
68507	💎Nova Política de Família! - Julho	2025-07-01 00:00:00	2025-08-05 00:00:00	group,reward	https://activity.bigo.tv/live/act/act_26289/index.html|https://static-fed.bigolive.tv/live/pages/bigolive/family-detail/index.html#/family/list?firstpage=true	6
68513	July Bigo Orientation backstage	2025-07-01 12:00:00	2025-07-31 23:59:59	task,growth,game,stage,rank,reward		6
68514	July Diamond Rush!	2025-07-23 14:30:00	2025-07-31 23:59:59	task,growth,stage,rank,reward		6
68569	４都市掲載！~秋の特大広告~ HALLOWEEN広告モデル決定戦　 後編	2025-07-11 00:00:00	2025-08-20 21:59:59	lottery,game,collection,stage,rank,reward		6
68613	I-VƯƠNG QUYỀN HẠ CHIẾN	2025-07-04 00:00:00	2025-07-12 23:59:59	game,rank,reward	https://static-fed.bigolive.tv/live/pages/bigolive/act-49334/index.html#/apply49334/1284	6
68669	F-IDOL CHIẾN BIGO SUMMER 2025-BXH GIA TỘC	2025-07-04 00:00:00	2025-07-13 00:00:00	game,group,rank	https://activity.bigo.tv/live/act/banner-aggregation2/index.html?id=1592835216	6
68787	BIGO BEAN RUSH - 0704-0707 Fast Bean Mission	2025-07-04 00:00:00	2025-07-07 23:59:59	task,growth,collection,rank,reward		6
68793	Gala Tycoon: LATAM Legends---July 2025	2025-07-02 17:58:20	2025-07-31 23:59:59	task,lottery,game,rank,reward		6
68795	Gala Tycoon: Rise of Africa---July 2025	2025-07-02 17:58:20	2025-07-31 23:59:59	task,lottery,stage,rank,reward		6
68800	Gala Tycoon: Treasures of Thai&Laos ---July 2025	2025-07-02 20:58:20	2025-07-17 11:50:30	task,lottery,rank,reward		6
68802	年中盛典PK&主題房專屬	2025-07-04 00:00:00	2025-07-08 23:59:59	lottery,game,collection,rank,reward		6
68803	Gala Tycoon: Fortune of the East---July 2025	2025-07-02 20:58:20	2025-07-31 23:59:59	task,lottery,stage,rank,reward		6
68807	Gala Tycoon: Philippines Edition---July 2025	2025-07-02 21:43:26	2025-07-31 23:59:59	task,lottery,stage,rank,reward		6
68809	Gala Tycoon: LATAM Legends---July 2025	2025-07-02 21:48:44	2025-07-31 23:59:59	task,lottery,stage,rank,reward		6
68811	Gala Tycoon: Vietnam Edition---July 2025	2025-07-02 21:49:31	2025-07-31 23:59:59	task,lottery,stage,rank,reward		6
68814	Gala Tycoon: MENA Majesty---July 2025	2025-07-02 21:57:22	2025-07-31 23:59:59	task,lottery,stage,rank,reward		6
68817	💎TOP UP AND SPEND EVENT💎: (04 JULY 00:00 - 07 JULY 23:59)	2025-07-04 00:00:00	2025-07-07 23:59:59	game,stage,group,rank,recharge,reward		6
68833	大馬星耀之夜	2025-07-04 00:00:00	2025-07-11 23:59:59	lottery,game,collection,rank,reward		6
68836	ID - PK Country (AUG)	2026-03-06 16:55:00	2026-12-31 16:55:00	game	https://activity.bigo.tv/live/act/act_15180/index.html?compe_id=1688985180620544|https://activity.bigo.tv/live/act/act_15180/index.html?compe_id=1727694709438790|https://activity.bigo.tv/live/act/act_15180/index.html?compe_id=1738582910699080|https://activity.bigo.tv/live/act/act_15180/index.html?compe_id=1767603153816654|https://activity.bigo.tv/live/act/act_15180/index.html?compe_id=1775815016776101|https://activity.bigo.tv/live/act/act_15180/index.html?compe_id=1779960538515921	6
68841	ID-June family combat points reward	2025-07-04 00:00:00	2025-08-01 00:00:00	game,group,rank,reward		6
68873	湖中女神降臨	2025-07-06 00:00:00	2025-07-31 23:59:59	lottery,growth,game,rank,reward		6
68874	F-GIA TỘC ĐẾ VƯƠNG BIGO SUMMER 2025	2025-07-05 00:00:00	2025-08-16 00:00:00	game	https://activity.bigo.tv/live/act/act_14587/index.html?area=VN|https://activity.bigo.tv/live/act/banner-aggregation2/index.html?id=1592835216	6
68875	Tu Recarga, Su Momento Estelar	2025-07-09 00:00:00	2025-07-13 23:59:59	collection,stage,group,rank,recharge		6
69086	July Target Blitz	2025-07-14 00:00:00	2025-07-23 00:00:00	task,game,rank,reward	https://static-fed.bigolive.tv/live/pages/bigolive/act-49334/index.html#/apply49334/1599	6
69098	¡Carrera de la Hora! ✌️11 y 12/Julio	2025-07-11 00:00:00	2025-07-12 23:59:59	game,stage,rank,reward	https://static-fed.bigolive.tv/live/pages/bigolive/anchor-recurit/sign.html	6
69156	BIGO Family Mid-Year Gala 2025-User Guide Book	2025-07-10 17:40:56	2025-08-02 00:00:00	game,group	https://static-fed.bigolive.tv/live/pages/bigolive/mid-festival-family-2025/index.html	6
69178	F-CHIẾN THẦN BIGO SUMMER 2025	2025-07-13 00:00:00	2025-07-18 00:00:00	game,group,rank	https://activity.bigo.tv/live/act/banner-aggregation2/index.html?id=1592835216	6
69198	Estrella en Ascenso	2025-07-14 00:00:00	2025-07-30 00:00:00	task,growth,game,rank,reward		6
69261	Lucky Bigoer Julio	2025-07-16 00:00:00	2025-08-01 23:59:59	lottery,game,rank,reward	https://static-fed.bigolive.tv/live/pages/bigolive/bigo-Institute/index.html	6
69437	Event tự hoàn thưởng 20%	2025-08-01 00:00:00	2025-08-31 23:59:59	task,growth,game,rank,reward		6
69560	test coupon	2025-07-22 10:20:35	2025-12-22 09:57:49	lottery,game,collection,rank,recharge,reward		6
69574	U- Vòng Quay May Mắn kỳ 1- 3-9/8	2025-08-03 00:00:00	2025-08-09 23:59:59	lottery,game,collection,rank,recharge,reward		6
69666	August Daily Ladder Challenge - D Tier	2025-08-02 00:00:00	2025-08-31 23:59:59	task,growth,game,rank,reward		6
69689	Early Bird Auto Rebates(a-s2)	2025-08-01 00:00:00	2025-08-06 00:00:00	task,growth,game,rank,reward		6
69752	FRBE - Défi Quotidien du Dino - 202508	2025-08-01 00:00:00	2025-09-01 00:00:00	lottery,game,collection,rank,recharge,reward		6
69847	유저님들께 드리는 깜짝이벤트! Ver.2	2025-07-25 20:30:00	2025-07-28 23:59:59	lottery,game,collection,rank,recharge,reward		6
69857	BIGO Fastlane: San Francisco	2025-08-01 00:00:00	2025-08-05 00:00:00	task,growth,game,rank,reward		6
69882	Sorteio Pirata do Caribe 202508	2025-08-29 00:00:00	2025-08-31 23:59:59	lottery,game,collection,stage,rank,reward		6
69931	Dach top streamer task Aug	2025-08-19 00:00:00	2025-08-27 00:00:00	task,lottery,game,collection,rank,reward		6
69950	Dach may new streamer daily pk task aug	2025-08-08 00:00:00	2025-09-01 00:00:00	task,growth,game,rank,reward		6
69951	Rise to Fame	2025-08-01 00:00:00	2025-09-01 00:00:00	task,lottery,growth,rank,reward		6
69952	Strive & Conquer	2025-08-01 00:00:00	2025-09-01 00:00:00	task,lottery,growth,rank,reward		6
69991	Rising Star Campaign	2025-08-01 12:00:00	2025-08-31 23:59:59	task,lottery,growth,game,rank,reward		6
70028	Mid Year GALA Lucky Draw Registration Form	2025-08-01 00:00:00	2025-08-05 23:59:59	task,lottery,group,rank,reward		6
70092	Mission to Ohana Week 2--- USCA Family Event Aug 2025	2025-08-01 00:00:00	2025-08-31 23:59:59	task,growth,group,rank,reward		6
70204	U-Hoạt động chào mừng trở lại- 1-31/8	2025-08-01 00:00:00	2025-08-31 23:59:59	lottery,game,collection,rank,recharge,reward		6
70238	PK-TỐC CHIẾN 2025	2025-08-01 00:00:00	2025-09-01 00:00:00	game,rank	https://static-fed.bigolive.tv/live/pages/bigolive/act-49334/index.html#/apply49334/1681|https://static-fed.bigolive.tv/live/pages/bigolive/act-49334/index.html#/apply49334/1717	6
70240	New SVIP System Questionnaire	2025-07-31 00:00:00	2025-08-04 23:59:59	task,growth,game,collection,group,recharge		6
70258	Estación Sorpresa	2025-08-01 00:00:00	2025-08-31 23:59:59	lottery,collection,rank,reward	https://static-fed.bigolive.tv/live/pages/bigolive/anchor-recurit/sign.html	6
70547	七夕情緣	2025-08-07 00:00:00	2025-09-02 23:59:59	lottery,game,collection,rank,recharge,reward		6
70562	Crazy Game	2025-08-05 00:00:00	2025-08-12 00:00:00	task,growth,game,rank,reward		6
70677	패밀리 PK대전	2025-08-10 00:00:00	2025-08-20 00:00:00	game,collection,group,rank,recharge,reward		6
71015	dhy测试svip榜单非cp多选	2025-08-13 16:38:52	2025-08-14 20:00:00	game,stage,rank,recharge,reward		6
71060	Middle Month Level up Auto Rebate(0-e)	2025-08-20 00:00:00	2025-08-25 00:00:00	task,growth,game,rank,reward		6
71308	Month-End Showdown	2025-08-27 00:00:00	2025-08-31 23:59:59	task,growth,game,rank,reward		6
71328	تحدي ألألماس	2025-08-21 00:00:00	2025-08-31 23:59:59	task,growth,game,rank,recharge		6
71455	crazygame08/25-08/31	2025-08-25 00:00:00	2025-09-01 00:00:00	task,lottery,growth,game,rank,reward		6
71513	August Beans Rush (0826-0831)	2025-08-25 23:05:00	2025-08-31 23:59:59	task,game,rank,reward	https://static-fed.bigolive.tv/live/pages/bigolive/act-49334/index.html#/apply49334/1702	6
66500	Family PK Battle June	2025-06-01 00:00:00	2025-06-17 00:17:09	game,group,rank,reward		5
66507	📌左摟京站 右摟車站	2025-06-01 18:00:00	2025-06-10 23:59:59	lottery,game,collection,rank,reward		5
66560	Global Cheers TW/HK x NL/NE July	2025-07-01 00:00:00	2025-07-31 17:59:59	task,lottery,stage,rank,reward		5
66577	F-THU THẬP THẺ ĐẠI TIỆC THƯỢNG LƯU	2025-06-12 00:00:00	2025-06-19 00:00:00	game,collection,recharge	https://activity.bigo.tv/live/act/banner-aggregation2/index.html?id=1592835216	5
66604	Corona de recargas	2025-06-09 00:00:00	2025-06-13 23:59:59	collection,group,rank,recharge		5
66611	Bigo Stars: Live for Fun	2025-06-01 00:00:00	2025-06-30 23:59:59	lottery,game,collection,rank,reward		5
66625	떠나요, 둘이서	2025-06-03 00:00:00	2025-06-11 00:00:00	lottery,game,rank,recharge,reward		5
66638	PRE-SVIP Privilege Wonderland!-June	2025-06-01 00:00:00	2025-06-30 23:59:59	lottery,shop,collection,rank,reward		5
66639	LUCKY June! Instant Rewards 4 U!	2025-06-01 00:00:00	2025-06-30 23:59:59	task,lottery,game,rank,reward		5
66640	萬國嘉年華	2025-06-01 00:00:00	2025-06-15 23:59:59	game,collection,group,rank,reward		5
66656	TH🤝Gold Topup Ranking 6-12 June 25🤝	2025-06-06 00:00:00	2025-06-13 00:00:00	lottery,group,rank,recharge,reward		5
66657	TH☰Black Topup Ranking 6-12 June 25☰	2025-06-06 00:00:00	2025-06-13 00:00:00	lottery,group,rank,recharge,reward		5
66659	TH🏷️Gold Topup Ranking 13-19 June 25🏷️	2025-06-13 00:00:00	2025-06-20 00:00:00	lottery,group,rank,recharge,reward		5
66661	TH•‿•Black Topup Ranking 13-19 June 25•‿•	2025-06-13 00:00:00	2025-06-20 00:00:00	lottery,group,rank,recharge,reward		5
66662	TH©️Purple Topup Ranking 13-19 June 25©️	2025-06-13 00:00:00	2025-06-20 00:00:00	lottery,group,rank,recharge,reward		5
66663	TH🎫Gold Topup Ranking 20-26 June 25🎫	2025-06-20 00:00:00	2025-06-27 00:00:00	lottery,group,rank,recharge,reward		5
66665	TH👾Purple Topup Ranking 20-26 June 25👾	2025-06-20 00:00:00	2025-06-27 00:00:00	lottery,group,rank,recharge,reward		5
66666	TH🌟Gold Topup Ranking 27-3 July 25🌟	2025-06-27 00:00:00	2025-07-04 00:00:00	lottery,group,rank,recharge,reward		5
66667	TH★Black Topup Ranking 27-3 July 25★	2025-06-27 00:00:00	2025-07-04 00:00:00	lottery,group,rank,recharge,reward		5
66668	TH🟣Purple Topup Ranking 27-3 July 25🟣	2025-06-27 00:00:00	2025-07-04 00:00:00	lottery,group,rank,recharge,reward		5
66673	Mid Year Family GALA Spin	2025-06-01 00:00:00	2025-06-30 23:59:59	lottery,group,rank,reward		5
66699	M-QUÀ TẶNG BẠN MỚI-01-30/6	2025-06-01 00:00:00	2025-07-01 00:00:00	task,lottery,collection,rank,reward		5
66707	Yeni Bigocu Şanslı Çekiliş	2025-06-03 00:00:00	2025-06-30 23:59:25	lottery,growth,rank,recharge,reward		5
66726	June Gifter’s Kickoff! - Gifting Event	2025-06-01 00:00:00	2025-06-04 23:59:59	task,growth,rank,reward		5
66774	拳上格鬥賽	2025-06-02 00:00:00	2025-06-10 23:59:59	lottery,game,rank,recharge,reward		5
66806	I-IDOL THỰC CHIẾN K1T6	2025-06-02 11:00:00	2025-06-09 23:59:59	game,rank,reward	https://static-fed.bigolive.tv/live/pages/bigolive/act-49334/index.html#/apply49334/1284	5
66813	愛神見習班	2025-06-11 12:00:00	2025-06-20 23:59:59	lottery,collection,rank,recharge,reward		5
66830	【極秘】BIGO特別企画 ~あなただけへのチャージボーナス~	2025-06-04 00:00:00	2025-07-01 00:00:00	lottery,game,rank,recharge,reward		5
66853	June Bigo Orientation	2025-06-01 12:00:00	2025-06-30 23:59:59	task,growth,game,rank,reward		5
66896	F-LẠC LỐI TRỜI ÂU	2025-06-02 11:00:00	2025-06-10 00:00:00	game,group,rank	https://activity.bigo.tv/live/act/banner-aggregation2/index.html?id=1592835216	5
66908	June Bigo Orientation backstage	2025-06-01 12:00:00	2025-06-30 23:59:59	growth,game,stage,rank,reward		5
66944	Spotlight on Rising Stars	2025-06-02 15:00:00	2025-06-30 23:59:59	task,collection,stage,rank,reward		5
66963	Long Weekend Wheel	2025-06-06 00:00:00	2025-06-08 23:59:59	task,lottery,game,rank,reward		5
66973	NEW STAR June	2025-06-03 03:00:00	2025-06-30 23:59:59	lottery,shop,rank,recharge,reward		5
66982	FRBE Boîte Surprise 202506	2025-06-03 00:00:00	2025-06-09 23:59:59	lottery,game,collection,rank,reward		5
66990	BIGO之星	2025-06-05 00:00:00	2025-06-30 23:59:59	lottery,game,collection,rank,reward		5
66993	Gifting Galore - Gifting Event	2025-06-05 00:00:00	2025-06-10 23:59:59	task,growth,rank,reward		5
66995	💎Lets have other options💎	2025-06-04 00:00:00	2025-06-30 23:59:59	shop,game,collection,rank,recharge		5
66999	萌龍小幸運	2025-06-22 00:00:00	2025-06-26 23:59:59	lottery,collection,rank,recharge,reward		5
67007	Семейное Лето: 24-26 Июня	2025-06-24 00:00:00	2025-06-26 23:59:59	game,collection,stage,rank,reward		5
67039	Rising Family Adventure (6-19 June)	2025-06-06 00:00:00	2025-06-19 23:59:59	game,group,rank,reward		5
67060	EZ-Website National Day	2025-08-01 00:00:00	2025-08-31 23:59:59	lottery,game,rank,recharge,reward		5
67071	ID PK EVENT - 202506	2025-06-04 17:13:14	2025-07-03 00:00:00	game	https://activity.bigo.tv/live/act/act_15180/index.html?compe_id=1746183742114979|https://activity.bigo.tv/live/act/act_15180/index.html?compe_id=1750668992930488	5
67083	UK Family Tournament (18-24 June)	2025-06-18 00:00:00	2025-06-24 23:59:59	stage,group,rank,recharge,reward		5
67184	SVIP限定！ ルーレットチャレンジ	2025-06-11 00:00:00	2025-06-30 23:59:59	lottery,game,rank,recharge,reward		5
67193	Mid Agencies Level UP	2025-06-08 00:00:00	2025-06-11 23:59:59	task,growth,group,rank,reward		5
67194	Летнее настроение 🏝 (12-15.12)	2025-06-12 00:00:00	2025-06-16 00:00:00	lottery,rank,recharge,reward		5
67203	Step Up Challenge	2025-06-11 00:00:00	2025-06-21 00:00:00	task,lottery,game,rank,reward		5
67208	Come to Support your TW/HK Hosts!	2025-06-17 17:30:00	2025-06-20 23:59:59	lottery,group,rank,recharge,reward		5
67216	F-CLB USER NƯỚC NGOÀI 9-13/6	2025-06-09 00:00:00	2025-06-14 00:00:00	lottery,game,group,rank,reward		5
67314	BR Resolver Problemas Comuns	2025-06-09 16:17:17	2025-07-02 16:17:20	reward	https://activity.bigo.tv/live/act/act_24085/index.html#/account-appeal|https://activity.bigo.tv/live/act/bigo-feedback/index.html	5
67342	ID - Malam Pesta Emas✨ Host	2025-06-12 00:00:00	2025-06-19 00:00:00	lottery,game,collection,rank,reward		5
67343	ID - Malam Pesta Emas✨ User	2025-06-12 00:00:00	2025-06-19 00:00:00	lottery,growth,rank,recharge,reward		5
67357	¡Bienvenidos a Bigo Live!	2025-06-09 13:00:00	2025-10-31 23:59:59	lottery,rank,recharge	https://activity.bigo.tv/live/act/banner-aggregation2/index.html?id=1592984338	5
67380	Juicy-抽奖-房间内充值金额(安卓+ios)	2025-06-10 14:45:23	2025-06-12 00:00:00	lottery,game,rank,recharge,reward		5
67391	BR-Benefícios da Plataforma 🤩🤩💰	2025-06-23 21:00:00	2025-07-03 00:00:00	lottery,game,rank,recharge,reward		5
67392	Só para Top Suportes 👑 - Recargue de Qualquer 🤩 Valor e ganhe Prêmio Grande!! 💰	2025-06-30 13:00:00	2025-07-02 23:59:59	lottery,game,rank,recharge,reward		5
67420	The Prestige Circle- Recharge & Sending event	2025-06-11 00:00:00	2025-06-17 23:59:59	task,stage,rank,recharge,reward		5
67437	I-IDOL THỰC CHIẾN K2T6	2025-06-11 21:00:00	2025-06-18 23:59:59	game,rank,reward	https://static-fed.bigolive.tv/live/pages/bigolive/act-49334/index.html#/apply49334/1284	5
67456	🌈TH Daily Game Ranking 12-22 Jun 25🌈	2025-06-12 00:00:00	2025-06-23 00:00:00	task,game,rank	https://static-fed.bigolive.tv/live/pages/bigolive/act-84747-OLaroV/index.html	5
67483	Hall da Fama- BR R2	2025-06-13 00:00:00	2025-06-20 00:00:00	game,group,rank,reward		5
67522	Agency Tournament	2025-06-16 00:00:00	2025-06-30 00:00:00	game,stage,group,rank,reward		5
67523	Fan-Fueled Agency Battle	2025-06-16 00:00:00	2025-06-30 00:00:00	game,stage,group,rank,reward		5
67535	Beans Faceis - 06/2025	2025-06-16 00:00:00	2025-07-01 00:00:00	task,growth,rank,reward		5
67538	test	2025-06-13 12:21:00	2025-06-19 00:00:00	lottery,game,collection,rank,reward		5
67560	🎁Gifting Events🎁	2025-07-15 11:00:00	2025-08-31 23:59:59	lottery,game,collection,stage,reward		5
67577	TWHK Carnival: Fight for Your IDOL	2025-06-16 00:00:00	2025-06-30 23:59:59	task,lottery,game,rank,reward		5
67635	ID-Daily Sparkling Star	2025-06-19 20:00:00	2025-06-25 23:59:59	task,growth,rank,reward		5
67673	ID-Beans Exchange Carnival	2025-06-24 11:00:00	2025-06-26 23:59:59	lottery,shop,rank,reward		5
67687	I-IDOL THỰC CHIẾN K3T6	2025-06-19 00:00:00	2025-06-23 23:59:59	game,rank,reward	https://static-fed.bigolive.tv/live/pages/bigolive/act-49334/index.html#/apply49334/1284	5
67694	TH-🍀Lucky Go Lucky 18-29 June 25🍀	2025-06-18 00:00:00	2025-06-30 00:00:00	lottery,rank,reward		5
67696	June Quota Rush	2025-06-18 00:00:00	2025-07-01 00:00:00	game,stage,rank	https://static-fed.bigolive.tv/live/pages/bigolive/act-49334/index.html#/apply49334/1554	5
67700	First Recharge Bonus	2025-06-18 00:00:00	2025-06-30 00:00:00	lottery,game,rank,recharge,reward		5
67713	TH -🥳Family User Party : 21-29 June 25🥳	2025-06-21 00:00:00	2025-06-30 00:00:00	task,lottery,group,rank,reward		5
67723	Step Up Challenge	2025-06-21 00:00:00	2025-07-01 00:00:00	task,lottery,game,rank,reward		5
67741	Step Up Challenge Season 2	2025-06-21 00:00:00	2025-07-01 00:00:00	task,lottery,game,rank,reward		5
67747	Event tự hoàn thưởng 42%	2025-07-01 00:00:00	2025-07-31 23:59:59	task,growth,rank,reward		5
67748	Event tự hoàn thưởng 38%	2025-07-01 00:00:00	2025-07-31 23:59:59	task,growth,rank,reward		5
67749	Event tự hoàn thưởng 32%	2025-07-01 00:00:00	2025-07-31 23:59:59	task,growth,rank,reward		5
67751	Event tự hoàn thưởng 28%	2025-07-01 00:00:00	2025-07-31 23:59:59	task,growth,rank,reward		5
67753	Welcome Aboard, New BIGOer!- June	2025-06-20 00:00:00	2025-07-07 23:59:59	task,lottery,rank,recharge,reward		5
67755	Event tự hoàn thưởng 8%	2025-07-01 00:00:00	2025-07-31 23:59:59	task,growth,rank,reward		5
67788	Mid Agencies Level UP	2025-06-22 00:00:00	2025-06-25 23:59:59	task,growth,group,rank,reward		5
67804	F-CLB USER NƯỚC NGOÀI 23-27/6	2025-06-23 00:00:00	2025-06-28 00:00:00	lottery,game,group,rank,reward		5
67806	7月 - 💎TRADITIONAL SPIN💎	2025-07-23 12:00:00	2025-07-29 23:59:59	task,lottery,collection,recharge,reward		5
67807	7月 - 💎TRADITIONAL SPIN💎MY	2025-07-23 12:00:00	2025-07-29 23:59:59	task,lottery,game,recharge,reward		5
67811	Prêmio de Recarga 💲 e 💎 Enviados - Julho! 🎊	2025-06-20 15:25:15	2025-07-02 18:11:46	game,collection,reward	https://static-fed.bigolive.tv/live/pages/bigolive/svip/index.html	5
67842	FRBE - Le tour mondial de Dino - Gala Istanbul	2025-06-20 23:00:00	2025-08-31 00:00:00	game,collection,rank,recharge		5
67851	اهلا بالصيف	2025-06-22 11:00:00	2025-07-05 00:00:00	task,growth,rank,reward		5
67853	Mission to Ohana --- USCA Family Event	2025-08-04 20:00:00	2025-11-30 00:00:00	task,group,reward	https://static-fed.bigolive.tv/live/pages/bigolive/family-detail/index.html#/family/list?firstpage=true	5
67881	¡Vivo el Fin! Julio	2025-07-05 00:00:00	2025-07-27 23:59:59	stage,rank,reward	https://static-fed.bigolive.tv/live/pages/bigolive/bigo-Institute/index.html	5
67921	Shine & Win	2025-06-24 00:00:00	2025-06-30 23:59:59	task,lottery,game,rank,reward		5
67930	I-IDOL THỰC CHIẾN K4T6	2025-06-24 00:00:00	2025-06-30 23:59:59	game,rank,reward	https://static-fed.bigolive.tv/live/pages/bigolive/act-49334/index.html#/apply49334/1284	5
67952	Bigo Icon Audición ES	2025-06-25 00:00:00	2025-07-08 00:00:00	lottery,game,rank,recharge		5
67979	7월 한밤의 초대장	2025-07-02 00:00:00	2025-07-14 00:00:00	lottery,game,rank,recharge,reward		5
68006	KH Mid-Year Gala Pre Game-User	2025-07-01 00:00:00	2025-07-03 23:59:59	game,rank,recharge,reward		5
68028	Prewarmup Gala Ranking event	2025-06-25 02:20:00	2025-06-30 23:59:59	game,group,rank,reward		5
68031	BIGO BEAN RUSH - July Beginner Bonus	2025-07-01 00:00:00	2025-07-31 23:59:59	task,growth,rank,reward		5
68089	Sign Up Wheel	2025-07-01 00:00:00	2025-07-15 00:00:00	task,lottery,game,rank,reward		5
68102	Great Voyages-July	2025-07-05 00:00:00	2025-07-26 00:00:00	lottery,shop,rank,recharge,reward		5
68108	SVIP Spin - Poland	2025-07-22 00:00:00	2025-07-28 00:00:00	lottery,game,rank,reward		5
68110	SVIP Spin - Romania -July	2025-07-22 00:00:00	2025-07-29 00:00:00	lottery,game,rank,reward		5
68134	Live=Beans 202507	2025-07-01 00:00:00	2025-08-02 23:59:59	task,growth,rank,reward		5
68135	TH - PK BATTLE ROYAL JULY 2025 (Gala Special)	2025-07-01 00:00:00	2025-08-01 00:00:00	game,reward	https://activity.bigo.tv/live/act/act_15180/index.html?compe_id=1751874917505622	5
68153	MM Heat Up Host Mid Gala- Host (July 2025)	2025-07-01 00:00:00	2025-07-03 23:59:59	task,game,rank,reward		5
68198	BXH KHAI HỎA TIÊN PHONG	2025-07-01 00:00:00	2025-07-03 23:59:59	game,rank	https://static-fed.bigolive.tv/live/pages/bigolive/act-49334/index.html#/apply49334/1284	5
68227	BBR - July Massive 59% Auto Rebate	2025-07-01 00:00:00	2025-07-31 23:59:59	task,growth,rank,reward		5
68230	Impulso Final del Orgullo	2025-06-28 00:00:00	2025-06-30 00:00:00	stage	https://static-fed.bigolive.tv/live/pages/bigolive/act-49334/index.html#/apply49334/1575|https://static-fed.bigolive.tv/live/pages/bigolive/act-49334/index.html#/apply49334/1576	5
68231	Corrida do Orgulho	2025-06-28 00:00:00	2025-06-30 00:00:00	game	https://static-fed.bigolive.tv/live/pages/bigolive/act-49334/index.html#/apply49334/1580|https://static-fed.bigolive.tv/live/pages/bigolive/act-49334/index.html#/apply49334/1582	5
68232	ID - Indonesia Host 2025 MID-YEAR GALA  👑	2025-07-01 00:00:00	2025-07-13 00:00:00	game	https://static-fed.bigolive.tv/live/pages/bigolive/mid-festival-anchor-2025/index.html?lang=id	5
68239	Pinoy Power Hour: USCA	2025-07-01 00:00:00	2025-08-04 00:00:00	task,lottery,game,rank,reward		5
68261	ID-Beans exchange carnival（6-8 July）	2025-07-06 11:00:00	2025-07-08 23:59:59	lottery,shop,group,rank,reward		5
68272	Happy Recharge Hour	2025-07-12 00:00:00	2025-07-14 23:59:59	lottery,game,rank,recharge,reward		5
68277	TH - Mid Year Gala PK King 2025	2025-07-01 00:00:00	2025-08-01 00:00:00	game,stage,rank,reward		5
68282	萌龍小幸運	2025-07-22 00:00:00	2025-07-26 23:59:59	lottery,game,rank,recharge,reward		5
68287	🎑 Queen of the night 🎑	2025-07-01 00:00:00	2025-08-01 00:00:00	task,growth,rank,reward		5
68288	The Great Bridge	2025-07-01 00:00:00	2025-08-01 00:00:00	task,growth,rank,reward		5
68291	Mid Agencies Level UP	2025-07-01 00:00:00	2025-07-04 23:59:59	task,growth,group,rank,reward		5
68324	SPENDING MASTER GRAND SPIN	2025-07-01 00:00:00	2025-07-31 23:59:59	lottery,group,rank,reward		5
68339	New Comer Party May	2025-07-01 00:00:00	2025-08-01 00:00:00	lottery,game,collection,rank,reward		5
68345	LUCKY July! Instant Rewards 4 U!	2025-07-01 00:00:00	2025-07-31 23:59:59	task,lottery,game,rank,reward		5
68346	PH-SVIP0 Privilege Wonderland!	2025-07-01 00:00:00	2025-07-31 23:59:59	lottery,shop,collection,rank,reward		5
68354	Recharge Privé- July Season 1	2025-07-01 00:00:00	2025-07-14 23:59:59	task,game,rank,recharge,reward		5
68360	M-QUÀ TẶNG BẠN MỚI-01-31/07	2025-07-01 00:00:00	2025-08-01 00:00:00	task,lottery,collection,rank,reward		5
68378	July Bigo Orientation	2025-07-01 12:00:00	2025-07-31 23:59:59	task,growth,game,rank,reward		5
68387	TH🌟Gold Topup Ranking 4-10 July 25🌟	2025-07-04 00:00:00	2025-07-11 00:00:00	lottery,group,rank,recharge,reward		5
68391	TH★Black Topup Ranking 11-17 July 25★	2025-07-11 00:00:00	2025-07-18 00:00:00	lottery,group,rank,recharge,reward		5
68395	TH🎹Black Topup Ranking 18-24 July 25🎹	2025-07-18 00:00:00	2025-07-25 00:00:00	lottery,group,rank,recharge,reward		5
68396	TH🟣Purple Topup Ranking 18-24 July 25🟣	2025-07-18 00:00:00	2025-07-25 00:00:00	lottery,group,rank,recharge,reward		5
68398	TH🌟Gold Topup Ranking 25-31 July 25🌟	2025-07-25 00:00:00	2025-08-01 00:00:00	lottery,group,rank,recharge,reward		5
68399	TH🎤Black Topup Ranking 25-31 July 25🎤	2025-07-25 00:00:00	2025-08-01 00:00:00	lottery,group,rank,recharge,reward		5
68400	TH-SUPER PK JULY 2025	2025-07-01 00:00:00	2025-08-01 00:00:00	game,rank,reward	https://activity.bigo.tv/live/act/act_15180/index.html?compe_id=1753939532788310	5
68401	TH🟣Purple Topup Ranking 25-31 July 25🟣	2025-07-25 00:00:00	2025-08-01 00:00:00	lottery,group,rank,recharge,reward		5
68418	TH✈️Final Call 4-10 Jul 25✈️	2025-07-04 00:00:00	2025-07-11 00:00:00	lottery,game,stage,recharge,reward		5
68422	TH⏰Final Call⏰18-24 Jul 25	2025-07-18 00:00:00	2025-07-25 00:00:00	lottery,game,stage,recharge,reward		5
68428	Gift Global Event	2025-07-01 00:00:00	2025-07-31 23:59:59	task,growth,rank,reward		5
68432	拳上格鬥賽	2025-07-02 00:00:00	2025-07-15 23:59:59	lottery,game,rank,recharge,reward		5
68439	套圈大作戰	2025-07-01 18:00:00	2025-07-31 23:59:59	lottery,game,collection,rank,reward		5
68446	F-CHIẾN THẦN NGOẠI GIAO	2025-07-01 00:00:00	2025-08-01 00:00:00	game,group,rank	https://activity.bigo.tv/live/act/banner-aggregation2/index.html?id=1592835216	5
68447	多人語音房｜開播狂歡🔥	2025-07-01 00:00:00	2025-07-20 23:59:59	lottery,shop,game,rank,reward		5
68448	MM Mid Gala-Family (July 2025)	2025-07-04 00:00:00	2025-07-12 23:59:59	game,group,rank,reward		5
68452	ID - PK Arena	2025-07-02 00:00:00	2025-07-30 00:00:00	growth,game,rank,reward		5
68459	章魚燒晚宴	2025-07-01 20:00:00	2025-07-31 23:59:59	lottery,game,collection,rank,reward		5
68462	NL&NE SVIP Points Spin	2025-07-01 00:00:00	2025-07-31 23:59:59	lottery,growth,game,reward		5
68467	First Recharge Bonus July R1	2025-07-01 00:00:00	2025-07-15 23:59:59	lottery,game,rank,recharge,reward		5
68468	Yeni Bigocu Şanslı Çekiliş	2025-07-05 00:00:00	2025-07-31 23:59:25	lottery,growth,rank,recharge,reward		5
68475	New wave streamers Challenge	2025-07-01 00:00:00	2025-08-01 01:59:59	lottery,game,collection,rank,reward		5
68480	Экватор GALA: Лотерея для BIGOSTARS	2025-07-01 00:00:00	2025-08-01 00:00:00	lottery,game,rank,reward		5
68484	Global Cheers TW/HK x NL/NE July	2025-07-01 00:00:00	2025-07-31 17:59:59	task,lottery,stage,rank,reward		5
68504	July Jumpstart	2025-07-01 00:00:00	2025-07-06 23:59:59	task,lottery,rank,recharge,reward		5
68510	PK Guardian and Diamond Giveaway	2025-07-25 16:00:00	2025-07-31 23:59:59	lottery,game,rank,reward		5
68517	ANZ-VN/PH Host Gala Rush!	2025-07-07 00:00:00	2025-07-12 23:59:59	lottery,stage,rank,reward		5
68518	愛神見習班	2025-07-11 12:00:00	2025-07-20 23:59:59	lottery,collection,rank,recharge,reward		5
68521	MBS Growth and Retention Reward Program 2025 Q3	2025-07-01 14:10:47	2025-12-31 23:59:59	task,growth,stage,group,reward		5
68522	Mission to Ohana:Diamond Elite ---USCA Family Event	2025-07-01 13:59:22	2025-10-31 00:00:00	task,group,reward	https://static-fed.bigolive.tv/live/pages/bigolive/family-detail/index.html#/family/list?firstpage=true	5
68578	ID-Family PK July	2025-07-06 00:00:00	2025-08-01 00:00:00	game,group,rank	https://activity.bigo.tv/live/act/act_15180/index.html?compe_id=1724929606599685	5
68627	Agency Tournament	2025-07-05 00:00:00	2025-07-22 00:00:00	game,stage,group,rank,reward		5
68634	A-AGENCY BIGO SUMMER 2025	2025-07-04 00:00:00	2025-07-12 23:59:59	game,group,rank,reward		5
68636	新人ユーザー ビギナーチャージイベント（7月）	2025-07-04 00:00:00	2025-07-31 23:59:59	lottery,game,rank,recharge,reward		5
68646	Summer Madness Daily Leaderboard	2025-07-02 15:03:49	2025-07-04 23:59:59	task,stage,rank,reward		5
68650	Summer Madness Daily Leaderboard	2025-07-02 00:30:00	2025-07-04 23:59:59	task,stage,rank,reward		5
68771	Summer Party	2025-07-04 00:00:00	2025-07-11 00:00:00	task,game,rank,reward		5
68783	Bayani sa Mid-Year Gala	2025-07-04 00:00:00	2025-07-12 23:59:59	task,game,rank,reward		5
68788	BBR - 0704-0707 Fourth of July Special Rebate	2025-07-04 00:00:00	2025-07-07 23:59:59	task,growth,rank,reward		5
68792	Gala Tycoon: Rise of Africa---July 2025	2025-07-02 17:58:20	2025-07-17 11:39:16	task,lottery,rank,reward		5
68794	Gala Tycoon: Vietnam Edition---July 2025	2025-07-02 17:58:20	2025-07-17 11:42:12	task,lottery,rank,reward		5
68801	Gala Tycoon: MENA Majesty ---July 2025	2025-07-02 20:58:20	2025-07-17 23:59:59	task,lottery,rank,reward		5
68822	Dach Emerging Star Lottery July	2025-07-13 00:00:00	2025-07-19 00:00:00	lottery,game,collection,rank		5
68823	¡Únete a nuestra Gala de Medio Año y gana a lo grande! 🎉	2025-07-03 16:18:57	2026-06-30 00:00:00	game	https://static-fed.bigolive.tv/live/pages/bigolive/mid-festival-anchor-2025/index.html	5
68827	BIGO星耀會	2025-07-05 00:00:00	2025-07-30 23:59:59	lottery,collection,rank,recharge,reward		5
68851	Gifting Glory to US&CA Hosts	2025-07-07 00:00:00	2025-07-11 23:59:59	lottery,game,collection,rank,reward		5
68856	F-CLB USER NƯỚC NGOÀI 7-11/7	2025-07-07 00:00:00	2025-07-12 00:00:00	lottery,game,group,rank,reward		5
68858	耀眼中山 雙線稱霸	2025-07-11 00:00:00	2025-07-20 23:59:59	lottery,game,collection,rank,reward		5
68865	Welcome Aboard, New BIGOer!- Jul	2025-07-08 00:00:00	2025-08-06 00:00:00	task,lottery,rank,recharge,reward		5
68869	BIGO之星	2025-07-05 00:00:00	2025-07-31 23:59:59	lottery,game,collection,rank,reward		5
68880	CLOUT KINGS OF AFRICA	2025-07-05 00:00:00	2025-07-31 23:59:59	task,growth,rank,reward		5
68891	Top-Up Legends	2025-07-07 00:00:00	2025-07-12 23:59:59	task,rank,recharge,reward		5
68892	The Recharge Race	2025-07-07 00:00:00	2025-07-12 23:59:59	task,rank,recharge,reward		5
68951	BBR - 0721-0724 Daily Rebate Ladder: Up to 58% Rebate	2025-07-14 00:00:00	2025-07-24 23:59:59	task,growth,rank,reward		5
68990	hmh抽奖-有效观看人数/重度观看人数-有上限	2025-07-09 11:03:29	2025-07-10 00:00:00	lottery,game,rank,reward		5
69121	Golden Festives AUG	2025-08-01 00:00:00	2025-08-03 00:00:00	task,lottery,game,rank,reward		5
69159	Summer Madness (Spin & Daily Leaderboard)	2025-07-11 09:41:07	2025-07-21 12:40:25	task,lottery,rank,reward		5
69163	Summer Party7/12-7/18	2025-07-12 00:00:00	2025-07-19 00:00:00	task,game,rank,reward		5
69271	Karangalan ng Family - PH FAM GALA	2025-07-23 00:00:00	2025-07-31 15:00:00	game,group,rank,reward		5
69306	Bayani sa Mid-Year Fam Gala	2025-07-23 00:00:00	2025-07-31 15:00:00	task,group,rank,reward		5
69370	Rising Family Adventure (19-31 July)	2025-07-19 00:00:00	2025-07-31 23:59:59	game,group,rank,reward		5
69388	BIGO BEAN RUSH - Introducing New Weekly Reward Levels	2025-07-21 00:00:00	2026-05-31 23:59:59	growth,collection,stage,reward		5
69403	MM Heat Up Family Mid Gala- Host (July 2025)	2025-07-20 00:00:00	2025-07-22 23:59:59	game,group,rank,reward		5
69410	top10familia	2025-07-19 00:00:00	2025-07-30 23:59:59	game,stage,group,rank,recharge		5
69430	Event tự hoàn thưởng 32%	2025-08-01 00:00:00	2025-08-31 23:59:59	task,growth,rank,reward		5
69435	Event tự hoàn thưởng 28%	2025-08-01 00:00:00	2025-08-31 23:59:59	task,growth,rank,reward		5
69475	Prêmio de Recarga 💲 e 💎 Enviados - Julho! 🎊	2025-07-18 21:54:39	2025-08-02 18:11:46	game,collection,reward	https://static-fed.bigolive.tv/live/pages/bigolive/svip/index.html	5
69758	Mid-Year Recharge Frenzy_Exclusive	2025-07-24 18:10:52	2025-09-30 23:59:59	lottery,game,rank,recharge,reward		5
69780	Beat The Clock	2025-07-25 00:00:00	2025-07-30 23:59:59	task,growth,rank,reward		5
70027	ID-Beans exchange carnival（6-8 August）	2025-08-06 11:00:00	2025-08-08 23:59:59	lottery,shop,group,rank,reward		5
70030	ID-Beans exchange carnival（26-28 August）	2025-08-26 11:00:00	2025-08-28 23:59:59	lottery,shop,group,rank,reward		5
70141	✨Familias Brillantes✨	2025-08-04 00:00:00	2025-08-10 23:59:59	game,stage,group,rank,recharge		5
70142	BIGO星耀會	2025-08-05 00:00:00	2025-08-30 23:59:59	lottery,game,rank,recharge,reward		5
70261	First Recharge Bonus Aug R1	2025-08-01 00:00:00	2025-08-31 23:59:59	lottery,game,rank,recharge,reward		5
70354	TH🦕Topup Ranking Black 29-4 Sep 2025🦕	2025-08-29 00:00:00	2025-09-05 00:00:00	lottery,game,rank,recharge,reward		5
70358	August Bigo Orientation	2025-08-01 12:00:00	2025-08-31 23:59:59	task,growth,game,rank,reward		5
70438	SEND TO WIN FAM.! - AUG 2025	2025-08-08 00:00:11	2025-08-31 23:59:59	task,lottery,group,rank,reward		5
70440	SVIP X FAMILY LEADER BONUS GALORE!!! - AUG 2025	2025-08-01 00:00:00	2025-08-31 23:59:59	game,group,rank,recharge,reward		5
70455	Once Upon a Stream: Choose Your Destiny backstage	2025-08-01 00:00:00	2025-08-31 23:59:59	growth,game,stage,rank,reward		5
70499	Summer Lucky Star	2025-08-05 00:00:00	2025-08-10 00:00:00	lottery,rank,reward		5
70527	¡Carrera de la Hora! ✌️04 de Agosto	2025-08-04 00:00:00	2025-08-04 23:59:59	game,stage,rank	https://static-fed.bigolive.tv/live/pages/bigolive/anchor-recurit/sign.html	5
70816	Prêmio de Recarga 💲 e 💎 Enviados - Outubro! 🎊	2025-08-08 21:54:39	2025-09-01 18:11:46	growth,rank,reward	https://static-fed.bigolive.tv/live/pages/bigolive/svip/index.html	5
70822	MM Family Growth Project - Aug 2025	2025-08-12 00:00:00	2025-08-19 23:59:59	growth,game,group,rank,reward		5
70922	I-IDOL THỰC CHIẾN K2T8	2025-08-12 00:00:00	2025-08-19 23:59:59	game,rank,reward	https://static-fed.bigolive.tv/live/pages/bigolive/act-49334/index.html#/apply49334/1663	5
70999	BBR - 0818-0831 1st Anniversary Celebration	2025-08-18 00:00:00	2025-08-31 23:59:59	task,lottery,collection,rank,reward		5
71136	BBR - 0818-0821 Flash Speed Bonus	2025-08-18 00:00:00	2025-08-31 23:59:59	task,growth,rank,reward		5
71168	Recharge Showdown	2025-08-21 00:00:00	2025-08-31 23:59:59	task,stage,rank,recharge,reward		5
71182	FRBE - SVIP触达奖励转盘	2025-08-19 16:45:06	2026-07-30 00:00:00	lottery,game,rank,recharge,reward		5
71199	test	2025-08-18 22:31:15	2025-08-21 00:00:00	task,lottery,game,rank,reward		5
71222	TH Family TOP-UP BONUS 21-30 August	2025-08-21 00:00:00	2025-08-31 00:00:00	game,stage,group,rank,recharge		5
71327	انطلق نحو القمة	2025-08-21 00:00:00	2025-08-31 23:59:59	task,growth,rank,recharge		5
71421	I-IDOL THỰC CHIẾN K4T8	2025-08-25 14:00:00	2025-09-01 13:59:59	game,rank,reward	https://static-fed.bigolive.tv/live/pages/bigolive/act-49334/index.html#/apply49334/1663	5
71514	حدث الروشن- السعودية	2025-08-26 00:00:00	2025-08-31 23:59:59	task,growth,rank,recharge		5
66501	TH - Gobal traveler 3-9 June Other Countries	2025-06-03 00:00:00	2025-06-10 00:00:00	lottery,game,rank,reward		4
66504	ELİT PK 10-17 HAZİRAN	2025-06-10 17:00:00	2025-06-18 23:59:59	game,collection,stage,reward		4
66506	ELİT PK 11-18 HAZİRAN	2025-06-08 17:00:00	2025-06-18 23:59:59	game,collection,stage,reward		4
66514	U- vòng quay may mắn	2025-06-24 00:00:00	2025-06-30 23:59:59	lottery,rank,recharge,reward		4
66520	榮耀名人堂	2025-06-01 00:00:00	2025-06-30 23:59:59	game,collection,rank,reward		4
66545	TH Weekday Live Monster	2025-06-01 00:00:00	2025-06-07 00:00:00	lottery,game,rank,reward		4
66566	TH🏳️‍🌈Bigo to the Pride 2-15 June 2025🏳️‍🌈	2025-06-02 00:00:00	2025-06-16 00:00:00	lottery,rank,recharge,reward		4
66572	TH🔔Bigo Back User 2-15 June 2025🔔	2025-06-02 00:00:00	2025-06-16 00:00:00	lottery,rank,recharge,reward		4
66578	F-SẮC HOA TỰ DO	2025-06-24 00:00:00	2025-07-01 00:00:00	collection,recharge	https://activity.bigo.tv/live/act/banner-aggregation2/index.html?id=1592835216	4
66585	PK Tier&Country June 2025	2025-06-01 00:00:00	2025-06-30 23:59:59	game,group,rank,reward		4
66605	VIP DAY & FLASHSALE 💎 8 DE JUNIO	2025-06-08 00:00:00	2025-06-09 00:00:00	game,stage,rank,recharge		4
66607	INCENTIVO REVENDEDOR	2025-06-01 00:00:00	2025-07-01 00:00:00	game,stage,rank,recharge		4
66615	I-CS THƯỞNG NHẬN ĐẬU NƯỚC NGOÀI K1T6	2025-06-06 00:00:00	2025-06-08 23:59:59	game,rank	https://static-fed.bigolive.tv/live/pages/bigolive/act-49334/index.html#/apply49334/1496	4
66637	SVIP限定ルーレットゲーム！ ポイントで運試し✨（6月）	2025-06-01 00:00:00	2025-06-30 23:59:59	lottery,game,rank,reward		4
66646	TH SVIP June-Points 2025	2025-06-01 00:00:00	2025-06-30 23:59:59	lottery,game,reward		4
66647	Next Stage2025年6月	2025-06-03 00:00:00	2025-06-30 21:59:59	game,stage,rank,reward		4
66651	Dach Emerging Star Lottery	2025-06-06 00:00:00	2025-06-18 00:00:00	lottery,game,collection		4
66670	6月ビーンズクエスト	2025-06-03 00:00:00	2025-06-30 23:59:59	task,game,rank,reward		4
66674	DINO’s Sommerfest im Nippon-Stil	2025-06-01 00:00:00	2025-06-15 23:59:59	game,collection,stage,rank		4
66676	Mid-Year Family GALA X Malay Hos	2025-06-01 00:00:00	2025-06-16 19:59:59	group,rank,reward		4
66681	SVIP Rank Level-Up June	2025-06-01 00:00:00	2025-06-30 23:59:59	growth,rank,recharge,reward		4
66683	TH🎲Game Ranking June 2025🎲	2025-06-01 00:00:00	2025-06-11 00:00:00	game,rank	https://static-fed.bigolive.tv/live/pages/bigolive/act-84747-OLaroV/index.html	4
66704	Famiglia Bonus! Ricarica e invia i regali! 1/6-15/6	2025-06-01 00:00:00	2025-06-15 23:59:59	game,group,rank,recharge		4
66768	🎉 Festival de Recargas Diarias	2025-06-01 00:00:00	2025-06-17 14:52:18	stage,rank,recharge		4
66773	TH-Family (User) DIY 16-22 Jun	2025-06-03 00:00:00	2025-06-10 00:00:00	lottery,game,group,reward		4
66812	ID-Host Data June	2025-06-01 00:00:00	2025-07-01 00:00:00	task,game,stage,rank		4
66814	U-HỒ VƯƠNG HỘI K2T6	2025-06-08 00:00:00	2025-06-14 23:59:59	game,collection,rank,recharge		4
66821	ファミリー集合！一緒に盛り上がろう（6月）	2025-06-03 00:00:00	2025-06-07 23:59:59	game,group,rank,reward		4
66840	新人ユーザー ビギナーチャージイベント（6月）	2025-06-06 00:00:00	2025-06-30 23:59:59	lottery,rank,recharge,reward		4
66842	A-AGC THỰC CHIẾN K1T6	2025-06-02 11:00:00	2025-06-09 23:59:59	game,group,rank,reward		4
66849	Rising Star	2025-06-02 00:00:00	2025-06-08 23:59:59	task,game,rank,reward		4
66857	Ruletas de Verano Junio 2025 LATAM	2025-06-01 00:00:00	2025-06-30 23:59:59	lottery,rank,recharge,reward		4
66858	LATAM Regala y Gana Junio 2025	2025-06-01 00:00:00	2025-06-30 23:59:59	stage,rank,reward		4
66859	First Recharge 1 Latam June 2025	2025-06-01 00:00:00	2025-06-15 23:59:59	game,stage,rank,recharge		4
66860	First Recharge Roulette June 2025 LATAM	2025-06-16 00:00:00	2025-06-30 23:59:59	lottery,rank,recharge,reward		4
66878	AGENCY LEADERBOARD RANK UP	2025-06-01 00:00:00	2025-07-01 00:00:00	game,group,rank,reward		4
66885	Sun-Kissed Quest	2025-06-01 00:00:00	2025-06-30 23:59:59	task,stage,rank,reward		4
66886	Sun-Kissed Quest backstage	2025-06-01 00:00:00	2025-06-30 23:59:59	task,stage,rank,reward		4
66889	حدث نجم المستقبل	2025-06-02 00:00:00	2025-06-11 23:59:59	lottery,game,rank,reward		4
66891	ПЛЯЖНАЯ ВЕЧЕРИНКА:Лотерея для BIGOSTARS	2025-06-01 00:00:00	2025-07-01 00:00:00	lottery,game,rank,reward		4
66915	U-HỒ VƯƠNG HỘI K1T6	2025-06-02 00:00:00	2025-06-07 23:59:59	game,collection,rank,recharge		4
66917	BXH USER NẠP+TẶNG-7	2025-07-01 00:00:00	2025-08-01 00:00:00	game,collection,rank,recharge		4
66927	حدث عيد الأضحى - الخليج العربي	2025-06-03 00:00:00	2025-06-09 23:59:59	game,group,rank,reward		4
66929	حدث عيد الأضحى-شمال أفريقيا	2025-06-03 00:00:00	2025-06-09 23:59:59	game,group,rank,reward		4
66930	حدث عيد الأضحى-منطقة الشام	2025-06-03 00:00:00	2025-06-09 23:59:59	game,group,rank,reward		4
66948	Aile Zaferi Galaksi	2025-06-03 00:00:00	2025-07-05 23:59:59	group,rank,recharge		4
66977	rising star-June4-June11	2025-06-04 00:00:00	2025-06-11 23:59:59	lottery,game,rank,reward		4
66979	rising star-june12-june21	2025-06-12 00:00:00	2025-06-21 23:59:59	lottery,game,rank,reward		4
66980	rising star-june22-june31	2025-06-22 00:00:00	2025-06-30 23:59:59	lottery,game,rank,reward		4
66996	Long Weekend Special - Daily Giveaway Reward	2025-06-06 00:00:00	2025-06-08 23:59:59	task,rank,recharge,reward		4
66998	7-Day  Rising Star Challenge	2025-06-04 00:00:00	2025-06-10 23:59:59	task,growth,rank,reward		4
67010	6.10SVIP会员日	2025-06-10 00:00:00	2025-06-10 23:59:59	lottery,rank,recharge,reward		4
67017	Ежедневный тест на удачу❤	2025-06-05 13:00:00	2025-06-12 23:59:59	lottery,game,rank,reward		4
67019	U-HỒ GIA HỘI K1T6 04/06-10/06	2025-06-04 00:00:00	2025-06-10 23:59:59	game,collection,rank,recharge		4
67022	حدث نجم المستقبل	2025-06-12 00:00:00	2025-06-21 23:59:59	lottery,game,rank,reward		4
67023	حدث نجم المستقبل	2025-06-22 00:00:00	2025-06-30 23:59:59	lottery,game,rank,reward		4
67028	New Comer Party May	2025-06-05 00:00:00	2025-07-01 00:00:00	lottery,collection,rank,reward		4
67047	📌搶佔三鐵 耀眼無敵	2025-06-11 00:00:00	2025-06-20 23:59:59	lottery,collection,rank,reward		4
67048	📌熙來攘往 稱霸北車	2025-06-21 00:00:00	2025-06-30 23:59:59	lottery,collection,rank,reward		4
67065	GMLH封面活动抽奖	2025-06-05 20:00:00	2025-07-05 00:00:00	lottery,game,rank,reward		4
67068	PK Guardian and Diamond Giveaway	2025-06-25 00:00:00	2025-06-28 23:59:59	lottery,game,rank,reward		4
67070	🎁Rueda de Duelos⚔️	2025-06-05 06:00:00	2025-06-13 06:00:00	lottery,game,rank,reward		4
67073	ANZxHK/TW Love Touch	2025-06-25 00:00:00	2025-07-02 23:59:59	lottery,stage,rank,reward		4
67076	Happy Recharge Hour	2025-06-14 00:00:00	2025-06-16 23:59:59	lottery,rank,recharge,reward		4
67077	Happy Recharge Hour	2025-06-21 00:00:00	2025-06-23 23:59:59	lottery,rank,recharge,reward		4
67084	ID lottery test	2025-06-05 00:00:00	2025-06-12 00:00:00	task,lottery,group,rank		4
67097	Double Up Sprint: Road to the Top	2025-06-06 00:00:00	2025-06-30 00:00:00	game,stage,rank,reward		4
67153	hlj-淘汰榜-团体榜-房间充值金额	2025-06-05 15:15:00	2025-06-30 00:00:00	stage,group,rank,recharge		4
67155	Juicy-团体排行榜-充值金额-官方	2025-06-05 15:10:22	2025-06-09 00:00:00	game,group,rank,recharge		4
67167	hlj-淘汰榜-团体榜-房间充值人数	2025-06-05 15:15:00	2025-06-30 00:00:00	stage,group,rank,recharge		4
67169	hlj-淘汰榜-团体榜-充值金额	2025-06-05 15:15:00	2025-06-30 00:00:00	stage,group,rank,recharge		4
67178	May SVIP Exclusive: Recharge to win Beans Back!	2025-06-27 09:00:00	2025-06-30 23:59:59	lottery,rank,recharge,reward		4
67180	May SVIP Exclusive: Claim Diamonds By Gifting!	2025-06-18 19:00:00	2025-06-23 23:59:59	lottery,game,rank,reward		4
67209	PK-KHAI HỎA TIÊN PHONG	2025-07-01 00:00:00	2025-07-03 23:59:59	game,rank	https://static-fed.bigolive.tv/live/pages/bigolive/act-49334/index.html#/apply49334/1284	4
67230	Crazy Game	2025-06-06 20:00:00	2025-06-13 20:15:00	task,game,rank,reward		4
67232	Lucky Draw For Newbies!	2025-06-06 20:47:58	2025-08-29 17:50:30	lottery,game,rank,reward		4
67253	أساطير الفخامة -  عائلات الخليج العربي	2025-06-12 00:00:00	2025-06-18 23:59:59	game,group,rank,reward		4
67254	أساطير الفخامة - عائلات بلاد الشام	2025-06-12 00:00:00	2025-06-18 23:59:59	game,group,rank,reward		4
67255	أساطير الفخامة - عائلات شمال إفريقيا	2025-06-12 00:00:00	2025-06-18 23:59:59	game,group,rank,reward		4
67279	Recharge Roulette - Nepal June1	2025-06-10 00:00:00	2025-06-16 00:00:00	lottery,rank,recharge,reward		4
67310	Evento Top Suportes 👑	2025-06-09 17:32:49	2025-07-02 18:11:46	rank,reward	https://static-fed.bigolive.tv/live/pages/bigolive/svip/index.html	4
67323	Dach new talent show May	2025-06-10 00:00:00	2025-07-01 00:00:00	growth,game,rank		4
67352	Brilla y Gana ✨	2025-06-10 00:00:00	2025-06-30 23:59:59	game,stage,rank,reward		4
67353	ID - Dibubu theme park 🎠host	2025-06-24 00:00:00	2025-07-01 00:00:00	game,collection,rank,reward		4
67361	Fam Gifting Frenzy June 16-June 22	2025-06-16 00:00:00	2025-06-22 23:59:59	game,group,rank,reward		4
67372	Juicy-淘汰棒-团体榜-房间内充值人数(安卓+ios)	2025-06-10 12:50:53	2025-06-12 00:00:00	stage,group,rank,recharge		4
67381	Juicy-抽奖-房间内充值金额(安卓+ios)	2025-06-10 14:45:23	2025-06-12 00:00:00	lottery,rank,recharge,reward		4
67386	Sorteio Extra de Recarga 💲 e 💎 Enviados! 🤩💰	2025-06-19 06:00:00	2025-07-03 00:00:00	lottery,rank,recharge,reward		4
67389	Summer Recharge Fiesta	2025-06-12 00:00:00	2025-06-26 23:59:59	rank,recharge,reward		4
67390	Sorteio Extra de Recarga 💲 e 💎 Enviados! 🤩💰	2025-06-28 00:00:00	2025-07-03 00:00:00	lottery,rank,recharge,reward		4
67393	6月崛起PK延長賽	2025-06-21 00:00:00	2025-06-30 23:59:59	game,collection,rank,reward		4
67397	Prêmio de Recarga 💲 e 💎 Enviados - Junho! 🎊	2025-06-10 15:25:15	2025-07-02 18:11:46	rank,reward	https://static-fed.bigolive.tv/live/pages/bigolive/svip/index.html	4
67398	Hè Kết Nối: VN & Mỹ – Canada	2025-06-12 00:00:00	2025-06-17 23:59:59	game,rank	https://static-fed.bigolive.tv/live/pages/bigolive/act-49334/index.html#/apply49334/1531	4
67412	ボトルギフト大作戦（6/16~6/20）	2025-06-16 00:00:00	2025-06-20 23:59:59	lottery,game,rank,reward		4
67413	Daily 10,999 Beans For U! - Recharge Event	2025-06-11 00:00:00	2025-06-30 23:59:59	task,lottery,recharge,reward		4
67417	U-HỒ GIA HỘI K2T6	2025-06-13 00:00:00	2025-06-19 23:59:59	game,collection,rank,recharge		4
67418	VJ TYCOON : SENIOR 12-18 JUN	2025-06-12 00:00:00	2025-06-19 00:00:00	lottery,game,rank,reward		4
67425	Royal Syndicate	2025-06-12 00:00:00	2025-06-18 23:59:59	task,lottery,rank,reward		4
67438	Ruleta de la Suerte Junio	2025-06-14 00:00:00	2025-07-01 00:00:00	lottery,rank,recharge,reward		4
67444	F-ĐẾ CHẾ THƯỢNG LƯU	2025-06-11 21:00:00	2025-06-19 00:00:00	group,rank	https://activity.bigo.tv/live/act/banner-aggregation2/index.html?id=1592835216	4
67450	VJ TYCOON : TOP 12-18 JUN	2025-06-12 00:00:00	2025-06-19 00:00:00	lottery,game,rank,reward		4
67451	Prêmio de Recarga 💲 e 💎 Enviados - Junho! 🎊	2025-06-11 15:25:15	2025-07-02 18:11:46	rank,reward	https://static-fed.bigolive.tv/live/pages/bigolive/svip/index.html	4
67466	Patriot's Path	2025-06-13 17:00:00	2025-06-30 23:59:59	task,growth,recharge,reward		4
67469	日榜数据_Malay Host & Agency Mid Year GALA	2025-06-16 20:00:00	2025-06-30 23:59:59	group,rank,reward		4
67472	Salón de Fama- Latam R2	2025-06-13 00:00:00	2025-06-20 00:00:00	game,group,rank		4
67486	Agency Daily Ranking - June	2025-06-15 00:00:00	2025-06-29 23:59:59	task,group,rank,recharge		4
67491	6.20SVIP会员日	2025-06-20 00:00:00	2025-06-20 23:59:59	lottery,rank,recharge,reward		4
67506	I-CS THƯỞNG NHẬN ĐẬU NƯỚC NGOÀI K2T6	2025-06-13 00:00:00	2025-06-15 23:59:59	game,rank	https://static-fed.bigolive.tv/live/pages/bigolive/act-49334/index.html#/apply49334/1496	4
67507	Prêmio de Recarga 💲 e 💎 Enviados - Junho! 🎊	2025-06-12 15:25:15	2025-07-02 18:11:46	rank,reward	https://static-fed.bigolive.tv/live/pages/bigolive/svip/index.html	4
67517	Classifica d'Oro&Argento	2025-06-13 00:00:00	2025-06-22 23:59:59	lottery,game,rank,reward		4
67531	SVIP Level-UP LATAM Junio 25	2025-06-12 16:00:00	2025-06-30 23:59:59	growth,stage,rank,recharge		4
67540	¡Diamantes Relámpago!	2025-06-14 00:00:00	2025-06-21 00:00:00	collection,stage,rank,recharge		4
67568	萬國嘉年華	2025-06-16 00:00:00	2025-06-30 23:59:59	game,collection,rank,reward		4
67584	Сокровище дракона🐉 (19-25.06)	2025-06-19 00:00:00	2025-06-26 00:00:00	lottery,rank,recharge,reward		4
67593	Global Star Challenge	2025-06-15 00:00:00	2025-06-17 23:59:59	task,growth,collection,reward		4
67597	Chinese + SG Host & Agency Mid Year GALA backstage	2025-06-16 20:00:00	2025-06-30 23:59:59	stage,rank,reward		4
67626	💎Maintain your VIP２💎	2025-06-17 00:00:00	2025-06-24 23:59:59	stage,rank,recharge,reward		4
67637	Dach agency ranking June	2025-06-23 00:00:00	2025-06-29 23:59:59	game,stage,group,rank		4
67639	NL&NE Recall June	2025-06-16 17:00:00	2025-06-20 23:59:59	lottery,rank,recharge,reward		4
67640	Family PK Battle June 2	2025-06-17 00:00:00	2025-06-30 23:59:59	game,group,rank,reward		4
67658	#推し家電スキンケア会（6/23~6/27）	2025-06-23 00:00:00	2025-06-27 23:59:59	lottery,game,rank,reward		4
67659	F-THIẾU TƯỚNG TRANH TÀI	2025-06-21 00:00:00	2025-06-26 00:00:00	game,group,rank,recharge		4
67677	TH🐔Bigo to the Prize 18-1 July 2025🐔	2025-06-18 00:00:00	2025-07-02 00:00:00	lottery,rank,recharge,reward		4
67678	TH🐦Bigo Back User 18-1 July 2025🐦	2025-06-18 00:00:00	2025-07-02 00:00:00	lottery,rank,recharge,reward		4
67685	Международный ПК (июнь 2025)	2025-06-19 00:00:00	2025-12-31 23:59:59	stage,group	https://activity.bigo.tv/live/act/act_15180/index.html?compe_id=1750245043848679#/schedule	4
67695	F-AUNZ X VIETNAM	2025-06-18 00:00:00	2025-06-28 00:00:00	game,group,rank,recharge		4
67699	Ежедневные задания 🌙	2025-07-01 00:00:00	2025-07-31 00:00:00	task,growth,stage,group		4
67701	BBR - 0618-0619 Juneteenth Dual Glory Challenge	2025-06-18 00:00:00	2025-06-19 23:59:59	collection,stage,rank,reward		4
67706	Hè Kết Nối: VN & Mỹ – Canada  K2T6	2025-06-19 00:00:00	2025-06-24 23:59:59	game,rank	https://static-fed.bigolive.tv/live/pages/bigolive/act-49334/index.html#/apply49334/1531	4
67724	LUCKY SPIN	2025-07-01 00:00:00	2025-07-31 23:59:59	task,lottery,recharge,reward		4
67727	F-GOLDEN LUXURY THÁNG 6/2025	2025-06-19 00:00:00	2025-06-24 00:00:00	group,rank	https://activity.bigo.tv/live/act/banner-aggregation2/index.html?id=1592835216	4
67766	Torneo de Recarga: ¡TOP 50 Gana Semillas EXTRA!	2025-06-21 00:00:00	2025-07-01 00:00:00	collection,stage,rank,recharge		4
67774	July MBS-Exchange Beans to Diamonds Challenge	2025-07-03 00:00:00	2025-07-11 23:59:59	task,lottery,shop,reward		4
67801	JULY SPIN & WIN	2025-07-01 00:00:00	2025-07-31 23:59:59	task,lottery,recharge,reward		4
67808	💎WE WANT YOU BACK!💎	2025-07-01 00:00:00	2025-07-09 12:00:00	lottery,shop,recharge,reward		4
67855	U-HỒ GIA HỘI K3T6 22-28/06	2025-06-22 00:00:00	2025-06-28 23:59:59	game,collection,rank,recharge		4
67877	7월 초전박스	2025-07-01 00:00:00	2025-07-02 00:00:00	game,rank,recharge,reward		4
67882	Eventos para agentes-Julio	2025-06-23 15:30:00	2025-07-31 23:59:59	task,game	https://static-fed.bigolive.tv/live/pages/bigolive/bigo-Institute/index.html	4
67884	CP Rush Hour	2025-06-24 00:00:00	2025-06-30 23:59:59	task,group,rank,reward		4
67892	U- Vòng quay may mắn T7 K1	2025-07-04 00:00:00	2025-07-12 23:59:59	lottery,rank,recharge,reward		4
67901	비고 기프트 카드 7월	2025-07-06 00:00:00	2025-07-09 00:00:00	task,growth,rank,recharge		4
67913	صيف المجد - عائلات شمال افريقيا	2025-06-24 00:00:00	2025-06-30 23:59:59	game,group,rank,reward		4
67914	صيف المجد - عائلات الخليج العربي	2025-06-24 00:00:00	2025-06-30 23:59:59	game,group,rank,reward		4
67915	صيف المجد - عائلات بلاد الشام	2025-06-24 00:00:00	2025-06-30 23:59:59	game,group,rank,reward		4
67922	Wang Wang Wang! (July 2025)	2025-07-01 12:00:00	2025-07-31 23:59:59	lottery,game,rank,reward		4
67962	【7월】타짜🎴	2025-07-11 00:00:00	2025-07-14 00:00:00	lottery,game,recharge,reward		4
67963	U-VÒNG QUAY RAU CỦ 25-31/07/2025	2025-07-25 00:00:00	2025-07-31 23:59:59	game,collection,rank,recharge		4
67978	7월 SVIP 전설의 랭킹	2025-07-01 00:00:00	2025-08-01 00:00:00	lottery,game,rank,reward		4
67986	U-VÒNG QUAY RAU CỦ 11-17/7/2025	2025-07-11 00:00:00	2025-07-17 23:59:59	game,collection,rank,recharge		4
67990	U-Xúc Xắc Xúc Xẻ 04-10/07	2025-07-04 00:00:00	2025-07-10 23:59:59	game,collection,rank,recharge		4
67991	Test	2025-07-04 00:00:00	2025-07-10 23:59:59	game,collection,rank,recharge		4
68013	Стрим курсы для новых ведущих (июль 2025)	2025-07-03 00:00:00	2025-08-01 00:00:00	lottery,game,rank,reward		4
68045	ʀᴏᴏᴋɪᴇ ʟᴇᴀᴅᴇʀʙᴏᴀʀᴅ ʀᴜᴍʙʟᴇ July 2025	2025-07-01 00:00:00	2025-07-05 23:59:59	task,group,rank,recharge		4
68053	화려한 복귀	2025-07-25 00:00:00	2025-08-01 00:00:00	lottery,rank,recharge,reward		4
68063	AGENCY LEADERBOARD RANK UP	2025-07-01 00:00:00	2025-08-01 00:00:00	game,group,rank,reward		4
68066	June - Beans Flash	2025-06-26 07:00:00	2025-06-30 06:59:59	stage,group,rank,reward		4
68067	SVIP 가디언즈	2025-07-13 00:00:00	2025-07-23 00:00:00	lottery,rank,recharge,reward		4
68086	Live Maratón Junio 👉 Julio	2025-06-27 00:00:00	2025-07-03 23:59:59	game,stage,rank,reward		4
68088	Prewarmup Gala Family PKs	2025-06-25 17:11:09	2025-06-30 00:00:00	game,group,reward		4
68104	Wheel of Fortune - Poland	2025-07-05 00:00:00	2025-08-01 00:00:00	lottery,rank,recharge,reward		4
68105	Wheel of Fortune - Romania july	2025-07-05 00:00:00	2025-08-01 00:00:00	lottery,rank,recharge,reward		4
68116	Support the Spark: LATAM Edition R2 --- June Event	2025-06-25 13:30:34	2025-07-31 23:59:59	task,growth,rank,reward		4
68126	7月月頭衝官P🔥	2025-07-01 00:00:00	2025-07-07 23:59:59	lottery,game,collection,rank		4
68128	7月崛起PK榜	2025-07-01 18:00:00	2025-07-15 23:59:59	lottery,game,rank,reward		4
68142	I-CS THƯỞNG NHẬN ĐẬU NƯỚC NGOÀI K4T6	2025-06-27 00:00:00	2025-06-29 23:59:59	game,rank	https://static-fed.bigolive.tv/live/pages/bigolive/act-49334/index.html#/apply49334/1496	4
68147	MM Auto Spin It -Lv Host (July 2025)	2025-07-01 00:00:00	2025-07-31 23:59:59	lottery,growth,game,reward		4
68154	MM Heat Up Mid Gala -User(July 2025)	2025-07-01 00:00:00	2025-07-03 23:59:59	game,rank,reward		4
68155	U-HỒ VƯƠNG HỘI K5T6 29/6 - 5/7	2025-06-29 00:00:00	2025-07-05 23:59:59	game,collection,rank,recharge		4
68159	TH - Family Boosting 1-30 July	2025-07-01 00:00:00	2025-07-31 00:00:00	game,group,rank,reward		4
68161	TH - Golden Weekend : 5-6 July	2025-07-05 00:00:00	2025-07-07 00:00:00	lottery,game,rank,reward		4
68165	Bigo Audio Live July 2025	2025-07-01 00:00:00	2025-07-31 23:59:59	task,game,rank,reward		4
68167	PK Tier&Country July 2025	2025-07-01 00:00:00	2025-07-31 23:59:59	game,group,rank,reward		4
68168	TH - Golden Weekend : 12-13 July	2025-07-12 00:00:00	2025-07-14 00:00:00	lottery,game,rank,reward		4
68172	TH - Golden Weekend : 19-20 July	2025-07-19 00:00:00	2025-07-21 00:00:00	lottery,game,rank,reward		4
68173	TH - Golden Weekend : 26-27 July	2025-07-26 00:00:00	2025-07-28 00:00:00	lottery,game,rank,reward		4
68194	SVIP Rank Level-Up July	2025-07-01 21:40:58	2025-07-31 23:59:59	growth,rank,recharge,reward		4
68201	TH - MID YEAR FAMILY PK KING	2025-07-01 00:00:00	2025-07-19 00:00:00	game,stage,group,rank		4
68206	F-HÀO KIỆT TRANH PHONG	2025-07-18 00:00:00	2025-07-23 00:00:00	collection,recharge	https://activity.bigo.tv/live/act/banner-aggregation2/index.html?id=1592835216	4
68216	VIP DAY & FLASHSALE 💎 8 DE JULIO	2025-07-08 00:00:00	2025-07-09 00:00:00	game,stage,rank,recharge		4
68221	1st Recall July 25 LATAM	2025-07-01 00:00:00	2025-07-15 23:59:59	game,stage,rank,recharge		4
68223	SVIP Level-Up July 25 LATAM	2025-07-01 00:00:00	2025-07-31 23:59:59	growth,stage,rank,recharge		4
68246	TH Agency Mid-year Honor Fight	2025-07-04 00:00:00	2025-07-11 00:00:00	game,group,rank		4
68247	👑Classifica Mensile di Ricarica 07/2025	2025-07-01 00:00:00	2025-07-31 23:59:59	collection,rank,recharge		4
68250	Host Shine Overseas	2025-07-01 00:00:00	2025-08-01 00:00:00	task,game,rank,reward		4
68280	ID-Host Data July	2025-07-01 00:00:00	2025-07-31 00:00:00	task,game,stage,rank		4
68296	🎁Gira de GALA⚔️	2025-07-04 06:00:00	2025-07-13 06:00:00	lottery,rank,reward		4
68298	VIP DAY & FLASHSALE 💎 28 DE JUNIO	2025-06-28 00:00:00	2025-06-29 00:00:00	game,stage,rank,recharge		4
68301	Pride Month Wrap-Up	2025-06-28 00:00:00	2025-06-29 23:59:59	task,growth,collection,reward		4
68336	Happy Recharge Hour	2025-07-25 00:00:00	2025-07-27 23:59:59	lottery,rank,recharge,reward		4
68338	SVIP限定！ ルーレットチャレンジ（7月）	2025-07-01 00:00:00	2025-07-31 23:59:59	lottery,rank,recharge,reward		4
68348	GoGoマラソン-7月	2025-07-01 18:00:00	2025-07-31 23:59:59	lottery,game,rank,reward		4
68356	Spin Surprise - Recharge Event	2025-07-01 00:00:00	2025-07-14 23:59:59	task,lottery,recharge,reward		4
68366	Ruleta de la Suerte Julio	2025-07-01 00:00:00	2025-08-01 00:00:00	lottery,rank,recharge,reward		4
68370	PROJEK PK KING July 2025	2025-07-01 00:00:00	2025-07-31 23:59:59	game,group,rank,reward		4
68372	7月崛起PK延長賽	2025-07-21 00:00:00	2025-07-30 23:59:59	game,collection,rank,reward		4
68377	Diamantes Sembrados	2025-07-01 00:00:00	2025-07-13 00:00:00	collection,stage,rank,recharge		4
68379	Compensate Spin	2025-06-30 15:20:00	2025-07-02 00:00:00	lottery,collection,recharge,reward		4
68384	Durian Showdown: Spikes & Surprises	2025-07-01 00:00:00	2025-07-31 23:59:59	group,rank,reward		4
68402	TH - PK BATTLE ROYAL JULY 2025	2025-07-01 00:00:00	2025-08-01 00:00:00	game,reward	https://activity.bigo.tv/live/act/act_15180/index.html?compe_id=1753700470201476	4
68403	ファミリー集合！一緒に盛り上がろう（7月）	2025-07-03 00:00:00	2025-07-07 23:59:59	game,group,rank,reward		4
68406	SỐ LIỆU PK IDOL T7	2025-07-01 00:00:00	2025-07-31 23:59:59	game,group,rank,reward		4
68411	TH⚱️Anti Loss 4-10 Jul 25⚱️	2025-07-04 00:00:00	2025-07-11 00:00:00	lottery,recharge,reward		4
68412	TH🦅July Treasure 11-17 Jul 25🦅	2025-07-11 00:00:00	2025-07-18 00:00:00	lottery,recharge,reward		4
68413	TH🫂July Treasure🫂18-24 Jul 25	2025-07-18 00:00:00	2025-07-25 00:00:00	lottery,recharge,reward		4
68414	TH🪇July Treasure 25-31 Jul 25🪇	2025-07-25 00:00:00	2025-08-01 00:00:00	lottery,game,reward		4
68415	Exchange Carnival-July	2025-07-01 00:00:00	2025-08-01 00:00:00	lottery,shop,rank,reward		4
68420	TH📞Final Call 11-17 Jul 25📞	2025-07-11 00:00:00	2025-07-18 00:00:00	lottery,stage,recharge,reward		4
68424	Agent Rank	2025-07-01 00:00:00	2025-07-31 23:59:59	game,group,rank,reward		4
68426	FAM. MEMBERS XCLUSIVE GIVEWAY! - JULY 2025	2025-07-01 00:00:00	2025-07-31 23:59:59	stage,group,rank,reward		4
68429	SVIP X FAMILY LEADER BONUS GALORE!!! - JULY 2025	2025-07-01 00:00:00	2025-07-31 23:59:59	group,rank,recharge,reward		4
68433	Durian Showdown: Spikes & Surprises backstage	2025-07-01 00:00:00	2025-07-31 23:59:59	game,stage,rank,reward		4
68440	New south Asia SVIP system	2025-06-30 18:30:42	2026-06-30 00:00:00	task,growth,game,reward		4
68442	Gift Surprise - Gifting Event	2025-07-01 00:00:00	2025-07-14 23:59:59	task,lottery,game,reward		4
68445	F-HẠNG MỤC TRAO GIẢI GIA TỘC-BIGO SUMMER 2025	2025-07-01 00:00:00	2025-08-22 00:00:00	game,group,rank		4
68451	F-KHỞI ĐỘNG BIGO SUMMER IDOL CHIẾN	2025-07-01 00:00:00	2025-07-04 00:00:00	game,group,rank		4
68453	2025/7 TR ranking	2025-07-01 00:00:00	2025-07-31 23:59:59	game,rank,recharge,reward		4
68491	User-Host-Agent Rank	2025-07-01 00:00:00	2025-07-31 23:59:59	task,group,rank,recharge		4
68509	多人語音房｜開播狂歡🔥	2025-07-01 11:00:00	2025-07-20 23:59:59	lottery,shop,rank,reward		4
68519	7月 NEXT STAGE	2025-07-04 00:00:00	2025-07-31 23:59:59	game,stage,rank,reward		4
68523	New Bangladesh and Nepal SVIP system	2025-07-01 17:30:42	2026-06-30 00:00:00	task,growth,game,reward		4
68563	TH Daily Fun Ranking 4-11 July 2025	2025-07-04 00:00:00	2025-07-12 00:00:00	task,rank	https://static-fed.bigolive.tv/live/pages/bigolive/act-84747-OLaroV/index.html	4
68587	萬國嘉年華	2025-07-01 22:30:00	2025-07-15 23:59:59	game,collection,rank,reward		4
68623	حدث جالا منتصف العام- شمال أفريقيا	2025-07-04 00:00:00	2025-07-12 23:59:59	game,group,rank,reward		4
68630	【極秘】BIGO特別企画 ~あなただけへのチャージボーナス~	2025-07-04 00:00:00	2025-08-01 00:00:00	lottery,rank,recharge,reward		4
68632	Mid-Year PH Gala Rush!	2025-07-21 17:00:00	2025-07-31 23:59:59	lottery,rank,reward		4
68653	Bigolive, 신나는 즐거움	2025-07-02 15:46:00	2026-06-30 00:00:00		https://activity.bigo.tv/live/act/act_13724/index.html|https://activity.bigo.tv/live/act/act_14587/index.html	4
68665	7.10SVIP会员日	2025-07-10 00:00:00	2025-07-10 23:59:59	lottery,rank,recharge,reward		4
68772	👑Classifica di GALA Ricarica 4/7-12/7	2025-07-04 00:00:00	2025-07-12 23:59:59	rank,recharge,reward		4
68775	النجم الجديد	2025-07-03 00:00:00	2025-07-09 23:59:59	game,rank	https://activity.bigo.tv/live/act/act_15180/index.html?compe_id=1743349209593479#/schedule	4
68776	النجم الجديد	2025-07-11 00:00:00	2025-07-17 23:59:59	game,rank	https://activity.bigo.tv/live/act/act_15180/index.html?compe_id=1746708796047943#/schedule	4
68777	النجم الجديد	2025-07-19 00:00:00	2025-07-24 23:59:59	game,rank	https://activity.bigo.tv/live/act/act_15180/index.html?compe_id=1741359120721329	4
68778	النجم الجديد	2025-07-26 00:00:00	2025-07-31 23:59:59	game,rank	https://activity.bigo.tv/live/act/act_15180/index.html?compe_id=1743349209593479#/schedule	4
68799	7.20SVIP会员日	2025-07-20 00:00:00	2025-07-20 23:59:59	lottery,rank,recharge,reward		4
68825	7-Day  Rising Star Challenge	2025-07-04 00:00:00	2025-07-10 23:59:59	task,growth,rank,reward		4
68857	서핑디노 출시 이벤트🌊	2025-07-05 00:00:00	2025-07-07 00:00:00	lottery,game,rank,reward		4
68860	登上五層樓高 閃亮中山	2025-07-21 00:00:00	2025-07-30 23:59:59	lottery,collection,rank,reward		4
68866	깜짝! 디노 팝업스토어 오픈!	2025-07-04 17:30:00	2025-07-08 23:59:59	lottery,game,rank,reward		4
68868	Big Family Live Room-July	2025-07-07 00:00:00	2025-07-16 23:59:59	game,group,rank,reward		4
68870	ANZ 2025 Mid-Year GALA Guidance	2025-07-04 19:19:23	2025-07-12 00:00:00		https://static-fed.bigolive.tv/live/pages/bigolive/mid-festival-anchor-2025/index.html#/	4
68878	Prêmio de Recarga 💲 e 💎 Enviados - Agosto! 🎊	2025-08-01 21:54:39	2025-09-01 18:11:46	collection,reward	https://static-fed.bigolive.tv/live/pages/bigolive/svip/index.html	4
68883	U-HỒ VƯƠNG HỘI K3T7 13-19.07	2025-07-06 00:00:00	2025-07-11 23:59:59	game,collection,rank,recharge		4
68940	Lucky Gift Spin	2025-07-09 00:00:00	2025-08-01 00:00:00	lottery,growth,rank,reward		4
68943	ТОП-ПК (07.25)	2025-07-09 00:00:00	2025-07-31 00:00:00	stage,group	https://activity.bigo.tv/live/act/act_15180/index.html?compe_id=1751977338170156#/schedule	4
68964	💎WE WANT YOU BACK!💎	2025-07-09 00:00:00	2025-07-31 23:59:59	lottery,game,recharge,reward		4
69014	BBR - 0709 Cancer Medallion PK	2025-07-09 00:00:00	2025-07-09 23:59:59	game,stage,rank,reward		4
69072	Aile Özel Gala PK'sı	2025-07-22 12:18:41	2025-08-01 23:59:59	game,stage,group		4
69149	FRBE - Le tour mondial de Dino - Page de pré-remplissage	2025-07-11 04:09:39	2025-08-31 00:00:00	task,game,collection		4
69154	BBR - 0712-0713 Dino Stack-Up Weekend	2025-07-12 00:00:00	2025-07-13 23:59:59	lottery,collection,rank,reward		4
69221	Bigo Icon Round 1 ES	2025-07-19 00:00:00	2025-07-31 00:00:00	game,stage,rank		4
69254	Recharge Enchanté: July Season 2	2025-07-15 00:00:00	2025-07-31 23:59:59	stage,rank,recharge,reward		4
69265	Prêmio de Recarga 💲 e 💎 Enviados - Julho! 🎊	2025-07-15 21:54:39	2025-08-02 18:11:46	rank,reward	https://static-fed.bigolive.tv/live/pages/bigolive/svip/index.html	4
69290	萬國嘉年華	2025-07-16 00:00:00	2025-07-31 23:59:59	game,collection,rank,reward		4
69292	U-Xúc Xắc Xúc Xẻ 29/08-04/09	2025-08-29 00:00:00	2025-09-04 23:59:59	game,collection,rank,recharge		4
69396	TH - Family VJ Party 19 - 30 July	2025-07-19 00:00:00	2025-07-31 00:00:00	lottery,group,rank,reward		4
69405	MM Family Mid Gala - Host (July 2025)	2025-07-23 00:00:00	2025-07-31 23:59:59	game,group,rank		4
69406	MM Family Mid Gala-User(July 2025)	2025-07-23 00:00:00	2025-07-31 23:59:59	game,group,rank		4
69450	🎁Gira de GALA⚔️	2025-07-23 00:00:00	2025-07-31 23:59:59	lottery,rank,reward		4
69545	بطولة العائلات - عائلات بلاد الشام	2025-07-23 00:00:00	2025-07-31 23:59:59	game,group,rank,reward		4
69625	💎WE WANT YOU BACK!💎 AUG	2025-08-05 18:00:00	2025-08-31 23:59:59	task,lottery,recharge,reward		4
69642	As melhores hosts	2025-07-24 00:00:00	2025-12-31 23:59:59	lottery,rank,recharge,reward		4
69670	Bean Blitz	2025-08-06 00:00:00	2025-08-10 23:59:59	task,game,rank,reward		4
69673	BIGO LIVE X 緣長好事 好事女神選拔賽	2025-08-01 00:00:00	2025-08-10 23:59:59	lottery,collection,rank,reward		4
69699	Wang Wang Wang! (August 2025)	2025-08-01 12:00:00	2025-08-31 23:59:59	lottery,game,rank,reward		4
69764	Test for Join1	2025-07-24 19:00:00	2025-07-30 23:59:59	lottery,rank,recharge,reward		4
69787	8月崛起PK延長賽	2025-08-21 00:00:00	2025-08-30 23:59:59	game,collection,rank,reward		4
69793	8월 화려한 복귀	2025-08-25 00:00:00	2025-09-01 00:00:00	lottery,rank,recharge,reward		4
69808	TH - Family Boosting 1-30 Aug	2025-08-01 00:00:00	2025-08-31 00:00:00	game,group,rank,reward		4
69819	상어가족피크닉	2025-08-02 00:00:00	2025-08-10 00:00:00	lottery,rank,recharge,reward		4
69919	MM Auto Spin It -Lv Host (Aug 2025)	2025-08-01 00:00:00	2025-08-31 23:59:59	lottery,growth,game,reward		4
69925	MM Jurassic Adventure- Host (Aug/2025)	2025-08-03 00:00:00	2025-08-09 23:59:59	game,rank,reward		4
69926	MM Jurassic Adventure-User (Aug/2025)	2025-08-03 00:00:00	2025-08-09 23:59:59	game,rank,reward		4
69986	TH - Golden Weekend : 16-17 Aug	2025-08-16 00:00:00	2025-08-18 00:00:00	lottery,game,rank,reward		4
69988	TH - Golden Weekend : 30-31 Aug	2025-08-30 00:00:00	2025-09-01 00:00:00	lottery,game,rank,reward		4
70087	Cupos BIGO ICON Colombia	2025-08-07 00:00:00	2025-08-14 23:59:59	stage,rank,recharge		4
70206	Mission Citronnade	2025-08-15 00:00:00	2025-08-22 00:00:00	task,lottery,rank,reward		4
70210	Sep Recharge Bonanza!	2025-08-11 17:30:00	2025-08-15 23:59:59	lottery,rank,recharge,reward		4
70212	8.10SVIP会员日	2025-08-10 00:00:00	2025-08-10 23:59:59	lottery,rank,recharge,reward		4
70326	U-HỒ VƯƠNG HỘI K1T8 03-09/08	2025-08-03 00:00:00	2025-08-09 23:59:59	game,collection,rank,recharge		4
70341	🪷TH Topup Ranking🪷Purple 1-7 Aug 2025	2025-08-01 00:00:00	2025-08-08 00:00:00	lottery,rank,recharge,reward		4
70342	🌟TH Topup Ranking🌟Gold 8-14 Aug 2025	2025-08-08 00:00:00	2025-08-15 00:00:00	lottery,rank,recharge,reward		4
70345	💜TH Topup Ranking💜Purple 8-14 Aug 2025	2025-08-08 00:00:00	2025-08-15 00:00:00	lottery,rank,recharge,reward		4
70351	TH🐿️Topup Ranking Black 22-28 Aug 2025🐿️	2025-08-22 00:00:00	2025-08-29 00:00:00	lottery,rank,recharge,reward		4
70352	TH🪼Topup Ranking Purple 22-28 Aug 2025🪼	2025-08-22 00:00:00	2025-08-29 00:00:00	lottery,rank,recharge,reward		4
70361	Happy Recharge Hour	2025-08-16 00:00:00	2025-08-18 23:59:59	lottery,rank,recharge,reward		4
70375	🐥TH The Treasure 1-7 Aug 25🐥	2025-08-01 00:00:00	2025-08-08 00:00:00	lottery,recharge,reward		4
70444	عرش الوحوش الأسطورية - الخليج العربي	2025-08-03 00:00:00	2025-08-09 23:59:59	game,group,rank,reward		4
70451	SA	2025-08-01 00:00:00	2025-08-31 23:59:59	task,game,rank,recharge		4
70478	A-AGC THỰC CHIẾN K1T8	2025-08-03 00:00:00	2025-08-09 23:59:59	game,group,rank,reward		4
70485	Prêmio de Recarga 💲 e 💎 Enviados - Outubro! 🎊	2025-08-01 21:54:39	2025-09-01 18:11:46	growth,reward	https://static-fed.bigolive.tv/live/pages/bigolive/svip/index.html	4
70504	super wheel	2025-08-15 00:00:00	2025-08-18 00:00:00	lottery,rank,recharge,reward		4
70660	Semillas Brillantes ✨	2025-08-23 00:00:00	2025-09-01 00:00:00	game,stage,rank,recharge		4
70710	KH Football Carnival - User	2025-08-10 00:00:00	2025-08-19 23:59:59	game,rank,recharge,reward		4
70743	抽奖- 竞技场获胜次数-ALL-房主	2025-08-07 17:50:00	2025-08-09 00:00:00	lottery,game,rank,reward		4
70808	抽奖-竞技场魅力值（收礼维度）-多人视频房-嘉宾	2025-08-08 12:00:00	2025-08-09 00:00:00	lottery,game,rank,reward		4
70813	抽奖- 竞技场获胜次数-多人视频房-嘉宾	2025-08-08 12:00:00	2025-08-09 00:00:00	lottery,game,rank,reward		4
70878	U-HỒ VƯƠNG HỘI K2T8 12-18/08	2025-08-12 00:00:00	2025-08-18 23:59:59	game,collection,rank,recharge		4
70888	فرسان العائلات - بلاد الشام	2025-08-12 00:00:00	2025-08-31 00:00:00	group,rank,recharge,reward		4
70891	ملوك العائلات - شمال افريقيا	2025-08-12 00:00:00	2025-08-31 00:00:00	group,rank,recharge,reward		4
70961	⚡OFERTA FLASH⚡	2025-08-15 00:00:00	2025-08-23 00:00:00	collection,stage,rank,recharge		4
70981	dhy测试svip榜单收礼cp	2025-08-13 09:19:48	2025-08-14 20:00:00	game,rank,reward		4
70988	Live Check-In Challenge	2025-08-14 00:00:00	2025-08-21 23:59:59	task,lottery,rank,reward		4
71007	Card Brillante	2025-08-23 00:00:00	2025-09-01 00:00:00	collection,stage,rank,recharge		4
71117	萬國嘉年華	2025-08-16 00:00:00	2025-08-31 23:59:59	game,collection,rank,reward		4
71178	dhysvip测试多选	2025-08-18 15:55:58	2025-08-19 21:20:06	game,stage,rank,reward		4
71230	BERKS FAMILY ONLINE RANKING EVENT - AUG 2025	2025-08-20 00:00:00	2025-08-29 23:59:59	game,group,rank,reward		4
71234	ラッキーファミリー頂上決戦（8/22~8/26)	2025-08-22 00:00:00	2025-08-26 23:59:59	group,rank,reward		4
71244	August Spark Fest - FAM	2025-08-21 00:00:00	2025-08-25 00:00:00	game,group,rank,reward		4
71306	Free Ticket Data	2025-08-20 09:33:00	2025-08-23 20:30:00	task,group,rank,reward		4
71367	Vote for Next Month’s New Prestige Gift	2025-08-21 13:55:00	2025-09-01 23:59:59	task,group,reward		4
66503	6월 SVIP 대전	2025-06-15 00:00:00	2025-06-21 00:00:00	rank,recharge,reward		3
66516	新星耀起飛	2025-06-01 18:00:00	2025-06-30 23:59:59	game,collection,rank		3
66517	6月超時代星團集結令	2025-06-06 00:00:00	2025-06-30 23:59:59	growth,game,rank		3
66543	Rainy Beauty Fes(6.3-6.7)	2025-06-03 00:00:00	2025-06-07 22:00:00	game,rank,reward		3
66587	PK Tier&Country June 2025 (W25&W26)	2025-06-01 00:00:00	2025-06-30 23:59:59	game,rank,reward		3
66589	Aile Yıldızları Bayram	2025-06-02 00:00:00	2025-06-09 23:59:59	game,group,rank		3
66603	Recarga y cosecha	2025-06-01 00:00:00	2025-06-03 23:59:59	stage,rank,recharge		3
66608	2025/6 TR ranking	2025-06-01 00:00:00	2025-06-30 23:59:59	rank,recharge,reward		3
66641	打ち破れ！中堅ライバーの壁！！2025年6月	2025-06-03 00:00:00	2025-06-30 23:59:59	game,rank,reward		3
66644	ラッキーガチャ🎰！ 〜💖応援パワーで回せ！〜	2025-06-04 00:00:00	2025-06-30 23:59:59	lottery,rank,reward		3
66677	（Not Display）Bersama BIGO, Jadi Rakan Niaga!	2025-06-01 00:00:00	2025-06-30 23:59:59	rank,recharge,reward		3
66692	TH SVIP🥳ลุ้นเพชรหรรษาประจำเดือนมิถุนายน 2568🥳	2025-06-01 00:00:00	2025-06-30 23:59:59	lottery,collection,reward		3
66703	FRBE - Les Déesses - 202506	2025-06-07 00:00:00	2025-06-12 00:00:00	reward	https://static-fed.bigolive.tv/live/pages/bigolive/act-49879/vote.html?vote_id=1605950078735379167	3
66706	الوكالة المتفوقة - دول الشام و العراق	2025-06-01 00:00:00	2025-06-30 23:59:59	game,group,rank		3
66717	L1001383838  SVIP The Golden Royale	2025-06-01 00:00:00	2025-07-31 00:00:00	game,rank,recharge		3
66742	Gift Mileage	2025-06-03 00:00:00	2025-06-09 23:59:59	lottery,rank,reward		3
66746	الوكالة المتفوقة - دول شمال افريقيا	2025-06-01 00:00:00	2025-06-30 23:59:59	game,group,rank		3
66751	BIGO BEAN RUSH - June Top Bean Earner Leaderboard	2025-06-01 00:00:00	2025-06-30 23:59:59	collection,rank,reward		3
66778	ピールオフ広告に出演しよう！	2025-06-11 00:00:00	2025-06-20 21:59:59	game,rank,reward		3
66794	MM US Gifting Sprint-June(1st-9th/June)	2025-06-01 00:00:00	2025-06-09 23:59:59	game,rank,reward		3
66798	살인범은 바로..!? (6월)	2025-06-05 00:00:00	2025-06-20 00:00:00	lottery,rank,reward		3
66800	JUNE Overseas Gifting Ranking	2025-06-01 00:00:00	2025-06-30 23:59:59	game,rank,reward		3
66805	Kurban Şanslı Çekiliş Otomatı	2025-06-02 00:00:00	2025-06-10 23:59:59	lottery,rank,reward		3
66811	STAR LIST 2025 (PH)	2025-05-30 17:20:00	2026-01-07 23:59:59	task	https://static-fed.bigolive.tv/live/pages/bigolive/act-19666/index.html?countryCode=ph_ph	3
66832	配信を視聴するだけ 最大1000ビーンズ当たる！	2025-06-07 00:00:00	2025-07-01 00:00:00	lottery,rank,reward		3
66843	CP Ranking Challenge-June	2025-06-01 00:00:00	2025-06-30 23:59:59	game,rank,reward		3
66844	Nepal Agent list	2025-06-01 00:00:00	2025-06-30 23:59:59	group,rank,reward		3
66846	ID - 🎙️Golden Voice Indonesia	2025-06-20 00:00:00	2025-07-01 00:00:00	lottery,rank,reward		3
66865	USCA SVIP System 2025	2025-06-01 00:00:00	2026-06-01 00:00:00	game,stage,group		3
66871	Panteón de Fama Latam	2025-06-01 00:00:00	2025-06-27 00:00:00	game,group,rank		3
66890	test Mid Year GALA Recharge	2025-06-01 00:00:00	2025-06-30 23:59:59	rank,recharge		3
66905	New wave streamers Challenge	2025-06-01 05:11:43	2025-07-01 01:59:59	lottery,rank,reward		3
66906	Rising Star Showdown Leaderboard	2025-06-01 05:11:43	2025-07-01 01:59:59	lottery,rank,reward		3
66907	Super Star Champion League	2025-06-01 05:11:43	2025-07-01 01:59:59	lottery,rank,reward		3
66909	Race to the Gold (June) backstage	2025-06-01 12:00:00	2025-06-30 23:59:59	stage,rank,reward		3
66914	Internal Event LEVA UM June	2025-06-02 00:00:00	2025-06-30 23:59:59	game,rank,recharge		3
66923	6月【週榜桂冠】榮耀轉盤抽獎	2025-06-03 00:00:00	2025-07-03 23:59:59	lottery,rank,reward		3
66924	حدث عيد الاضحى لصانع المحتوى  لعام 2025 -الخليج العربي	2025-06-03 00:00:00	2025-06-09 23:59:59	game,rank,reward		3
66925	حدث عيد الاضحى لعام 2025 -شمال افريقيا	2025-06-03 00:00:00	2025-06-09 23:59:59	game,rank,reward		3
66928	حدث عيد الأضحى	2025-06-03 00:00:00	2025-06-09 23:59:59	game,rank,recharge		3
66939	配信イチゴー6月	2025-06-02 18:00:00	2025-06-30 23:59:59	lottery,rank,reward		3
66940	GoGoマラソン-6月	2025-06-02 18:00:00	2025-06-30 23:59:59	lottery,rank,reward		3
66941	新人さんいらっしゃい-6月	2025-06-02 18:00:00	2025-06-30 23:59:59	lottery,rank,reward		3
66942	Travel with love	2025-06-03 00:00:00	2025-06-10 00:00:00	game,rank,reward		3
66945	わたしを花嫁にして(6.11-6.15)	2025-06-11 00:00:00	2025-06-15 22:00:00	game,rank,reward		3
66949	Aile Zaferi Elmas	2025-06-03 00:00:00	2025-07-05 23:59:59	group,rank,recharge		3
66950	Aile Zaferi Platin	2025-06-03 00:00:00	2025-07-05 23:59:59	group,rank,recharge		3
66960	KH-US Gifting Storm (June R1)	2025-06-07 00:00:00	2025-06-13 23:59:59	game,rank,reward		3
66962	KH-US Gifting Storm (June R2)	2025-06-17 00:00:00	2025-06-23 23:59:59	game,rank,reward		3
66964	KH-US Gifting Storm (June R3)	2025-06-27 00:00:00	2025-07-03 23:59:59	game,rank,reward		3
66965	Long Weekend Top Stars	2025-06-06 00:00:00	2025-06-08 23:59:59	game,rank,reward		3
67000	next_generation1 SVIP The Golden Royale	2025-06-04 00:00:00	2025-07-31 00:00:00	game,rank,recharge		3
67002	824714552 SVIP The Golden Royale	2025-06-04 00:00:00	2025-07-31 00:00:00	game,rank,recharge		3
67013	Eid al-Adha Live Fest	2025-06-04 00:00:00	2025-06-11 02:00:00	task,rank,reward		3
67027	Weekend Offer-BD-7th&8th June	2025-06-06 22:00:00	2025-06-08 21:59:59	task,game,reward		3
67031	Nepal Weekend challenge June	2025-06-04 00:00:00	2025-06-30 23:59:59	game,rank,reward		3
67063	F-ĐƯỜNG ĐUA CHIẾN TƯỚNG | Kì 1 (5-10/6)	2025-06-05 00:00:00	2025-06-11 00:00:00	group,rank,reward		3
67066	夏を先取り！スイーツ万博(6.18-6.22)	2025-06-18 00:00:00	2025-06-22 22:00:00	game,rank,reward		3
67098	Diamond Bean Challenge	2025-06-09 00:00:00	2025-06-16 00:00:00	collection,rank,reward		3
67108	hlj-集卡-房间充值金额-ALL	2025-06-05 12:30:00	2025-06-30 00:00:00	collection,recharge,reward		3
67128	hlj-淘汰榜-个人-充值金额	2025-06-05 12:42:45	2025-06-30 00:00:00	stage,rank,recharge		3
67136	Juicy-个人排行榜-房间充值金额-ALL	2025-06-05 14:30:29	2025-06-09 00:00:00	game,rank,recharge		3
67137	Juicy-个人排行榜-房间充值金额-安卓	2025-06-05 14:30:29	2025-06-09 00:00:00	game,rank,recharge		3
67166	DING DONG FIGHT JUNE	2025-06-06 00:00:00	2025-06-09 23:59:59	collection,rank,reward		3
67170	748175286  SVIP The Golden Royale juli	2025-07-02 00:00:00	2025-08-01 00:00:00	lottery,rank,recharge		3
67179	恋するカロリー(6.13-6.17)	2025-06-13 00:00:00	2025-06-17 22:00:00	game,rank,reward		3
67182	U-VÒNG QUAY SVIP T6 NEW	2025-06-12 00:00:00	2025-07-01 00:00:00	lottery,collection,reward		3
67195	Командный ПК-марафон (08-09.06)	2025-06-08 00:00:00	2025-06-09 23:59:59	game,group,rank		3
67202	Semana Brillantes ✨	2025-06-08 00:00:00	2025-06-14 00:00:00	stage,rank,recharge		3
67217	F-ĐẤU TRƯỜNG LIÊN MINH - PK 3V3 - K1T6	2025-06-07 00:00:00	2025-06-10 00:00:00	game,group,rank		3
67221	F-VÙNG ĐẤT TÂN BINH - KỲ 1 THÁNG 6	2025-06-08 00:00:00	2025-06-15 00:00:00	group,rank,reward		3
67222	F-CLB USER NƯỚC NGOÀI 9-13/6 - USER THAM GIA	2025-06-09 00:00:00	2025-06-14 00:00:00	game,rank,reward		3
67233	Salón de Fama- Latam	2025-06-07 00:00:00	2025-06-13 00:00:00	game,rank		3
67237	invalido	2025-06-07 15:40:00	2025-06-13 00:00:00	game,rank		3
67240	أساطير الفخامة - كبار الشخصيات الخليج العربي	2025-06-12 00:00:00	2025-06-18 23:59:59	game,rank,recharge		3
67261	Overseas Celebrity Season 1 ANZ&PH	2025-06-10 00:00:00	2025-06-20 00:00:00	game,rank,reward		3
67263	pn	2025-06-09 11:00:00	2025-06-11 00:00:00	game,collection,reward		3
67312	삼국통일: 적벽대전 6월	2025-06-18 00:00:00	2025-06-25 00:00:00	game,rank,recharge		3
67321	Dach top streamer task june data	2025-06-10 00:00:00	2025-06-14 00:00:00	task,game,rank		3
67322	Dach Emerging Star Lottery june data	2025-06-10 00:00:00	2025-06-18 00:00:00	lottery,game,rank		3
67327	MM Club Activities- Host (June 2025)	2025-06-12 00:00:00	2025-06-18 23:59:59	game,rank,reward		3
67328	MM Club Activities-User(June 2025)	2025-06-12 00:00:00	2025-06-18 23:59:59	game,rank,reward		3
67333	hlj-团体榜-充值金额	2025-06-10 00:00:00	2025-06-13 00:00:00	group,rank,recharge		3
67340	MM💃 Miss Universe Myanmar 2025 💃	2025-06-14 00:00:00	2025-06-27 17:00:00	game,stage,rank		3
67345	PH Idols ANZ Supporters	2025-06-10 00:00:00	2025-06-19 23:59:59	collection,rank,reward		3
67360	Academia de Idols Avanzada	2025-06-15 00:00:00	2025-06-29 23:59:59	game,rank		3
67363	PH Fam Talent Carnival	2025-06-11 00:00:00	2025-06-30 00:00:00	game,rank		3
67368	Juicy-淘汰棒-个人榜-充值金额(安卓+ios)	2025-06-10 12:50:53	2025-06-12 00:00:00	stage,rank,recharge		3
67373	KH-Tycoon Club (Host)	2025-06-12 00:00:00	2025-06-20 23:59:59	game,rank,reward		3
67375	TH-User-🌀Tycoon Club 12-18 June 25🌀	2025-06-12 00:00:00	2025-06-19 00:00:00	lottery,rank,reward		3
67376	비고 프라이데이	2025-06-10 15:00:00	2025-07-01 00:00:00	game,rank,recharge		3
67377	Diamond Bean Challenge	2025-06-11 00:00:00	2025-06-22 00:00:00	collection,rank,reward		3
67378	June Valentine's (CP Ranking)	2025-06-11 00:00:00	2025-06-17 23:59:59	game,rank,reward		3
67379	Fam glory party	2025-06-12 00:00:00	2025-06-19 23:59:59	group,rank,reward		3
67382	Juicy-集卡-充值金额ALL	2025-06-10 14:45:23	2025-06-12 00:00:00	collection,recharge,reward		3
67383	Juicy-集卡-房间内充值金额	2025-06-10 14:50:23	2025-06-12 00:00:00	collection,recharge,reward		3
67384	BIGO浴衣名鑑 〜推しが“浴衣”で広告に〜 supported by dazzy	2025-06-21 00:00:00	2025-06-30 21:59:59	game,rank,reward		3
67388	KH Tycoon Club - User	2025-06-12 00:00:00	2025-06-20 23:59:59	lottery,rank,reward		3
67394	Gift & Collect: Card Hunt Edition	2025-06-11 00:00:00	2025-06-30 23:59:59	game,collection,reward		3
67396	Prêmio de Recarga 💲 e 💎 Enviados - Junho! 🎊	2025-06-10 15:25:15	2025-07-02 18:11:46	reward	https://static-fed.bigolive.tv/live/pages/bigolive/svip/index.html	3
67408	Gifter's Luck! - Gifting Event	2025-06-11 00:00:00	2025-06-30 23:59:59	task,lottery,reward		3
67449	ANZ Leaderboard Elimination	2025-06-13 00:00:00	2025-06-20 23:59:59	stage,rank,reward		3
67454	鏡の中のわたし(6.26-6.30)	2025-06-26 00:00:00	2025-06-30 22:00:00	game,rank,reward		3
67492	Bonos con Orgullo🌈	2025-06-14 00:00:00	2025-06-21 00:00:00	stage,rank,recharge		3
67497	디노 상회	2025-06-24 00:00:00	2025-07-01 00:00:00	game,rank,reward		3
67498	BELL RANK JUNE 27-30	2025-06-27 00:00:00	2025-06-30 23:59:59	game,rank,reward		3
67519	NL&NE SVIP Points Spin	2025-06-16 00:00:00	2025-06-30 00:00:00	lottery,game,reward		3
67528	Offline Event LATAM Junio 25	2025-06-12 14:20:47	2025-06-19 23:59:59	stage,rank,recharge		3
67529	Recall New LATAM Junio 25	2025-06-14 00:00:00	2025-06-24 23:59:59	stage,rank,recharge		3
67530	SVIP Primera Vez LATAM Junio 25	2025-06-12 16:00:00	2025-06-30 23:59:59	stage,rank,recharge		3
67534	毎日達成チャージキャンペーン	2025-06-16 00:00:00	2025-06-22 23:59:59	game,rank,recharge		3
67542	WINWIN PK 2026	2025-06-13 20:00:00	2026-05-31 00:00:00	game	https://activity.bigo.tv/live/act/act_15180/index.html?compe_id=1783333924651684	3
67546	DACH talent ranking June	2025-06-16 00:00:00	2025-06-23 00:00:00	game,rank		3
67549	✨Recharge Events✨	2025-07-15 10:55:00	2025-08-31 23:59:59	lottery,stage,recharge		3
67586	Family Fortune --- June USCAxPH Family Event	2025-06-13 18:22:22	2025-07-31 00:00:00	group,rank,reward		3
67587	Family Fortune--- June USCA x VN Family Event	2025-06-13 18:22:22	2025-07-31 00:00:00	group,rank,reward		3
67589	BIGO BEAN RUSH - 0616 - 0619 Dino Hit Wave	2025-06-16 00:00:00	2025-06-19 23:59:59	collection,rank,reward		3
67603	Tormenta de Brillos	2025-06-21 00:00:00	2025-06-28 00:00:00	stage,rank,recharge		3
67629	MM US Gifting Sprint-June(18th-25th/June)	2025-06-18 00:00:00	2025-06-25 23:59:59	game,rank,reward		3
67631	📜DATA-Durian Showdown: Summer Bloom-a golden surprise awaits	2025-07-01 00:00:00	2025-07-31 23:59:59	rank,recharge		3
67641	حدث أسطورة درب الاكاليل - الخليج العربي	2025-06-19 00:00:00	2025-06-23 23:59:59	group,rank,reward		3
67643	فعالية كبار الشاحنين المحتملين ـ June	2025-06-18 18:50:00	2025-06-30 23:59:59	game,rank,recharge		3
67661	The Luxe League: Exclusive Recharge Event	2025-06-18 00:00:00	2025-06-24 23:59:59	rank,recharge,reward		3
67662	KH Neon Garden-Host (June)	2025-06-21 00:00:00	2025-06-30 23:59:59	game,rank,reward		3
67679	RICARICA BONUS! SVIP EXTRA COUPON!	2025-06-17 12:00:00	2025-07-01 00:00:00	rank,recharge,reward		3
67690	حدث أسطورة درب الاكاليل - شمال أفريقيا	2025-06-19 00:00:00	2025-06-23 23:59:59	group,rank,reward		3
67691	حدث أسطورة درب الاكاليل -العراق وبلاد الشام	2025-06-19 00:00:00	2025-06-23 23:59:59	group,rank,reward		3
67705	BIGO BEAN RUSH - 0620-0622 Weekend Bean Boost	2025-06-20 00:00:00	2025-06-22 23:59:59	game,rank,reward		3
67707	Referral Code User Survey	2025-06-17 20:10:10	2025-06-25 00:00:00	task,recharge,reward		3
67718	Overseas Celebrity Season 2  AUNZ & PH &VN	2025-06-23 00:00:00	2025-06-30 23:59:59	game,rank,reward		3
67742	Apoyo desde Iberia 💎	2025-06-19 00:00:00	2025-06-25 23:59:59	game,stage,rank		3
67762	✨한정 이벤트✨ 데일리 복주머니!	2025-06-20 00:00:00	2025-06-23 00:00:00	task,growth,recharge		3
67767	PH USER EVENTS CALENDAR	2025-06-19 16:05:00	2025-06-20 00:00:00	game,recharge,reward		3
67772	F-ĐƯỜNG ĐUA CHIẾN TƯỚNG | Kì 1 (21-26/6)	2025-06-21 00:00:00	2025-06-27 00:00:00	group,rank,reward		3
67773	MM Neon Garden- Host (June 2025)	2025-06-24 00:00:00	2025-06-30 23:59:59	game,rank,reward		3
67776	June BIGO Billionaire E3 - EN	2025-06-23 00:00:00	2025-06-26 23:59:59	game,rank,reward		3
67779	MM Neon Garden-User(June 2025)	2025-06-24 00:00:00	2025-06-30 23:59:59	game,rank,reward		3
67805	F-CLB USER NƯỚC NGOÀI 23-27/6 - USER THAM GIA	2025-06-23 00:00:00	2025-06-28 00:00:00	game,rank,reward		3
67809	7月 - 💎GATEWAY OF THE MONTH💎	2025-07-01 18:00:00	2025-07-31 23:59:59	lottery,recharge,reward		3
67838	ファミリー起動ページ	2025-06-26 00:00:00	2025-06-30 21:59:59	group,rank,reward		3
67844	Recarga de suerte	2025-06-23 00:00:00	2025-06-25 23:59:59	stage,rank,recharge		3
67847	FRBE - Rechargez pour gagner 2 202506	2025-06-23 00:00:00	2025-06-25 23:59:59	rank,recharge,reward		3
67850	Salón de Fama- Latam Ronda 3	2025-06-21 00:00:00	2025-06-28 00:00:00	group,rank		3
67856	June SVIP Mega Offer-BD	2025-06-21 19:50:07	2025-06-30 21:59:59	task,game,reward		3
67861	2025/7 TR ranking	2025-07-01 00:00:00	2025-07-31 23:59:59	rank,recharge,reward		3
67871	Match Made in Beans: Spender x Host	2025-06-25 00:00:00	2025-06-30 23:59:59	task,rank,reward		3
67872	The Grand Échelon: Recharge & Gifting Spectacle	2025-06-25 00:00:00	2025-06-30 23:59:59	rank,recharge,reward		3
67878	살인범은 바로..!? (7월)	2025-07-07 00:00:00	2025-07-22 00:00:00	lottery,rank,reward		3
67880	USCAxPH,sending win-win	2025-06-24 00:00:00	2025-07-01 00:00:00	game,group,rank		3
67906	VIỆT NAM BXH NGÀY THÁNG 7.2025	2025-07-01 00:00:00	2025-08-03 23:59:59	task,rank,reward		3
67908	AgenturRanking	2025-06-23 17:30:00	2025-06-29 23:59:59	game,group,rank		3
67910	Streamer Bloom List	2025-06-24 00:00:00	2025-07-01 00:00:00	game,rank,reward		3
67911	F-VÙNG ĐẤT TÂN BINH - KỲ 2 THÁNG 6	2025-06-24 00:00:00	2025-07-01 00:00:00	group,rank,reward		3
67912	U-VÒNG QUAY SVIP T7.2025	2025-07-01 00:00:00	2025-07-31 23:59:59	lottery,collection,reward		3
67923	💖澳~偷走我的新！💖	2025-06-25 00:00:00	2025-07-02 23:59:59	game,collection,rank		3
67953	BBR - 0624-0627 TOP 100 End of Month Special	2025-06-24 00:00:00	2025-06-27 23:59:59	task,rank,reward		3
67968	BIGO ICON do Brasil	2025-06-27 00:00:00	2025-07-09 23:59:59	game,rank		3
67983	6月SLラッキー★ラッシュ	2025-06-28 00:00:00	2025-06-30 23:59:59	game,rank,reward		3
68017	Cчастливые капсулы для опытных ведущих	2025-07-01 00:00:00	2025-07-30 00:00:00	lottery,rank,reward		3
68023	Mejora de Ingreso Junio- Agencia	2025-06-25 00:00:00	2025-07-01 00:00:00	game,group,rank		3
68027	BBR - 0628-0703 Rush to July (6-Day Bean Challenge)	2025-06-28 00:00:00	2025-07-03 23:59:59	game,rank,reward		3
68037	M Talent Agency LLC Reseller Flash sale	2025-06-26 00:00:00	2025-06-30 23:59:59	rank,recharge		3
68039	JHawkins Talent Agency LLC Reseller Flash sale	2025-06-26 00:00:00	2025-06-30 23:59:59	rank,recharge		3
68042	Trac Digital Inc Reseller Flash sale	2025-06-26 00:00:00	2025-06-30 23:59:59	game,rank,recharge		3
68043	Crown Jewels Agency LLC Reseller Flash sale	2025-06-26 00:00:00	2025-06-30 23:59:59	rank,recharge		3
68050	天選萬金幸運兒	2025-06-30 00:00:00	2025-07-06 23:59:59	game,rank,recharge		3
68083	بطولة الجالا  النصف سنوية - لصانع المحتوى - بلاد الشام	2025-07-04 00:00:00	2025-07-12 23:59:59	game,rank,reward		3
68112	BBR - July Milestone Challenge	2025-07-01 00:00:00	2025-07-31 23:59:59	collection,rank,reward		3
68113	Africa Spotlight: Gift Fest & Live Show---June 2025	2025-06-25 13:10:56	2025-07-05 00:00:00	task,rank,reward		3
68114	Family Fortune R2--- June USCA x VN Family Event	2025-06-25 13:10:44	2025-07-31 00:00:00	group,rank,reward		3
68115	Family Fortune R2 --- June USCAxPH Family Event	2025-06-25 13:25:46	2025-07-31 00:00:00	group,rank,reward		3
68125	Gol dorado de Fin de Mes	2025-06-28 00:00:00	2025-07-01 00:00:00	stage,rank,recharge		3
68145	MM Let's PK-Host (July 2025)	2025-07-01 00:00:00	2025-07-31 23:59:59	game,rank,reward		3
68146	MM Auto Crazy Friday-Host (July 2025)	2025-07-01 00:00:00	2025-07-31 23:59:59	game,rank,reward		3
68149	Durian Showdown: The King of All	2025-07-01 00:00:00	2025-07-26 23:59:59	lottery,rank,recharge		3
68171	QUỐC TẾ - BXH NGÀY T7/2025	2025-07-01 00:00:00	2025-08-03 23:59:59	task,game,rank		3
68179	BẢNG XẾP HẠNG ĐẠI LÝ THÁNG 7	2025-07-03 00:00:00	2025-08-03 00:00:00	group,rank,reward		3
68215	Destino a Estambul ✈️	2025-07-01 00:00:00	2025-07-31 23:59:59	stage,rank		3
68217	Recarga y cosecha	2025-07-01 00:00:00	2025-07-03 23:59:59	stage,rank,recharge		3
68218	السنوية التاسعة لبيجو لايف	2025-06-26 23:59:00	2025-07-17 18:55:33	lottery,game,reward		3
68222	SVIP Primera Vez July 25 LATAM	2025-07-01 00:00:00	2025-07-31 23:59:59	stage,rank,recharge		3
68236	ID - Indonesia Family 2025 MID-YEAR GALA 👑 Agency	2025-07-04 00:00:00	2025-08-01 00:00:00	group,rank		3
68238	高級桃をGET！(7.1-7.5)	2025-07-01 00:00:00	2025-07-05 22:00:00	game,rank,reward		3
68248	最強の相棒2025	2025-07-27 00:00:00	2025-07-31 21:59:59	game,group,rank		3
68284	ID July User	2025-07-01 00:00:00	2025-08-01 00:00:00	task,rank,recharge		3
68325	JULY Overseas Gifting Ranking	2025-07-01 00:00:00	2025-07-31 23:59:59	game,rank,reward		3
68337	SVIP限定ルーレットゲーム！ ポイントで運試し✨（7月）	2025-07-01 00:00:00	2025-07-31 23:59:59	lottery,rank,reward		3
68340	Tiered Motivation Program-July	2025-07-01 00:00:00	2025-07-31 23:59:59	task,game,rank		3
68341	Nepal Agent list-July	2025-07-01 00:00:00	2025-07-31 23:59:59	group,rank,reward		3
68347	配信イチゴー7月	2025-07-01 18:00:00	2025-07-31 23:59:59	lottery,rank,reward		3
68349	新人さんいらっしゃい-7月	2025-07-01 18:00:00	2025-07-31 23:59:59	lottery,rank,reward		3
68361	Gifting Privé- July Season 1	2025-07-01 00:00:00	2025-07-14 23:59:59	task,rank,reward		3
68364	TH SVIP🥳ลุ้นเพชรหรรษาประจำเดือน กรกฎาคม 2568🥳	2025-07-01 00:00:00	2025-08-01 00:00:00	lottery,collection,reward		3
68375	¡semillas de Lujo en Julio！	2025-07-01 00:00:00	2025-07-13 00:00:00	stage,rank,recharge		3
68383	配信時間８０H チャレンジ！	2025-07-01 00:00:00	2025-07-31 23:59:59	lottery,game,reward		3
68397	Thailand - Country PK Gala Special 2025	2025-06-30 15:25:00	2025-08-01 00:00:00	game,reward		3
68408	July SVIP Exclusive: Claim Diamonds By Gifting!	2025-07-21 19:00:00	2025-07-27 23:59:59	lottery,rank,reward		3
68419	Prêmio de Recarga 💲 e 💎 Enviados - Julho! 🎊	2025-06-30 15:25:15	2025-07-02 18:11:46	reward	https://static-fed.bigolive.tv/live/pages/bigolive/svip/index.html	3
68421	Prêmio de Recarga 💲 e 💎 Enviados - Julho! 🎊	2025-06-30 15:25:15	2025-07-02 18:11:46	reward	https://static-fed.bigolive.tv/live/pages/bigolive/svip/index.html	3
68423	TH🫶Final Call 25-31 Jul 25🫶	2025-07-25 00:00:00	2025-08-01 00:00:00	lottery,stage,reward		3
68431	日榜数据_Malay Host (1/7/2025 12pm- 31/7/2025)	2025-07-01 12:00:00	2025-07-31 23:59:59	game,rank,reward		3
68434	夏顔宣言(7.3-7.7)	2025-07-03 00:00:00	2025-07-07 22:00:00	game,rank,reward		3
68457	TH SVIP July Points 2025	2025-07-01 01:00:00	2025-07-31 23:59:59	lottery,game,reward		3
68460	7月【週榜桂冠】榮耀扭蛋機抽獎	2025-07-02 00:00:00	2025-08-03 23:59:59	lottery,rank,reward		3
68461	新星耀起飛	2025-07-01 18:00:00	2025-07-31 23:59:59	game,collection,rank		3
68464	حدث جالا منتصف العام- الخليج العربي	2025-07-04 00:00:00	2025-07-12 23:59:59	group,rank,reward		3
68471	Nepal Weekend challenge June	2025-07-04 00:00:00	2025-07-31 23:59:59	game,rank,reward		3
68474	مجد العائلات	2025-07-03 00:00:00	2025-07-07 23:59:59	game,rank,reward		3
68485	Unis sous le Drapeau	2025-07-05 00:00:00	2025-07-10 00:00:00	group,rank,reward		3
68486	Food Fight à la Française 202507	2025-07-14 00:00:00	2025-07-19 00:00:00	group,rank,recharge		3
68505	🎉 비고 연중 페스티벌	2025-07-02 00:00:00	2025-07-11 00:00:00	game,rank,reward		3
68526	SA	2025-07-02 00:00:00	2025-07-30 23:59:59	game,rank,recharge		3
68529	DACH Juli. SVIP Glücksrad	2025-07-10 00:00:00	2025-07-31 23:59:59	lottery,game,reward		3
68530	2025 MID YEAR HOST GALA	2025-07-02 00:00:00	2025-07-31 23:59:59	game,reward		3
68531	PH Host Weekend Bonanza	2025-07-02 00:00:00	2025-07-31 00:00:00	task,rank,reward		3
68545	GOちゃんからのお中元大作戦(7.9-7.13)	2025-07-09 00:00:00	2025-07-13 22:00:00	game,rank,reward		3
68556	Talent Live Stage! Unleash Your Brilliance in Real-Time!	2025-07-01 18:45:32	2026-02-28 00:00:00	game,stage		3
68582	بطولة الجالا النصف سنوية لكبار الشخصيات - شمال افريقيا	2025-07-04 00:00:00	2025-07-12 23:59:59	game,rank,recharge		3
68631	配信を視聴するだけ 最大1000ビーンズ当たる！	2025-07-07 00:00:00	2025-08-01 00:00:00	lottery,rank,reward		3
68635	Prêmio de Recarga 💲 e 💎 Enviados - Julho! 🎊	2025-07-02 15:25:15	2025-08-02 18:11:46	reward	https://static-fed.bigolive.tv/live/pages/bigolive/svip/index.html	3
68649	MM AGC PK Ranking-July2025	2025-07-02 13:56:16	2025-07-31 23:59:59	game,group,rank		3
68654	Summer Party	2025-07-04 00:00:00	2025-07-10 23:59:59	game,rank		3
68660	BIGO SUMMER 2025-IDOL CHIẾN	2025-07-04 00:00:00	2025-07-12 23:59:59		https://activity.bigo.tv/live/act/banner-aggregation2/index.html?id=1592835216	3
68666	推し家電、降臨(7.6-7.10)	2025-07-06 00:00:00	2025-07-10 22:00:00	game,rank,reward		3
68670	rajawali10 SVIP The Golden Royale July	2025-07-03 00:00:00	2025-08-31 23:59:59	game,rank,recharge		3
68704	934294984(Mr.Surprise) SVIP The Golden Royale July	2025-07-03 00:00:00	2025-08-31 23:59:59	game,rank,recharge		3
68815	Agency Rush	2025-08-08 12:30:00	2025-08-31 23:59:59	game,stage,reward		3
68830	KH-US Gifting Storm (July R1)	2025-07-07 00:00:00	2025-07-13 23:59:59	game,rank,reward		3
68831	KH-US Gifting Storm (July R2)	2025-07-17 00:00:00	2025-07-23 23:59:59	game,rank,reward		3
68832	KH-US Gifting Storm (July R3)	2025-07-28 00:00:00	2025-08-03 23:59:59	game,rank,reward		3
68861	TOP Família-🐚 SEA GLOW FAMILY 🐚	2025-07-05 00:00:00	2025-07-10 00:00:00	group	https://static-fed.bigolive.tv/live/pages/bigolive/family-detail/index.html?familyId=42416	3
68862	F-CLB USER NƯỚC NGOÀI 7-11/7 - USER THAM GIA	2025-07-07 00:00:00	2025-07-12 00:00:00	game,rank,reward		3
68879	GALA'YA ÖZEL YÜKLEME	2025-07-04 19:00:00	2025-07-09 23:59:59	rank,recharge		3
68884	THRONE AFRICA	2025-07-05 00:00:00	2025-07-31 23:59:59	task,rank,reward		3
68908	مجد العائلات	2025-07-08 00:00:00	2025-07-31 23:59:59	game,rank,reward		3
68912	Penang Bridge International Marathon 2025	2025-07-07 10:45:41	2025-12-14 00:00:00	growth		3
68944	ANZxPH Collab to win!	2025-07-08 00:00:00	2025-07-22 23:59:59	game,group,rank		3
68945	酔い旅いい気分(7.14-7.18)	2025-07-14 00:00:00	2025-07-18 22:00:00	game,rank,reward		3
68953	ナツゲー日和(7.16-7.20)	2025-07-16 00:00:00	2025-07-20 22:00:00	game,collection,rank		3
68992	吉隆坡星光集結	2025-07-09 00:00:00	2025-07-26 00:00:00	collection,group,rank		3
69089	DOTA2 & CS2 2025	2025-07-10 00:00:00	2025-08-31 00:00:00	game,stage,rank		3
69097	2nd Recall July 2025 LATAM	2025-07-16 00:00:00	2025-07-31 23:59:59	stage,rank,recharge		3
69132	Super Mittente di Regali 13/7-22/7	2025-07-13 00:00:00	2025-07-22 23:59:59	game,rank,reward		3
69167	KH Top-Up Titan VS Gift Master - User	2025-07-13 00:00:00	2025-07-22 23:59:59	rank,recharge,reward		3
69172	BIGO TALENT VIDEOS!	2025-07-11 16:19:29	2026-07-01 00:00:00		https://static-fed.bigolive.tv/live/pages/bigolive/act-85008-TgX2wL/index.html	3
69192	Camino a la Fama 🎉	2025-07-13 00:00:00	2025-07-19 23:59:59	game,stage,rank		3
69211	Crazy beans Ranking Battle	2025-07-15 00:00:00	2025-07-22 23:59:59	game,rank,reward		3
69227	쌍둥이 타워 시즌2	2025-07-27 00:00:00	2025-07-31 00:00:00	game,rank,recharge		3
69228	ANZ Top Streamer Knockout	2025-07-15 00:00:00	2025-07-22 23:59:59	stage,rank,reward		3
69238	Ranking List	2025-07-14 10:03:00	2026-04-30 00:00:00	task,group,rank		3
69248	SPENDING MASTER TOURNAMENT	2025-07-16 00:00:00	2025-07-31 23:59:59	rank,recharge,reward		3
69350	FAMILIAS BRILLANTES PARA TI!✨	2025-07-16 16:00:00	2026-01-31 00:00:00	game,stage,rank		3
69380	LEVANA - حدث جمع البطاقات لكبار شخصيات بلاد الشام و شمال افريقيا	2025-07-16 17:51:45	2025-07-31 23:59:59	collection,recharge,reward		3
69399	Mid Year GALA Malay Top Agency 2025	2025-07-17 11:45:00	2025-07-31 23:59:59	stage,group		3
69409	7月SLラッキー★ラッシュ 週末Ver.（7/19-7/20）	2025-07-19 00:00:00	2025-07-20 23:59:59	game,rank,reward		3
69419	Weekend Offer-BD-18th,19th&20th July	2025-07-17 16:30:59	2025-07-20 21:59:59	task,game,reward		3
69428	PRIME II FAMILY ONLINE RANKING EVENT - JULY 2025	2025-07-21 00:00:00	2025-07-30 23:59:59	group,rank,reward		3
69429	PRIME III FAMILY ONLINE RANKING EVENT - JULY 2025	2025-07-21 00:00:00	2025-07-30 23:59:59	group,rank,reward		3
69453	BIGO BEAN RUSH – New Tier Lucky Draw	2025-07-21 00:00:00	2025-07-31 23:59:59	lottery,collection,reward		3
69458	F-THIẾU TƯỚNG TRANH TÀI	2025-07-21 00:00:00	2025-07-26 00:00:00	group,rank,recharge		3
69471	Diamond Spin Party	2025-08-18 00:00:00	2025-08-31 23:59:59	lottery,recharge,reward		3
69485	ID - Mini Game ( 19-21 July)	2025-07-19 00:00:00	2025-07-21 23:59:59	task,game,rank		3
69578	비고 라이브 초보 탈출 가이드!💡	2025-07-22 18:00:00	2026-07-22 00:00:00	growth,game,rank		3
69583	ファミリー起動ページ(データ)25年7月	2025-07-27 00:00:00	2025-07-31 21:59:59	group,rank,reward		3
69592	ファミリー起動ページ	2025-07-27 00:00:00	2025-07-31 21:59:59	group,rank,reward		3
69593	🤖TH Yummy Pro 2025🤖	2025-07-23 10:00:00	2025-07-31 00:00:00	game	https://static-fed.bigolive.tv/live/pages/bigolive/act-88322-QNoJAb/index.html	3
69660	August Daily Ladder Challenge	2025-08-02 00:00:00	2025-08-31 23:59:59	task,game,reward		3
69711	Special Voucher 4 U!	2025-07-24 02:12:22	2025-08-11 00:00:00	rank,recharge,reward		3
69756	F-ĐẤU TRƯỜNG LIÊN MINH - PK 3V3 - K2T7	2025-07-25 00:00:00	2025-07-28 00:00:00	game,group,rank		3
69779	Rising Star August	2025-08-01 00:00:00	2025-08-31 23:59:59	game,rank,reward		3
69802	8월 SVIP 전설의 랭킹	2025-08-01 00:00:00	2025-09-01 00:00:00	game,rank,reward		3
69832	콩을 지배할 자, 누구인가!	2025-08-17 00:00:00	2025-08-24 23:59:59	game,collection,recharge		3
69884	BR-Grande Retorno 💰 do Começo de Agosto 🎊	2025-08-01 00:00:00	2025-08-11 00:00:00	game,rank,recharge		3
69907	KH Game on: PK Time (August)	2025-08-05 00:00:00	2025-08-28 23:59:59	game,rank,reward		3
69917	MM Let's PK-Host (Aug 2025)	2025-08-01 00:00:00	2025-08-31 23:59:59	game,rank,reward		3
69918	MM Auto Crazy Friday-Host (Aug 2025)	2025-08-01 00:00:00	2025-08-31 23:59:59	game,rank,reward		3
69965	111	2025-07-30 00:00:00	2025-07-31 00:00:00	collection,recharge,reward		3
70020	QUỐC TẾ - BXH NGÀY T8/2025	2025-08-04 00:00:00	2025-09-07 23:59:59	task,game,rank		3
70089	2nd Recall August 2025 LATAM	2025-08-18 00:00:00	2025-08-31 23:59:59	stage,rank,recharge		3
70117	ID-Rare Gift Challenge (August week3)	2025-08-16 00:00:00	2025-08-23 00:00:00	group,rank,reward		3
70118	ID-Rare Gift Challenge (August week4)	2025-08-23 00:00:00	2025-08-30 00:00:00	group,rank,reward		3
70267	Bienvenidos a Bigo Live	2025-08-01 00:00:00	2025-11-01 00:00:00	lottery	https://static-fed.bigolive.tv/live/pages/bigolive/act-39011/index.html?src=14	3
70279	BIGO ICON ROUND 2 -  HYPE US/CA	2025-07-31 00:00:00	2025-08-06 23:59:59	stage,rank		3
70288	BBR - Bean Voyage - Road to Colombia	2025-08-01 00:00:00	2025-08-31 23:59:59	collection,rank,reward		3
70328	1556944121- SVIP The Golden Royale August	2025-08-01 00:00:00	2025-08-31 23:59:59	game,rank,recharge		3
70394	ANZ-PH Love Moments!	2025-08-21 14:30:00	2025-08-27 23:59:59	lottery,rank,reward		3
70445	عرش الوحوش الأسطورية -  بلاد الشام	2025-08-03 00:00:00	2025-08-09 23:59:59	group,rank,reward		3
70474	打ち破れ！中堅ライバーの壁！！2025年8月	2025-08-04 00:00:00	2025-08-31 23:59:59	game,rank,reward		3
70480	BigoXcodashop	2025-08-05 00:00:00	2025-08-14 00:00:00	shop,game,recharge		3
70489	Aile Zaferi Elmas	2025-08-04 00:00:00	2025-08-31 23:59:59	group,rank,recharge		3
70534	كأس العائلات - الخليج العربي	2025-08-04 00:00:00	2025-08-31 00:00:00	game,group,rank		3
70565	살인범은 바로..!? (8월)	2025-08-07 00:00:00	2025-08-22 00:00:00	lottery,rank,reward		3
70599	SG National Quiz- Win All	2025-08-11 15:00:00	2025-09-12 00:00:00	task,collection,reward		3
70606	超時代星團頂流對決	2025-08-06 00:00:00	2025-08-28 23:59:59	game,collection,rank		3
70615	BIGO ICON - 🎁 Surprise Reward	2025-08-05 15:47:13	2025-08-13 23:59:59	lottery,reward		3
70680	KH Football Carnival-Host	2025-08-10 00:00:00	2025-08-19 23:59:59	game,rank,reward		3
70682	🏁 Семейная Гонка - 7 августа	2025-08-07 00:00:00	2025-08-07 23:59:59	group,rank,recharge		3
70694	BIGO Unfiltered, August 2025	2025-08-06 11:51:34	2025-09-01 15:00:00	game	https://static-fed.bigolive.tv/live/pages/bigolive/act-39011/index.html?src=001	3
70711	August BIGO Billionaire E2 - EN	2025-08-16 00:00:00	2025-08-19 23:59:59	game,rank,reward		3
70790	GOLDEN LUXURY T8	2025-08-20 00:00:00	2025-08-25 00:00:00	game	https://activity.bigo.tv/live/act/banner-aggregation2/index.html?id=1592835216	3
70833	AUNZ & PH &VN EVENT - Overseas Celebrity	2025-08-11 00:00:00	2025-08-17 23:59:59	game,rank,reward		3
70835	りんごのおもい🍎×BIGO LIVE	2025-08-21 00:00:00	2025-08-30 21:59:59	game,rank,reward		3
70864	كرنفال كرة القدم -  بلاد الشام	2025-08-12 00:00:00	2025-08-19 23:59:59	group,rank,reward		3
70876	Sigue Brillando hasta Colombia	2025-08-11 00:00:00	2025-08-18 00:00:00	game,group,rank		3
70879	انطلاقة النجوم	2025-08-12 00:00:00	2025-08-18 23:59:59	lottery,rank,reward		3
70896	Meez عرض شحن August	2025-08-10 21:55:21	2025-08-31 23:59:59	rank,recharge,reward		3
70901	ANZ Top Streamer Knockout – August Edition	2025-08-15 00:00:00	2025-08-20 23:59:59	stage,rank,reward		3
70929	Aile Yıldızları	2025-08-11 19:00:00	2025-08-25 22:00:00	game,group,rank		3
70959	💡Ruota Fortunata per gli utenti nuovi!	2025-08-16 00:00:00	2025-09-01 00:00:00	lottery,rank,reward		3
70991	واحة الذهب - عائلات بلاد الشام	2025-08-20 00:00:00	2025-08-24 23:59:59	group,rank,reward		3
71106	F-ĐƯỜNG ĐUA CHIẾN TƯỚNG | Kì 2 (17-22.8)	2025-08-17 00:00:00	2025-08-23 00:00:00	game,group,rank		3
71107	AUNZ & PH &VN EVENT - Overseas Celebrity	2025-08-18 00:00:00	2025-08-31 23:59:59	game,rank,reward		3
71252	Streaming Star	2025-08-20 00:00:00	2025-08-26 00:00:00	game,rank,reward		3
71430	VIP DAY & FLASHSALE 💎28 DE AGOSTO	2025-08-28 00:00:00	2025-08-29 00:00:00	stage,rank,recharge		3
71498	天選萬金幸運兒	2025-08-31 00:00:00	2025-09-06 23:59:59	game,rank,recharge		3
71823	Concurso de Privilégio de VIP	2025-08-28 00:00:00	2025-09-05 00:00:00	task,collection,rank		3
66510	TH Homecoming (1-15 มิ.ย.)	2025-06-01 00:00:00	2025-06-16 00:00:00	game,rank		2
66524	F-PK 3V3 - 2025	2025-06-05 11:46:25	2025-07-01 00:00:00	game,group		2
66528	520RM SVIP The Golden Royale	2025-06-01 00:00:00	2025-07-31 00:00:00	rank,recharge		2
66533	806906679 SVIP The Golden Royale	2025-06-01 00:00:00	2025-07-31 00:00:00	rank,recharge		2
66534	LordDicky SVIP The Golden Royale	2025-06-01 00:00:00	2025-07-31 00:00:00	rank,recharge		2
66535	913866856 SVIP The Golden Royale	2025-06-01 00:00:00	2025-07-31 00:00:00	rank,recharge		2
66537	N1CE_g  SVIP The Golden Royale	2025-06-01 00:00:00	2025-07-31 00:00:00	rank,recharge		2
66538	32665928 SVIP The Golden Royale	2025-06-01 00:00:00	2025-07-31 00:00:00	rank,recharge		2
66539	796758276 SVIP The Golden Royale	2025-06-01 00:00:00	2025-07-31 00:00:00	rank,recharge		2
66540	31683208 SVIP The Golden Royale	2025-06-01 00:00:00	2025-07-31 00:00:00	rank,recharge		2
66541	rommy1717 SVIP The Golden Royale	2025-06-01 00:00:00	2025-07-31 00:00:00	rank,recharge		2
66544	Giao lưu Việt-Thái-Lào	2025-06-03 00:00:00	2025-06-09 23:59:59	game,rank		2
66547	TH Weekend Live Ranger	2025-06-07 00:00:00	2025-06-08 23:59:59	game,collection		2
66548	937909559 SVIP The Golden Royale	2025-06-01 00:00:00	2025-07-31 00:00:00	rank,recharge		2
66549	1016446281 SVIP The Golden Royale	2025-06-01 00:00:00	2025-07-31 00:00:00	rank,recharge		2
66550	345222265 SVIP The Golden Royale	2025-06-01 00:00:00	2025-07-31 00:00:00	rank,recharge		2
66553	rajawali10 SVIP The Golden Royale	2025-06-01 00:00:00	2025-07-31 00:00:00	rank,recharge		2
66554	330244798 SVIP The Golden Royale	2025-06-01 00:00:00	2025-07-31 00:00:00	rank,recharge		2
66555	thisiscool SVIP The Golden Royale	2025-06-01 00:00:00	2025-07-31 00:00:00	rank,recharge		2
66556	Ronin378 SVIP The Golden Royale	2025-06-01 00:00:00	2025-07-31 00:00:00	rank,recharge		2
66557	Sostegno Mondiale-Giugno a Mandarino	2025-06-01 00:00:00	2025-06-30 23:59:59	rank,reward		2
66563	MahkotaScorpio SVIP The Golden Royale	2025-06-01 00:00:00	2025-07-31 00:00:00	rank,recharge		2
66564	934294984 SVIP The Golden Royale	2025-06-01 00:00:00	2025-07-31 00:00:00	rank,recharge		2
66565	730445783 SVIP The Golden Royale	2025-06-01 00:00:00	2025-07-31 00:00:00	rank,recharge		2
66567	917354279 SVIP The Golden Royale	2025-06-01 00:00:00	2025-07-31 00:00:00	rank,recharge		2
66595	DACH Juni. SVIP Glücksrad	2025-06-10 00:00:00	2025-06-30 23:59:59	lottery,reward		2
66597	Summer Vibes PK JUNE 2025	2025-06-01 00:00:00	2025-06-30 23:00:00	game		2
66601	MULTISALAPK FAMILIAR ESPAÑA JUNIO 2025	2025-06-01 00:00:00	2025-09-01 00:00:00	game,stage		2
66602	MULTISALAPK FAMILIAR PORTUGAL 2025 JUNIO	2025-06-01 00:00:00	2025-08-31 00:00:00	game,stage		2
66617	Card Hunter Spesial June	2025-06-10 00:00:00	2025-06-20 00:00:00	collection,recharge		2
66686	Sóng kết nối VN&Mỹ-Canada	2025-06-01 00:00:00	2025-06-07 23:59:59	game,rank		2
66693	TH☔SVIP Super Bonus 6-15 Jun 2025☔	2025-06-06 00:00:00	2025-06-16 00:00:00	lottery,reward		2
66700	Grande Retorno 💰 do Começo de Junho 🎊	2025-06-01 00:00:00	2025-06-11 00:00:00	rank,recharge		2
66705	Gloria di Ricarica 06-2025	2025-06-01 00:00:00	2025-06-30 23:59:59	rank,recharge		2
66710	36309270  SVIP The Golden Royale	2025-06-01 00:00:00	2025-07-31 00:00:00	rank,recharge		2
66711	28564035 SVIP The Golden Royale	2025-06-01 00:00:00	2025-07-31 00:00:00	rank,recharge		2
66712	Stealthwolf SVIP The Golden Royale	2025-06-01 00:00:00	2025-07-31 00:00:00	rank,recharge		2
66713	VOLTAUNAA SVIP The Golden Royale	2025-06-01 00:00:00	2025-07-31 00:00:00	rank,recharge		2
66714	Rfk82 SVIP The Golden Royale	2025-06-01 00:00:00	2025-07-31 00:00:00	rank,recharge		2
66715	335185506  SVIP The Golden Royale	2025-06-01 00:00:00	2025-07-31 00:00:00	rank,recharge		2
66716	Guoru SVIP The Golden Royale	2025-06-01 00:00:00	2025-07-31 00:00:00	rank,recharge		2
66718	962561062 SVIP The Golden Royale	2025-06-01 00:00:00	2025-07-31 00:00:00	rank,recharge		2
66719	Di021021021 SVIP The Golden Royale	2025-06-01 00:00:00	2025-07-31 00:00:00	rank,recharge		2
66720	327930041 SVIP The Golden Royale	2025-06-01 00:00:00	2025-07-31 00:00:00	rank,recharge		2
66721	1063150723 SVIP The Golden Royale	2025-06-01 00:00:00	2025-07-31 00:00:00	rank,recharge		2
66722	961160589  SVIP The Golden Royale	2025-06-01 00:00:00	2025-07-31 00:00:00	rank,recharge		2
66723	1064077786 SVIP The Golden Royale	2025-06-01 00:00:00	2025-07-31 00:00:00	rank,recharge		2
66724	cms812 SVIP The Golden Royale	2025-06-01 00:00:00	2025-07-31 00:00:00	rank,recharge		2
66725	DACH Juni-Überraschung für treue Bigoer	2025-06-10 00:00:00	2025-06-30 23:59:59	task,growth		2
66727	grad788 SVIP The Golden Royale	2025-06-01 00:00:00	2025-07-31 00:00:00	rank,recharge		2
66728	640817432  SVIP The Golden Royale	2025-06-01 00:00:00	2025-07-31 00:00:00	rank,recharge		2
66729	1059914684 SVIP The Golden Royale	2025-06-01 00:00:00	2025-07-31 00:00:00	rank,recharge		2
66730	Dir809  SVIP The Golden Royale	2025-06-01 00:00:00	2025-07-31 00:00:00	rank,recharge		2
66731	Chan_2017  SVIP The Golden Royale	2025-06-01 00:00:00	2025-07-31 00:00:00	rank,recharge		2
66732	sikumbang33  SVIP The Golden Royale	2025-06-01 00:00:00	2025-07-31 00:00:00	rank,recharge		2
66733	rajatega02 SVIP The Golden Royale	2025-06-01 00:00:00	2025-07-31 00:00:00	rank,recharge		2
66734	826414076 SVIP The Golden Royale	2025-06-01 00:00:00	2025-07-31 00:00:00	rank,recharge		2
66736	gshkepo SVIP The Golden Royale	2025-06-01 00:00:00	2025-07-31 00:00:00	rank,recharge		2
66737	denny181093 SVIP The Golden Royale	2025-06-01 00:00:00	2025-07-31 00:00:00	rank,recharge		2
66738	1046581605 SVIP The Golden Royale	2025-06-01 00:00:00	2025-07-31 00:00:00	rank,recharge		2
66739	Hiyang  SVIP The Golden Royale	2025-06-01 00:00:00	2025-07-31 00:00:00	rank,recharge		2
66741	nicholas669  SVIP The Golden Royale	2025-06-01 00:00:00	2025-07-31 00:00:00	rank,recharge		2
66743	770455739  SVIP The Golden Royale	2025-06-01 00:00:00	2025-07-31 00:00:00	rank,recharge		2
66744	CanDraLee SVIP The Golden Royale	2025-06-01 00:00:00	2025-07-31 00:00:00	rank,recharge		2
66745	Corgeous SVIP The Golden Royale	2025-06-01 00:00:00	2025-07-31 00:00:00	rank,recharge		2
66747	الوكالة المتفوقة - دول الخليج العربي	2025-06-01 00:00:00	2025-06-30 23:59:59	group,rank		2
66756	Agency Power Ranking June	2025-06-01 00:00:00	2025-06-30 00:00:00	game,rank		2
66789	DIY-MÁ DƯ K1T6	2025-06-02 00:00:00	2025-06-07 23:59:59	game,rank		2
66795	MM TH Gifting Sprint-June(1st-9th/June)	2025-06-01 00:00:00	2025-06-09 23:59:59	rank,reward		2
66833	Du ngoạn Châu Âu	2025-06-03 01:00:00	2025-06-09 23:59:59		https://activity.bigo.tv/live/act/banner-aggregation2/index.html?id=1592835216	2
66868	El toque de Midas-Junio	2025-06-01 00:00:00	2025-06-10 00:00:00	rank,reward		2
66876	Haziran Ajans Etkinliği	2025-06-01 00:00:00	2025-06-30 23:59:59	group,rank		2
66882	ID June User	2025-06-01 00:00:00	2025-07-01 00:00:00	rank,recharge		2
66892	بطولة المجد السعودي - صناع المحتوى	2025-06-01 00:00:00	2025-06-30 23:59:59	rank,reward		2
66893	Race to the Gold (June)	2025-06-01 12:00:00	2025-06-30 23:59:59	rank,reward		2
66894	Call of Bigo Host - 202506	2025-06-01 12:00:00	2025-06-30 23:59:59	game,rank		2
66903	عرض شحن الخاص ب "صبري"  June	2025-06-01 00:02:39	2025-06-30 19:00:00	rank,recharge		2
66912	尊榮SVIP包裹獎勵	2025-06-02 16:30:00	2025-06-30 23:59:59	collection,recharge		2
66926	حدث عيد الاضحى لعام 2025 -اسيا	2025-06-03 00:00:00	2025-06-09 23:59:59	rank,reward		2
66931	حدث عيد الأضحى	2025-06-03 00:00:00	2025-06-09 23:59:59	rank,recharge		2
66932	حدث عيد الأضحى	2025-06-03 00:00:00	2025-06-09 23:59:59	rank,recharge		2
66934	متصدرين العراق من كبار شخصيات June	2025-06-02 00:00:00	2025-06-30 23:59:59	rank,recharge		2
66935	متصدرين لبنان من كبار شخصيات June	2025-06-02 00:00:00	2025-06-30 23:59:59	rank,recharge		2
66951	520CARTEL SVIP The Golden Royale	2025-06-03 00:00:00	2025-07-31 00:00:00	rank,recharge		2
66952	thisisf SVIP The Golden Royale	2025-06-03 00:00:00	2025-07-31 00:00:00	rank,recharge		2
66961	330649113 عرض شحن	2025-06-02 20:00:00	2025-06-30 23:59:59	rank,recharge		2
66992	d3_vin SVIP The Golden Royale	2025-06-04 00:00:00	2025-07-31 00:00:00	rank,recharge		2
67001	ChacaMaharani88 SVIP The Golden Royale	2025-06-04 00:00:00	2025-07-31 00:00:00	rank,recharge		2
67003	650312633 SVIP The Golden Royale	2025-06-04 00:00:00	2025-07-31 00:00:00	rank,recharge		2
67004	791154389 SVIP The Golden Royale	2025-06-04 00:00:00	2025-07-31 00:00:00	rank,recharge		2
67005	1001728753 SVIP The Golden Royale	2025-06-04 00:00:00	2025-07-31 00:00:00	rank,recharge		2
67006	91b3rt SVIP The Golden Royale	2025-06-04 00:00:00	2025-07-31 00:00:00	rank,recharge		2
67011	6月HAPPYチャージパーティー	2025-06-08 00:00:00	2025-06-14 23:59:59	rank,recharge		2
67012	Ước Nguyện Xử Nữ-Sinh Nhật Diệu Kỳ	2025-06-03 20:22:24	2025-12-31 23:59:59	game,rank		2
67015	Biちゃんの人狼ゲーム教室　 全国共通お食事券編（6/6~6/10）	2025-06-06 00:00:00	2025-06-10 23:59:59	game,rank		2
67035	SVIP Ödüllü Yükleme	2025-06-03 18:00:00	2025-06-06 23:59:59	rank,recharge		2
67038	BIGO BEAN RUSH - 0604 BBR Wednesday	2025-06-04 00:00:00	2025-06-04 23:59:59	rank,reward		2
67053	金豆探索家	2025-06-04 13:25:39	2025-07-01 00:00:00	group,rank		2
67056	Family Boost Fiesta June	2025-06-06 00:00:00	2025-06-30 23:59:59	stage,group		2
67072	6月ぬいぐるみ争奪戦	2025-06-08 00:00:00	2025-06-12 21:59:59	game,rank		2
67074	Ranking de Junho 🎊	2025-06-11 00:00:00	2025-06-23 00:00:00	rank,recharge		2
67079	Content Survey	2025-06-05 00:00:00	2025-06-12 00:00:00	task,group		2
67081	Champion's league-RO June	2025-06-06 00:00:00	2025-06-13 00:00:00	group,rank		2
67087	FRBE - LES TOPS 202507	2025-06-05 00:00:00	2025-11-10 00:00:00	rank,recharge		2
67090	¡Feliz orgullo!	2025-06-07 00:00:00	2025-06-30 23:59:59	game,rank		2
67130	[굿즈 옥션] 희귀굿즈 획득 기회!!	2025-06-10 00:00:00	2025-06-17 00:00:00	rank,reward		2
67168	Ding Dong Fight JUNE RANKING	2025-06-06 00:00:00	2025-06-09 23:59:59	rank,reward		2
67171	1673409529  SVIP The Golden Royale	2025-06-06 00:00:00	2025-08-01 00:00:00	rank,recharge		2
67172	官方直播限時福利	2025-06-12 17:00:00	2025-06-13 18:00:00	game,rank		2
67176	DACH SVIP Club – Exklusive Vorteile für dich	2025-06-06 00:00:00	2025-06-16 23:59:59	rank,recharge		2
67181	BIGO 월간 패밀리 어워즈	2025-06-05 18:00:00	2026-05-02 00:00:00	game,reward		2
67189	ĐĂNG DỄ ĐẬU VỀ	2025-07-09 15:10:00	2025-07-31 23:59:59		https://static-fed.bigolive.tv/live/pages/bigolive/act-85008-TgX2wL/index.html	2
67192	FRBE - Rechargez pour gagner 202506	2025-06-06 00:00:00	2025-06-08 23:59:59	rank,recharge		2
67210	MM VS AU	2025-06-07 00:00:00	2026-06-06 23:59:00	group,reward		2
67218	耀眼新人王🌟	2025-06-06 18:00:00	2025-07-03 23:59:59	game,collection		2
67226	ENCONTRO PRESENCIAL NO MÉXICO! 🌵	2025-06-07 00:00:00	2025-06-25 00:00:00	rank,recharge		2
67228	CRAZY GAME MENA	2025-06-06 00:00:00	2025-06-12 23:59:59	game,rank		2
67234	Día Loco Junio - Nuevas Metas	2025-06-08 00:00:00	2025-06-14 23:59:59	game,rank		2
67239	m2🦋 عرض شحن	2025-06-08 09:00:00	2025-06-30 23:59:59	rank,recharge		2
67241	أساطير الفخامة - كبار الشخصيات لبلاد الشام	2025-06-12 00:00:00	2025-06-18 23:59:59	rank,recharge		2
67242	أساطير الفخامة - كبار الشخصيات لشمال افريقيا	2025-06-12 00:00:00	2025-06-18 23:59:59	rank,recharge		2
67243	𝕄𝕠🦁𝕨𝕘𝕝𝕚  عرض شحن	2025-06-08 15:35:00	2025-06-30 23:59:59	rank,recharge		2
67256	أساطير الفخامة - لصانع المحتوى -الخليج العربي	2025-06-12 00:00:00	2025-06-18 23:59:59	rank,reward		2
67257	أساطير الفخامة - لصانع المحتوى -شمال افريقيا	2025-06-12 00:00:00	2025-06-18 23:59:59	rank,reward		2
67258	أساطير الفخامة - لصانع المحتوى - بلاد الشام	2025-06-12 00:00:00	2025-06-18 23:59:59	rank,reward		2
67260	Salón de Fama- BR	2025-06-08 18:50:00	2025-06-13 00:00:00	rank		2
67277	비고 로또 6월	2025-06-14 00:00:00	2025-06-19 00:00:00	rank,reward		2
67281	Nepal SVIP Mega Offer-June	2025-06-09 14:53:37	2025-07-01 23:59:59	growth,reward		2
67284	672172172 SVIP The Golden Royale	2025-06-10 00:00:00	2025-08-01 00:00:00	rank,recharge		2
67285	836758595 SVIP The Golden Royale	2025-06-10 00:00:00	2025-08-01 00:00:00	rank,recharge		2
67332	KHOẢNH KHẮC GẦN NHAU VN - AUNZ K1T6	2025-06-10 00:00:00	2025-06-12 23:59:59	game,rank		2
67339	F-SIÊU SAO TAM ĐẲNG T8	2025-06-10 00:00:00	2025-12-31 00:00:00		https://static-fed.bigolive.tv/live/pages/bigolive/act-49879/vote.html?vote_id=1634893909773261809	2
67365	USER - ĐĂNG DỄ ĐẬU VỀ	2025-06-10 11:30:42	2025-07-01 00:00:00		https://static-fed.bigolive.tv/live/pages/bigolive/act-85008-TgX2wL/index.html	2
67419	Power Pair: Spender x Host	2025-06-11 00:00:00	2025-06-17 23:59:59	rank,reward		2
67432	BIGO BEAN RUSH - 0611 BBR Wednesday	2025-06-11 00:00:00	2025-06-11 23:59:59	rank,reward		2
67435	짜장대전	2025-06-26 00:00:00	2025-06-30 00:00:00	rank,recharge		2
67440	558079559  SVIP The Golden Royale	2025-06-12 00:00:00	2025-08-01 00:00:00	rank,recharge		2
67443	VN - SPOT ON 2025 - VÒNG CHUNG KẾT	2025-06-19 15:00:00	2025-06-26 00:00:00	game,rank		2
67446	GOシェフの本格中華（6/21~6/25）	2025-06-21 00:00:00	2025-06-25 23:59:59	game,rank		2
67453	Câu lạc bộ Tài Phiệt	2025-06-19 11:00:00	2025-06-23 23:59:59		https://activity.bigo.tv/live/act/banner-aggregation2/index.html?id=1592835216	2
67455	Top Streamer Circle	2025-06-12 00:00:00	2025-06-19 00:00:00	game,rank		2
67460	June BIGO Billionaire E2- VN	2025-06-16 00:00:00	2025-06-19 23:59:59	game,rank		2
67470	TOP20 Elit Ödüllü Yükleme	2025-06-11 17:00:00	2025-06-15 23:59:59	rank,recharge		2
67471	Ödüllü Yükleme (P)	2025-06-11 20:00:00	2025-06-15 23:59:59	rank,recharge		2
67484	BIGO BEAN RUSH - 0613-0615 Weekend Bean Boost	2025-06-13 00:00:00	2025-06-15 23:59:59	rank,reward		2
67487	Idol Việt Nam được yêu thích nhất – VN&AUNZ	2025-06-16 00:00:00	2025-06-22 23:59:59	game,rank		2
67495	Aile Üyeleri Yarışıyor 12 Haziran - 15 Haziran	2025-06-12 17:00:00	2025-06-15 23:59:59	group,rank		2
67510	F-GIA TỘC TRANH BÁ - USER NƯỚC NGOÀI (KỲ 2 THÁNG 6)	2025-06-13 00:00:00	2025-06-16 00:00:00	group,rank		2
67511	1744458067 SVIP The Golden Royale	2025-06-13 00:00:00	2025-08-01 00:00:00	rank,recharge		2
67514	838409548 SVIP The Golden Royale	2025-06-13 00:00:00	2025-08-01 00:00:00	rank,recharge		2
67521	7-Day Challenge June	2025-06-14 00:00:00	2025-06-20 00:00:00	game,rank		2
67537	TỎA SÁNG SPOTLIGHT TẠI MỸ-CANADA K3T6	2025-06-16 00:00:00	2025-06-19 23:59:59	game,rank		2
67554	N-LUNANEKO DIY K2BT6	2025-06-18 00:00:00	2025-06-23 23:59:59	game,rank		2
67575	Host Shine Overseas	2025-06-16 00:00:00	2025-06-30 23:59:59	game,rank		2
67580	Camino a la Fama 🎉	2025-06-14 00:00:00	2025-06-20 23:59:59	stage,rank		2
67582	عرض الشحن (🦦⁸⁸ JA100)	2025-06-13 16:59:00	2025-06-30 23:59:59	rank,recharge		2
67588	BBR - 0616-0619 Beans & Beats: Juneteenth Fest	2025-06-16 00:00:00	2025-06-19 23:59:59	rank,reward		2
67590	Global Estrella Desafío	2025-06-15 00:00:00	2025-06-24 23:59:59	game,rank		2
67592	Desafio Global Star (PT)	2025-06-15 00:00:00	2025-06-24 23:59:59	game,rank		2
67599	PrideTV	2025-06-16 07:50:51	2025-06-30 23:59:59	game,reward		2
67601	ID-high value list	2025-06-16 11:00:00	2025-07-01 00:00:00	group,rank		2
67604	I- ANGELS MM DIY K2BT6	2025-06-18 00:00:00	2025-06-23 23:59:59	game,rank		2
67605	520Rolex SVIP The Golden Royale	2025-06-17 00:00:00	2025-07-31 00:00:00	rank,recharge		2
67606	I-BE DIY K2BT6	2025-06-18 00:00:00	2025-06-23 23:59:59	game,rank		2
67607	I- BH DIY K2BT6	2025-06-18 00:00:00	2025-06-23 23:59:59	game,rank		2
67608	I- BIGBANG DIY K2BT6	2025-06-18 00:00:00	2025-06-23 23:59:59	game,rank		2
67609	I- ĐĂNGKHOA DIY K2BT6	2025-06-18 00:00:00	2025-06-23 23:59:59	game,rank		2
67610	I- FLAME DIY K2BT6	2025-06-18 00:00:00	2025-06-23 23:59:59	game,rank		2
67611	I- IKƯ DIY K2BT6	2025-06-18 00:00:00	2025-06-23 23:59:59	game,rank		2
67612	I- LUCKY JOY DIY K2BT6	2025-06-18 00:00:00	2025-06-23 23:59:59	game,rank		2
67613	I- N VÀ K DIY K2BT6	2025-06-18 00:00:00	2025-06-23 23:59:59	game,rank		2
67614	I- NÀ NÁ NA DIY K2BT6	2025-06-18 00:00:00	2025-06-23 23:59:59	game,rank		2
67615	I- NTRAC DIY K2BT6	2025-06-18 00:00:00	2025-06-23 23:59:59	game,rank		2
67616	I- S-STARS DIY K2BT6	2025-06-18 00:00:00	2025-06-23 23:59:59	game,rank		2
67617	I- TÁO ĐỎ DIY K2BT6	2025-06-18 00:00:00	2025-06-23 23:59:59	game,rank		2
67618	K- BIỂN TÌNH DIY K2BT6	2025-06-18 00:00:00	2025-06-23 23:59:59	game,rank		2
67619	K- SCUTI DIY K2BT6	2025-06-18 00:00:00	2025-06-23 23:59:59	game,rank		2
67621	YUMMY KING	2025-06-16 16:00:00	2025-06-23 00:00:00	growth,rank		2
67623	KHOẢNH KHẮC GẦN NHAU VN - AUNZ K2T6	2025-06-17 00:00:00	2025-06-19 23:59:59	game,rank		2
67625	User Recharge List for AussieJess!	2025-06-16 18:22:00	2025-06-30 23:59:59	rank,recharge		2
67636	(not for use) Семейное Лето: 24-26 Июня	2025-06-24 00:00:00	2025-06-26 23:59:59	game,stage		2
67642	Défi de 7 jours	2025-06-17 00:00:00	2025-06-24 00:00:00	game,rank		2
67644	حدث درب الاكليل - بلاد الخليج العربي	2025-06-19 00:00:00	2025-06-23 23:59:59	rank,reward		2
67645	SVIP Ödüllü Yükleme	2025-06-16 20:00:00	2025-06-19 23:59:59	rank,recharge		2
67646	حدث درب الاكليل - بلاد الشام والعراق	2025-06-19 00:00:00	2025-06-23 23:59:59	rank,reward		2
67647	حدث درب الاكليل - بلاد شمال افريقيا	2025-06-19 00:00:00	2025-06-23 23:59:59	rank,reward		2
67655	KH AGC Ranking Blitz (JUNE)	2025-06-20 00:00:00	2025-06-30 23:59:59	group,rank		2
67660	The Circle of Elites: Gifting Edition	2025-06-18 00:00:00	2025-06-24 23:59:59	rank,reward		2
67665	Đà Lạt DIY K2BT6	2025-06-18 00:00:00	2025-06-24 00:00:00	game,rank		2
67667	Dynamite DIY K2BT6	2025-06-18 00:00:00	2025-06-24 00:00:00	game,rank		2
67668	MARIS DIY K2BT6	2025-06-18 00:00:00	2025-06-24 00:00:00	game,rank		2
67669	AMY DIY K2BT6	2025-06-18 00:00:00	2025-06-24 00:00:00	game,rank		2
67670	Athena DIY K2BT6	2025-06-18 00:00:00	2025-06-24 00:00:00	game,rank		2
67671	CLOUDS DIY K2BT6	2025-06-18 00:00:00	2025-06-24 00:00:00	game,rank		2
67672	BeautyG DIY K2BT6	2025-06-18 00:00:00	2025-06-24 00:00:00	game,rank		2
67681	お得なチャージキャンペーン	2025-06-24 00:00:00	2025-06-30 23:59:59	rank,recharge		2
67682	KH Neon Garden - User	2025-06-21 00:00:00	2025-06-30 23:59:59	rank,reward		2
67686	June Agency Ranking	2025-06-17 19:46:17	2025-07-01 00:00:00	rank,reward		2
67702	BIGO ICON 2025	2025-06-23 00:00:00	2025-07-12 00:00:00	stage		2
67703	BBR - 0620-0622 Bonus Beans Weekend	2025-06-20 00:00:00	2025-06-22 23:59:59	rank,reward		2
67710	Feliz mês do Orgulho	2025-06-18 15:10:58	2025-06-30 23:59:59		https://activity.bigo.tv/live/act/banner-aggregation2/index.html?id=1593333539	2
67719	TEST VOTE SPOT ON 2025	2025-06-18 16:30:00	2025-06-18 17:30:00	game,rank		2
67721	Idol Việt - Philippine nổi tiếng nhất AUNZ T6	2025-06-23 00:00:00	2025-06-30 23:59:59	game,rank		2
67731	GCC-VIP-Legend of Garland Path	2025-06-19 00:00:00	2025-06-23 23:59:59	rank,recharge		2
67732	LEVA-VIP-Legend of Garland Path	2025-06-19 00:00:00	2025-06-23 23:59:59	rank,recharge		2
67733	NA-VIP-Legend of Garland Path	2025-06-19 00:00:00	2025-06-23 23:59:59	rank,recharge		2
67780	June BIGO Billionaire E3 - LATAM	2025-06-23 00:00:00	2025-06-26 23:59:59	game,rank		2
67785	白昼のシンデレラ	2025-06-20 05:00:00	2025-06-30 23:59:59	rank,reward		2
67786	Mid-Year Family GALA Hall of Fame	2025-06-21 00:00:00	2025-07-21 23:59:59	group		2
67795	SVIP July Points Slash	2025-07-19 00:00:00	2025-07-24 11:59:59	shop,reward		2
67812	GALA 참석 의향 조사	2025-06-20 17:00:00	2025-06-24 00:00:00	task		2
67826	MM Win me, Win Diamonds (SVIP Date)	2025-06-21 00:00:00	2025-06-25 23:59:59	game,reward		2
67830	F-NỤ CƯỜI TRIỆU ĐÔ KỲ 2-T6	2025-06-21 00:00:00	2025-06-26 00:00:00	group,rank		2
67862	Top Showdown	2025-06-23 09:00:00	2025-06-30 23:59:59	rank,reward		2
67875	QUỐC TẾ - BXH NGÀY T6/2025	2025-06-24 00:00:00	2025-06-30 23:59:59	game,rank		2
67886	K- MILK DIY K3T6	2025-06-25 00:00:00	2025-06-30 23:59:59	game,rank		2
67903	루키 회장님, 하이킹 동호회	2025-07-03 00:00:00	2025-07-31 23:59:59	game,rank		2
67907	CHUỖI SỰ KIỆN THÁNG TỰ HÀO	2025-06-24 00:00:00	2025-06-30 23:59:59		https://activity.bigo.tv/live/act/banner-aggregation2/index.html?id=1592835216	2
67925	MARIS DIY K3T6	2025-06-25 00:00:00	2025-07-01 00:00:00	game,rank		2
67929	Mi house DIY K3T6	2025-06-25 00:00:00	2025-07-01 00:00:00	game,rank		2
67942	حدث صيف المجد صناع المحتوى بلاد الشام والعراق	2025-06-24 00:00:00	2025-07-01 00:00:00	rank,reward		2
67948	حدث صيف المجد - كبار الشخصيات دول الخليج	2025-06-24 00:00:00	2025-07-01 10:00:00	rank,recharge		2
67950	عرض الشحن (  الأدعـم 🇶🇦 Y65569 )	2025-06-23 18:59:00	2025-06-30 23:59:59	rank,recharge		2
67960	이달의 넘버원 (7월)	2025-07-01 00:00:00	2025-08-01 00:00:00	rank,recharge		2
67964	【7월】희귀굿즈 획득 기회!!	2025-07-10 00:00:00	2025-07-17 00:00:00	rank,reward		2
67980	SVIP June Points Slash Night Redemption	2025-06-24 15:05:00	2025-06-25 11:59:59	shop,game		2
67982	7월 SVIP코인룰렛	2025-07-25 00:00:00	2025-08-01 00:00:00	lottery,reward		2
67987	CRAZY GAME MENA	2025-06-25 00:00:00	2025-06-30 23:59:59	game,rank		2
67994	عرض شحن الخاص ب "BLACK"  June	2025-06-24 12:10:25	2025-06-30 19:00:00	rank,recharge		2
68008	Gift Sprint: ANZ Connection	2025-06-25 00:00:00	2025-07-05 00:00:00	rank,reward		2
68010	BIGO SUMMER 2025 AGC TOAN NANG	2025-07-01 00:00:00	2025-07-31 00:00:00	game		2
68016	Yarıyıl Gala yeteneği	2025-06-25 00:00:00	2025-07-14 00:00:00	group		2
68021	BIGO BEAN RUSH - 0625 BBR Wednesday	2025-06-25 00:00:00	2025-06-25 23:59:59	rank,reward		2
68024	Academia de Idols Básico Julio	2025-07-01 00:00:00	2025-07-14 23:59:59	game,rank		2
68025	Academia de Idols Avanzada Julio 1	2025-07-01 00:00:00	2025-07-14 23:59:59	game,rank		2
68026	BIGO BEAN RUSH - 0627-0629 Weekend Bean Boost	2025-06-27 00:00:00	2025-06-29 23:59:59	rank,reward		2
68035	BIGO BEAN RUSH - July BBR Wednesday	2025-07-01 00:00:00	2025-07-31 23:59:59	rank,reward		2
68036	HASHTAG COMMUNICATIONS49743 Reseller Flash sale	2025-06-26 00:00:00	2025-06-30 23:59:59	rank,recharge		2
68040	AGARMY AGENCY LLC Reseller Flash sale	2025-06-26 00:00:00	2025-06-30 23:59:59	rank,recharge		2
68044	Canada Inc Reseller Flash sale	2025-06-26 00:00:00	2025-06-30 23:59:59	rank,recharge		2
68048	ANGEL LA ENTERTAINMENT LLC Reseller Flash sale	2025-06-26 00:00:00	2025-06-30 23:59:59	rank,recharge		2
68049	Money Bootz Management and Consulting LLC Reseller Flash sale	2025-06-26 00:00:00	2025-06-30 23:59:59	rank,recharge		2
68059	디노 짱 게임방	2025-07-24 00:00:00	2025-08-01 00:00:00	rank,reward		2
68060	TH Homecoming (1-11 กค.)	2025-07-01 00:00:00	2025-07-12 00:00:00	game,rank		2
68062	BIGO SUMMER 2025 AGC NANG NO	2025-07-01 00:00:00	2025-07-31 00:00:00	game		2
68064	活跃榜单测试	2025-06-25 18:00:00	2025-06-26 12:00:00	group,rank		2
68069	July Daily Ladder Challenge	2025-07-02 00:00:00	2025-08-01 00:00:00	task,game		2
68082	بطولة الجالا النصف سنوية لصانع المحتوى-الخليج العربي	2025-07-04 00:00:00	2025-07-12 23:59:59	rank,reward		2
68084	TEST (New Policy)	2025-06-26 00:00:00	2025-06-28 23:59:59	game,rank		2
68085	بطولة الجالا النصف سنوية - لصانع المحتوى - -شمال افريقيا	2025-07-04 00:00:00	2025-07-12 23:59:59	rank,reward		2
68090	متصدرين العراق من كبار شخصيات July	2025-07-01 00:00:00	2025-07-31 23:59:59	rank,recharge		2
68091	متصدرين لبنان من كبار شخصيات July	2025-07-01 00:00:00	2025-07-31 23:59:59	rank,recharge		2
68092	متصدرين الاردن من كبار شخصيات July	2025-07-01 00:00:00	2025-07-31 23:59:59	rank,recharge		2
68094	متصدرين سوريا من كبار شخصيات July	2025-07-01 00:00:00	2025-07-31 23:59:59	rank,recharge		2
68095	متصدرين اليمن من كبار شخصيات July	2025-07-01 00:00:00	2025-07-31 23:59:59	rank,recharge		2
68099	MULTISALAPK FAMILIAR PORTUGAL 2025 JULIO	2025-07-01 00:00:00	2025-07-31 00:00:00	game,stage		2
68100	MULTISALAPK FAMILIAR ESPAÑA JULIO 2025	2025-07-01 00:00:00	2025-07-31 00:00:00	game,stage		2
68106	Super Lucky Bean Rush-Poland	2025-07-07 00:00:00	2025-07-14 00:00:00	rank,reward		2
68107	Super Lucky Bean Rush-Romania July	2025-07-07 00:00:00	2025-07-14 00:00:00	rank,reward		2
68109	NUEVO INCENTIVO FAMILIA	2025-07-01 00:00:00	2025-07-31 00:00:00	game,stage		2
68120	July Download Sprint	2025-06-29 00:00:00	2025-07-17 23:59:59	rank,reward		2
68123	2025.07 신입 호스트 주간 랭킹전	2025-07-01 00:00:00	2025-08-01 00:00:00	rank,reward		2
68143	TH Family PK PRO - July	2025-07-01 00:00:00	2025-08-01 00:00:00	game,group		2
68144	TH-FAMILY SUPER PK 3-3: July	2025-07-01 00:00:00	2025-08-01 00:00:00	game,group		2
68156	Oferta Especial-Liberté 🗽	2025-06-28 00:00:00	2025-07-01 00:00:00	group,rank		2
68158	Check Host Academy Tutorial on BIGO LIVE!	2025-06-26 14:58:39	2025-09-30 00:00:00		https://static-fed.bigolive.tv/live/pages/bigolive/bigo-Institute/index.html	2
68163	2025 Mid Year Gala Data(MY/SG/BN)	2025-07-01 00:00:00	2025-07-31 23:59:59	rank		2
68170	7월 생일 & 기념일 호스트	2025-07-01 00:00:00	2025-08-01 00:00:00	rank,reward		2
68174	June BIGO Billionaire E4 - EN	2025-06-30 00:00:00	2025-07-03 23:59:59	rank,reward		2
68175	TH- Mid Gala Night Country PK 2025	2025-07-11 00:00:00	2025-07-12 00:00:00	game		2
68178	7月 充值数据统计	2025-07-01 00:00:00	2025-07-10 23:59:59	rank,recharge		2
68187	Hora de Multi Guest	2025-07-01 11:00:00	2025-08-01 11:00:00	group,rank		2
68213	Live Spark	2025-07-01 00:00:00	2025-08-01 00:00:00	game,rank		2
68229	BIGO BEAN RUSH - July Weekend Bean Boost	2025-07-01 00:00:00	2025-07-31 23:59:59	rank,reward		2
68255	NTG DIY K1T7	2025-07-03 00:00:00	2025-07-09 00:00:00	game,rank		2
68256	BeautyG DIY K1T7	2025-07-03 00:00:00	2025-07-09 00:00:00	game,rank		2
68257	AMY DIY K1T7	2025-07-03 00:00:00	2025-07-09 00:00:00	game,rank		2
68258	HT SEAPRO DIY K1T7	2025-07-03 00:00:00	2025-07-09 00:00:00	game,rank		2
68259	Đà Lạt DIY K1T7	2025-07-03 00:00:00	2025-07-09 00:00:00	game,rank		2
68260	MAI LY DIY K1T7	2025-07-03 00:00:00	2025-07-09 00:00:00	game,rank		2
68262	Cà Chua DIY K1T7	2025-07-03 00:00:00	2025-07-09 00:00:00	game,rank		2
68266	Mi house DIY K1T7	2025-07-03 00:00:00	2025-07-09 00:00:00	game,rank		2
68267	H&K DIY K1T7	2025-07-03 00:00:00	2025-07-09 00:00:00	game,rank		2
68268	MARIS DIY K1T7	2025-07-03 00:00:00	2025-07-09 00:00:00	game,rank		2
68269	CLOUDS DIY K1T7	2025-07-03 00:00:00	2025-07-09 00:00:00	game,rank		2
68270	CARAT DIY K1T7	2025-07-03 00:00:00	2025-07-09 00:00:00	game,rank		2
68271	Beatum DIY K1T7	2025-07-03 00:00:00	2025-07-09 00:00:00	game,rank		2
68273	Athena DIY K1T7	2025-07-03 00:00:00	2025-07-09 00:00:00	game,rank		2
68274	SHINE STAR DIY K1T7	2025-07-03 00:00:00	2025-07-09 00:00:00	game,rank		2
68279	السنوية التاسعة لبيجو لايف	2025-06-27 12:50:00	2025-07-07 23:59:59	lottery,reward		2
68297	Temmuz Ajans Etkinliği	2025-07-01 00:00:00	2025-07-31 23:59:59	group,rank		2
68300	BIGO TV: SUMMER BREAK	2025-06-27 15:32:55	2025-07-31 23:59:59	rank		2
68328	2025 Yarı Yıl Gala PK'Sı	2025-07-01 00:00:00	2025-07-14 00:00:00	game		2
68330	FRBE Super Star Mensuel - 202507	2025-07-01 00:00:00	2025-07-31 23:59:59	rank,reward		2
68331	Grande Retorno 💰 do Começo de Julho 🎊	2025-07-01 00:00:00	2025-07-14 00:00:00	rank,recharge		2
68342	CP Ranking Challenge-July	2025-07-01 00:00:00	2025-07-31 23:59:59	rank,reward		2
68343	Top Agencia Julio	2025-06-30 00:00:00	2025-07-06 00:00:00	group,rank		2
68371	シークレットチャージ　大還元！	2025-07-01 00:00:00	2025-07-31 23:59:59	rank,recharge		2
68376	HỒ GIA DIY K1T7	2025-07-01 00:00:00	2025-07-07 00:00:00	game,rank		2
68381	海牛活动团体日榜	2025-06-30 15:30:00	2025-07-01 23:00:00	group,rank		2
68385	Hội ngộ hè VN&USCA K1T7	2025-07-02 00:00:00	2025-07-07 23:59:59	game,rank		2
68392	Recharge & Take Back	2025-07-01 00:00:00	2025-07-14 23:59:59	rank,recharge		2
68405	7월 SVIP 생파	2025-07-01 00:00:00	2025-08-01 00:00:00	lottery,game		2
68407	비고 프라이데이	2025-07-01 00:00:00	2025-08-01 00:00:00	rank,recharge		2
68437	7月ビーンズクエスト	2025-07-04 00:00:00	2025-07-31 23:59:59	game,rank		2
68443	The Path to Love: Gifting Card Hunt Edition	2025-07-01 00:00:00	2025-07-14 23:59:59	collection,reward		2
68494	بطولة المجد السعودي - صناع المحتوى	2025-07-01 00:00:00	2025-07-01 23:59:59	rank,reward		2
68496	حدث نجم المستقبل	2025-07-02 00:00:00	2025-07-11 23:59:59	game,rank		2
68497	حدث نجم المستقبل	2025-07-12 00:00:00	2025-07-21 23:59:59	game,rank		2
68498	حدث نجم المستقبل	2025-07-22 00:00:00	2025-07-31 23:59:59	game,rank		2
68499	rising star-july 07-jully 11	2025-07-04 00:00:00	2025-07-11 23:59:59	game,rank		2
68500	rising star-july 12 -july21	2025-07-12 00:00:00	2025-07-21 23:59:59	game,rank		2
68501	rising star-july 22 -july 31	2025-07-22 00:00:00	2025-07-31 23:59:59	game,rank		2
68512	7月 打ち破れ！中堅ライバーの壁！！	2025-07-04 00:00:00	2025-07-31 23:59:59	game,rank		2
68535	K- BIGBANG DIY K1T7	2025-07-03 00:00:00	2025-07-08 23:59:59	game,rank		2
68536	K- NTRAC DIY K1T7	2025-07-03 00:00:00	2025-07-08 23:59:59	game,rank		2
68538	テスト　４都市掲載！~秋の特大広告~ HALLOWEEN広告モデル決定戦　 前編	2025-07-11 00:00:00	2025-07-20 21:59:59	game,rank		2
68544	MM US Gifting Sprint-July(4th-12th)	2025-07-04 00:00:00	2025-07-12 23:59:59	rank,reward		2
68552	Outdoor Challenge! Show yourself!	2025-07-01 18:35:03	2025-10-31 00:00:00		https://static-fed.bigolive.tv/live/pages/bigolive/act-49334/index.html#/apply49334/1656	2
68558	金豆探索家	2025-07-01 18:55:08	2025-07-31 23:59:59	group,rank		2
68566	BIGO LIVE New Blood! ——Accelerating New streamers' Growth Within 3 Months!	2025-07-01 19:22:56	2025-10-31 00:00:00	growth,game		2
68574	Lets Go, Turkey !	2025-07-10 00:00:00	2025-07-19 01:00:00	rank,reward		2
68580	بطولة الجالا النصف سنوية لكبار الشخصيات- الخليج العربي	2025-07-04 00:00:00	2025-07-12 23:59:59	rank,recharge		2
68584	بطولة الجالا النصف سنوية لكبار الشخصيات  - دول المشرق	2025-07-04 00:00:00	2025-07-12 23:59:59	rank,recharge		2
68588	THE4 Backup	2025-07-02 00:00:00	2025-07-31 00:00:00	rank,reward		2
68589	عرض شحن الخاص ب "صح"  July	2025-07-01 16:44:37	2025-07-31 23:59:59	rank,recharge		2
68604	2025年 Mid-Year GALA　ライバー戦攻略本	2025-07-04 00:00:00	2025-07-12 16:00:00	game		2
68621	El toque de Midas - Julio	2025-07-02 00:00:00	2025-07-10 00:00:00	rank,reward		2
68648	I-HẠNG MỤC TRAO THƯỞNG IDOL-BIGO SUMMER 2025	2025-07-02 14:18:51	2025-08-22 00:00:00	game		2
68651	PH USER EVENTS CALENDAR	2025-07-02 16:00:00	2025-07-31 00:00:00	recharge,reward		2
68656	BIGO BASH	2025-07-02 16:20:00	2025-08-31 23:59:59	rank,reward		2
68661	DACH Juli-Überraschung für treue Bigoer	2025-07-10 00:00:00	2025-07-31 23:59:59	task,growth		2
68662	July BIGO Billionaire E1 - EN	2025-07-09 00:00:00	2025-07-12 23:59:59	rank,reward		2
68668	（sample）2025年 Mid-Year GALA　ライバー戦攻略本	2025-07-04 00:00:00	2025-07-12 16:00:00	game		2
68674	730445783 (🏡AJIKBOS - HOME) SVIP The Golden Royale July	2025-07-03 00:00:00	2025-08-31 23:59:59	rank,recharge		2
68676	640817432 (🎖️Z⚡️) SVIP The Golden Royale July	2025-07-03 00:00:00	2025-08-31 23:59:59	rank,recharge		2
68677	grad788 (🔥🛡 𝔾𝕣𝕒𝕕) SVIP The Golden Royale July	2025-07-03 00:00:00	2025-08-31 23:59:59	rank,recharge		2
68679	MahkotaScorpio (Mahkota Scorpio) SVIP The Golden Royale July	2025-07-03 00:00:00	2025-08-31 23:59:59	rank,recharge		2
68680	nicholas669 (👿施Baby Hubby施👿) SVIP The Golden Royale July	2025-07-03 00:00:00	2025-08-31 23:59:59	rank,recharge		2
68683	rommy1717 (Rommy1717) SVIP The Golden Royale July	2025-07-03 00:00:00	2025-08-31 23:59:59	rank,recharge		2
68685	thisiscool (Cool) SVIP The Golden Royale July	2025-07-03 00:00:00	2025-08-31 23:59:59	rank,recharge		2
68686	Ronin378(Eyang ❤ MOU) SVIP The Golden Royale July	2025-07-03 00:00:00	2025-08-31 23:59:59	rank,recharge		2
68699	Chan_2017(S¹⁰⁰% 🅲н🅰🅽𓆌⚰) SVIP The Golden Royale July	2025-07-03 00:00:00	2025-08-31 23:59:59	rank,recharge		2
68709	703776516 SVIP The Golden Royale juli	2025-07-03 00:00:00	2025-08-01 00:00:00	rank,recharge		2
68711	_oM🍓 SVIP The Golden Royale Juli	2025-07-03 00:00:00	2025-08-01 00:00:00	rank,recharge		2
68715	1556944121 SVIP The Golden Royale juli	2025-07-03 00:00:00	2025-08-01 00:00:00	rank,recharge		2
68726	CanDraLee SVIP The Golden Royale Juli	2025-07-03 00:00:00	2025-08-01 00:00:00	rank,recharge		2
68729	Dir809 SVIP The Golden Royale Juli	2025-07-03 00:00:00	2025-08-01 00:00:00	rank,recharge		2
68766	760629988 SVIP The Golden Royale juli	2025-07-03 00:00:00	2025-08-01 00:00:00	rank,recharge		2
68782	🎉 *حدث الجالا لوكالات الشحن - منتصف عام 2025 - يوليو *	2025-07-02 19:00:00	2025-07-31 23:59:59	rank,recharge		2
68786	FRBE - Rechargez pour gagner 202507	2025-07-05 00:00:00	2025-07-08 23:59:59	rank,recharge		2
68804	Idol Việt Nam được yêu thích nhất – VN&AUNZ T7	2025-07-04 00:00:00	2025-07-10 23:59:59	game,rank		2
68829	Кубок ведущих середины 2025 года	2025-07-03 18:00:00	2025-07-12 12:00:00	game,rank		2
68840	Hội ngộ hè VN&USCA K2T7	2025-07-05 00:00:00	2025-07-12 23:59:59	game,rank		2
68854	F-ĐƯỜNG ĐUA CHIẾN TƯỚNG | Kì 1 (5-10/7)	2025-07-05 00:00:00	2025-07-11 00:00:00	group,rank		2
68859	MM VS PH	2025-07-05 00:00:00	2026-07-04 23:59:00	group,reward		2
68872	7月超時代星團集結令	2025-07-06 00:00:00	2025-07-31 23:59:59	game,rank		2
68889	PL PK	2025-07-05 00:00:00	2025-07-31 00:00:00	game,rank		2
68907	€€€ AHMED €€€  عرض شحن - July	2025-07-06 18:30:59	2025-07-31 23:59:59	rank,recharge		2
68910	Champion's league-RO July	2025-07-07 00:09:42	2025-07-12 00:00:00	group,rank		2
68921	N-HT DRAGON K2AT7	2025-07-10 00:00:00	2025-07-15 23:59:59	group,rank		2
68949	🅑🅛🅐🅒🅚  عرض شحن - July	2025-07-07 18:30:30	2025-07-31 23:59:59	rank,recharge		2
68981	THSVIP-ปูปลาพารวย	2026-05-01 00:00:00	2026-05-31 23:59:59		https://activity.bigo.tv/live/act/vip_manage_14114/index.html	2
69000	个人排行榜-名次门槛	2025-07-08 20:52:17	2025-07-10 00:00:00	game,rank		2
69012	Ödüllü Yükleme (P)	2025-07-09 00:00:00	2025-07-13 23:59:59	rank,recharge		2
69038	MAI LY DIY K2AT7	2025-07-10 00:00:00	2025-07-16 00:00:00	game,rank		2
69095	حدث الشحن الخاص ب ( M95 🇰🇼 Mohammed9s5	2025-07-09 20:55:00	2025-07-31 23:59:59	rank,recharge		2
69205	👑 مـــــــيرا 👑 عرض شحن - July	2025-07-13 17:16:03	2025-07-31 23:59:59	rank,recharge		2
69226	Hội ngộ hè VN&USCA K3T7	2025-07-15 00:00:00	2025-07-20 23:59:59	game,rank		2
69231	YUMMY KING JULIO	2025-07-15 00:00:00	2025-07-23 00:00:00	growth,rank		2
69233	Classifica dell'Estate	2025-07-15 00:00:00	2025-07-21 23:59:59	game,rank		2
69234	PK Summer Party	2025-07-17 00:00:00	2025-07-23 23:59:59	game		2
69257	Brillo máximo Emisor	2025-07-15 00:00:00	2025-07-22 00:00:00	game,rank		2
69259	Top Agencia- LATAM FEST	2025-07-14 21:00:00	2025-07-16 21:00:00	group,rank		2
69344	International Talent Themed Room [Co-hosted with the Greater China Region]	2025-07-16 14:21:49	2025-10-31 00:00:00	game		2
69346	Feliz Regreso de Hosts	2025-07-17 00:00:00	2025-08-01 00:00:00	game,rank		2
69365	استبيان لانشاء قناة تصريف فاصولياء جديدة	2025-07-16 12:30:59	2025-07-17 12:30:59	task,game		2
69366	【7월】99.9% 순금카드의 주인공은..?	2025-07-18 00:00:00	2025-07-28 00:00:00	rank,reward		2
69367	2025 PH Mid-Year FAM GALA	2025-07-16 19:01:49	2025-07-31 00:00:00	game		2
69381	Défi de 7 jours 202507	2025-07-17 00:00:00	2025-07-23 23:59:59	game,rank		2
69401	Feliz Volta de Hosts	2025-07-18 00:00:00	2025-08-01 00:00:00	rank,reward		2
69408	7月ぬいぐるみ争奪戦（7.19-7.23）	2025-07-19 00:00:00	2025-07-23 23:59:59	game,rank		2
69516	TUẦN LỄ PK RỰC LỬA	2025-08-18 00:00:00	2025-08-24 23:59:59	game,rank		2
69552	حدث بطولة العائلات قسم كبار الشخصيات - دول الخليج	2025-07-23 00:00:00	2025-07-31 23:59:59	rank,recharge		2
69557	お得なチャージキャンペーン	2025-07-25 00:00:00	2025-07-31 23:59:59	rank,recharge		2
69615	Ödüllü Yükleme (P)	2025-07-22 20:00:00	2025-07-25 23:59:59	rank,recharge		2
69668	Talent Livehouse	2025-08-08 00:00:00	2025-12-31 00:00:00	game		2
69736	MM Yang&Cuties AGCs DIY(25th-31st/July)	2025-07-25 00:00:00	2025-07-31 23:59:59	game,rank		2
69778	عرض شحن النخبة الخاص ب MATRIX AGENCY   - July	2025-07-24 23:59:59	2025-07-31 23:59:59	rank,recharge		2
69788	SVIP VELVET NIGHT	2025-07-25 18:00:00	2025-07-31 23:59:59	game,reward		2
69804	8월 SVIP코인룰렛	2025-08-25 00:00:00	2025-09-01 00:00:00	lottery,reward		2
69843	TH Homecoming (1-15 สค.)	2025-08-01 00:00:00	2025-08-16 00:00:00	game,rank		2
69853	MULTISALAPK FAMILIAR AGOSTO 2025	2025-08-01 00:00:00	2025-08-31 00:00:00	game,stage		2
69862	Dino Guess Season 3 - Day 1	2025-08-20 00:00:00	2025-08-30 00:00:00	task,collection		2
69898	BR-ENCONTRO PRESENCIAL NA COLÔMBIA! 🇨🇴	2025-08-01 00:00:00	2025-08-08 00:00:00	rank,recharge		2
70043	TH New VJ Points Collecting AUG 2025	2025-08-01 00:00:00	2025-08-15 00:00:00	game,collection		2
70155	MORRIS |🔱LUX 🔥- SVIP The Golden Royale August	2025-08-01 00:00:00	2025-08-31 23:59:59	rank,recharge		2
70160	🏡Bos Muda 021- SVIP The Golden Royale August	2025-08-01 00:00:00	2025-08-31 23:59:59	rank,recharge		2
70162	𓇋𓈖𓊪𓃣 - SVIP The Golden Royale August	2025-08-01 00:00:00	2025-08-31 23:59:59	rank,recharge		2
70163	🫆 (1076149690) - SVIP The Golden Royale August	2025-08-01 00:00:00	2025-08-31 23:59:59	rank,recharge		2
70164	Devil x Shark - SVIP The Golden Royale August	2025-08-01 00:00:00	2025-08-31 23:59:59	rank,recharge		2
70166	. (OFF_.) - SVIP The Golden Royale August	2025-08-01 00:00:00	2025-08-31 23:59:59	rank,recharge		2
70214	我が家の肉パーティ(8.3-8.7)	2025-08-03 00:00:00	2025-08-07 21:59:59	game,rank		2
70218	AJIK●BOSS 🇲🇨- SVIP The Golden Royale August	2025-08-01 00:00:00	2025-08-31 23:59:59	rank,recharge		2
70226	Six Sense - SVIP The Golden Royale August	2025-08-01 00:00:00	2025-08-31 23:59:59	rank,recharge		2
70263	Reseller leader board	2025-08-01 00:00:00	2025-08-31 23:59:59	rank,recharge		2
70336	1517117540- SVIP The Golden Royale August	2025-08-01 00:00:00	2025-08-31 23:59:59	rank,recharge		2
70419	Phiêu lưu kỷ Jura	2025-08-03 00:00:00	2025-08-09 23:59:59		https://activity.bigo.tv/live/act/banner-aggregation2/index.html?id=1592835216	2
70442	عرش الوحوش الاسطورية - لصانع المحتوى - بلاد الشام	2025-08-03 00:00:00	2025-08-09 23:59:59	rank,reward		2
70457	عرش الوحوش الأسطورية - بلاد الشام	2025-08-03 00:00:00	2025-08-09 23:59:59	rank,recharge		2
70523	Estrelas de Agosto - LATAM PT	2025-08-04 00:00:00	2025-08-13 23:59:59	game,rank		2
70541	عرض شحن - Omar 811189653 - August	2025-08-03 19:10:29	2025-08-31 23:59:59	rank,recharge		2
70550	F-ĐƯỜNG ĐUA CHIẾN TƯỚNG | Kì 1 (5-10.8)	2025-08-05 00:00:00	2025-08-11 00:00:00	group,rank		2
70569	日榜测试	2025-08-04 18:15:00	2025-08-08 00:00:00	group,rank		2
70579	La Bataille des Guerries 082025	2025-08-05 00:00:00	2025-08-19 00:00:00	group,rank		2
70721	淘汰榜-个人榜-竞技场获胜次数-ALL-房主	2025-08-07 15:10:00	2025-08-09 00:00:00	stage,rank		2
70775	淘汰榜- 竞技场魅力值（送礼维度）-多人语音公开房-房主	2025-08-08 11:00:00	2025-08-10 00:00:00	stage,rank		2
70832	Klang Royal City Marathon 2025	2025-08-08 15:40:24	2025-11-09 00:00:00	collection,stage		2
70842	디노 상회 리뉴얼	2025-08-25 00:00:00	2025-09-01 00:00:00	rank,reward		2
70907	테스트	2025-08-11 17:20:05	2025-08-12 00:00:00	game,rank		2
71025	MM US Gifting Sprint-Aug(15th-22nd/Aug)	2025-08-15 00:00:00	2025-08-22 23:59:59	rank,reward		2
71035	عرض شحن - August چوپان نیوفیس2025	2025-08-13 19:10:57	2025-08-31 23:59:59	rank,recharge		2
71054	August BIGO Billionaire E3 - LATAM	2025-08-23 00:00:00	2025-08-26 23:59:59	game,rank		2
71078	Agency Clash TR 2025	2025-08-18 00:00:00	2025-08-21 00:00:00	game		2
71083	حدث التنين الازرق- الخليج العربي	2025-08-15 00:00:00	2025-08-19 23:59:59	rank,recharge		2
71124	F-NỤ CƯỜI TRIỆU ĐÔ KỲ 2-T8	2025-08-18 00:00:00	2025-08-23 00:00:00	group,rank		2
71129	Yummy и Greedy челлендж 🍕 (18-24.08)	2025-08-18 00:00:00	2025-08-25 00:00:00	task,growth		2
71131	🎉 Celebrate Your Birthday on BIGO! 🎉	2025-08-15 14:08:00	2025-08-31 23:59:59		https://static-fed.bigolive.tv/live/pages/bigolive/act-49334/index.html#/apply49334/1680	2
71172	🌟 Special Launch Begins NOW! 🚀	2025-08-25 00:00:00	2025-09-01 00:00:00		https://activity.bigo.tv/live/act/vip_manage_14114/index.html	2
71205	حدث واحة الذهب - كبار الشخصيات دول الخليج	2025-08-20 00:00:00	2025-08-24 23:59:59	rank,recharge		2
71207	حدث واحة الذهب قسم صناع المحتوى  شمال افريقيا	2025-08-20 00:00:00	2025-08-24 23:59:59	rank,reward		2
71219	YUMMY KING AGOSTO	2025-08-21 00:00:00	2025-08-28 00:00:00	growth,rank		2
71221	Diamantes Vendidios a Latam	2025-08-19 10:50:04	2025-08-25 00:00:00	rank,recharge		2
71316	August BIGO Billionaire E4 - EN	2025-08-30 00:00:00	2025-09-02 23:59:59	rank,reward		2
71350	주말 굿즈 쟁탈전!	2025-08-22 00:00:00	2025-08-25 00:00:00	rank,recharge		2
71375	معركة الوحوش النارية - بلاد الشام	2025-08-25 00:00:00	2025-08-31 23:59:59	rank,recharge		2
71437	Estrella de Agosto	2025-08-23 00:00:00	2025-08-24 00:00:00	game,stage		2
71579	TYCOON'S CHOICE	2025-08-26 15:00:00	2025-08-31 23:59:59	rank,reward		2
66612	多人房PK-嘉賓競技場	2025-06-07 00:00:00	2025-06-30 00:00:00	game		1
66655	Clasificación al Top 3  de Guerra de Territorios	2025-06-01 15:00:00	2025-06-07 23:59:59	growth		1
66780	DIY-ARTsMEDIA K1T6	2025-06-02 00:00:00	2025-06-07 23:59:59	rank		1
66782	DIY-Candy Fun K1T6	2025-06-02 00:00:00	2025-06-07 23:59:59	rank		1
66783	DIY-LOUIS K1T6	2025-06-02 00:00:00	2025-06-07 23:59:59	rank		1
66784	DIY-EDGAR K1T6	2025-06-02 00:00:00	2025-06-07 23:59:59	rank		1
66785	DIY-BUNNY K1T6	2025-06-02 00:00:00	2025-06-07 23:59:59	rank		1
66786	DIY-LIONS K1T6	2025-06-02 00:00:00	2025-06-07 23:59:59	rank		1
66787	DIY-BABIE K1T6	2025-06-02 00:00:00	2025-06-07 23:59:59	rank		1
66788	DIY-KHO BÁU K1T6	2025-06-02 00:00:00	2025-06-07 23:59:59	rank		1
66790	DIY-NẮNG CHIỀU K1T6	2025-06-02 00:00:00	2025-06-07 23:59:59	rank		1
66791	DIY-RAINBOW K1T6	2025-06-02 00:00:00	2025-06-07 23:59:59	rank		1
66792	DIY-HĐ K1T6	2025-06-02 00:00:00	2025-06-07 23:59:59	rank		1
66793	DIY-AN NAM K1T6	2025-06-02 00:00:00	2025-06-07 23:59:59	rank		1
66801	配信時間８０H チャレンジ！	2025-06-01 00:00:00	2025-06-30 23:59:59	rank		1
66809	FRBE - Le tour mondial de Dino - 202506	2025-06-01 00:00:00	2025-07-01 00:00:00	collection		1
66959	BIGO 歡迎你3.0	2025-06-02 18:00:00	2025-12-31 23:59:59	game		1
66989	U-NGÀY HỘI QUÝ TỘC 17/07/2025	2025-06-10 20:00:00	2025-06-10 23:00:00	game		1
67029	Yummy King	2025-06-04 00:00:00	2025-06-06 23:59:59	rank		1
67030	Greedy King	2025-06-04 00:00:00	2025-06-06 23:59:59	rank		1
67061	2025 PMSL CSA Spring(6.12-6.22)	2025-06-12 00:00:00	2025-06-23 00:00:00	game		1
67064	PK do Dia dos Namorados	2025-06-04 05:04:00	2025-06-30 00:00:00	game		1
67067	M - CHÀO MỪNG VIP USER TRỞ LẠI - 01-30/06	2025-06-04 16:59:00	2025-06-30 23:59:00	task		1
67088	Champion's League PL	2025-06-06 00:00:00	2025-06-13 00:00:00	rank		1
67096	비고 라이브의 새로 업데이트 된 기능을 소개합니다 💡	2025-06-05 16:00:00	2026-06-05 00:00:00	collection		1
67127	hlj-按钮	2025-06-05 12:36:29	2025-06-30 00:00:00	recharge		1
67174	June BIGO Billionaire E1 - LATAM	2025-06-07 00:00:00	2025-06-10 23:59:59	rank		1
67175	June BIGO Billionaire E1- VN	2025-06-07 00:00:00	2025-06-10 23:59:59	rank		1
67191	24-Hour RUSH JUNE	2025-06-05 14:16:28	2025-06-06 00:00:00	rank		1
67201	I- Cam DIY K1T6	2025-06-06 09:35:00	2025-06-11 23:59:59	rank		1
67214	Welcome to Bigo Live with DINO (ANZ)	2025-06-06 17:43:44	2026-03-19 00:00:00	collection		1
67270	I- CHARLIE DIY K2AT6	2025-06-10 00:00:00	2025-06-15 23:59:59	rank		1
67273	DIY-AZK DIY K2AT6	2025-06-10 00:00:00	2025-06-15 23:59:59	rank		1
67309	Evento Top Suportes 👑	2025-06-09 17:32:49	2025-07-02 18:11:46	reward		1
67341	ID - Malam Pesta Emas✨	2025-06-12 00:00:00	2025-06-19 00:00:00	game		1
67358	¡Agencia Destacada! 🏛⚜️	2025-06-10 00:00:00	2025-06-30 00:00:00	stage		1
67359	2025/06 Everyday 300$ Bean Race	2025-06-12 00:00:00	2025-06-21 23:59:59	rank		1
67364	hlj-按钮	2025-06-10 11:58:00	2025-06-13 00:00:00	recharge		1
67395	M - WELCOME TO BIGO LIVE - BEAUTIFUL IDOL	2025-06-10 16:59:53	2025-07-31 15:52:07	task		1
67409	BIGO LIVE！ LINEお友達キャンペーン	2025-06-11 00:00:00	2025-06-30 23:59:59	game		1
67421	Juicy-按钮	2025-06-10 20:52:17	2025-06-12 00:00:00	recharge		1
67424	hlj-按钮1	2025-06-10 21:16:00	2025-06-13 00:00:00	recharge		1
67428	BIGO Summer Fest	2025-06-13 00:00:00	2025-06-30 00:00:00			1
67436	Festa Junina 2025	2025-06-13 00:00:00	2025-06-30 23:59:59	game		1
67439	PH HOST EVENT CALENDAR	2025-06-11 12:15:00	2025-06-12 00:00:00	game		1
67458	June BIGO Billionaire E2 - LATAM	2025-06-16 00:00:00	2025-06-19 23:59:59	rank		1
67459	BIGO LIVE 사용자 설문조사	2025-06-11 18:50:00	2025-06-13 06:00:00	task		1
67468	Инструкция по регистрации участников в Семейной Лиге	2025-06-12 00:00:00	2026-01-01 00:00:00	game		1
67480	Bigo Dad	2025-06-11 16:35:52	2025-06-15 23:59:59	reward		1
67502	F- GIA TỘC TẾU	2025-06-12 16:32:00	2025-12-01 15:26:31	game		1
67518	Super Mittente di Regali 16/6-30/6	2025-06-16 00:00:00	2025-07-01 00:00:00	rank		1
67526	اختار عرض الشحن الخاص بك	2025-06-12 21:05:33	2025-06-18 00:00:00	task		1
67536	N-CAM DIY K2T6	2025-06-15 01:00:00	2025-06-20 23:59:59	rank		1
67541	June 2nd Half Streamer Incentive	2025-06-13 14:45:00	2025-07-01 23:59:59	reward		1
67543	白月光公會六月份內部激勵活動	2025-06-14 00:00:00	2025-07-01 00:00:00	rank		1
67561	N- YOUTH DIY K2BT6	2025-06-18 00:00:00	2025-06-23 23:59:59	rank		1
67564	N-COLOR DIY K2BT6	2025-06-18 00:00:00	2025-06-23 23:59:59	rank		1
67566	N-TITAN K2BT6	2025-06-18 00:00:00	2025-06-23 23:59:59	rank		1
67567	N-UNGLINH DIY K2BT6	2025-06-18 00:00:00	2025-06-23 23:59:59	rank		1
67571	N-C&T DIY K2BT6	2025-06-18 00:00:00	2025-06-23 23:59:59	rank		1
67573	Yummy King	2025-06-14 00:00:00	2025-06-16 23:59:59	rank		1
67574	Greedy King	2025-06-14 00:00:00	2025-06-16 23:59:59	rank		1
67578	唐合公會六月份內部激勵活動	2025-06-14 00:00:00	2025-07-01 00:00:00	rank		1
67579	天更文化公會六月份內部激勵活動	2025-06-14 00:00:00	2025-07-01 00:00:00	rank		1
67585	7-Day Challenge	2025-06-14 00:00:00	2025-06-21 00:00:00	rank		1
67595	PH TOP HOSTS	2025-06-15 22:25:00	2025-09-30 23:59:59	reward		1
67663	TEST VOTE SPOT ON	2025-06-17 12:00:00	2025-06-18 00:00:00	rank		1
67674	报名_test	2025-06-17 16:30:00	2025-06-18 18:00:00	rank		1
67676	TH Daily Check-in	2025-06-21 00:00:00	2025-07-01 00:00:00	task		1
67693	Calling BIGO Hosts: Star in Bigo Live Global Ads!	2025-06-18 00:00:00	2025-10-31 00:00:00	game		1
67715	Submit For Calling BIGO Hosts: Star in BIGO LIVE Global Ads!	2025-06-20 00:00:00	2025-06-28 00:00:00	task		1
67737	حدث اسطورة درب الاكليل - شمال أفريقيا	2025-06-19 00:00:00	2025-06-23 23:59:59	game		1
67744	بوابة الجماهير السعودية	2025-06-18 20:39:12	2025-06-30 00:00:00	game		1
67764	test	2025-06-19 12:04:28	2025-06-20 00:00:00	game		1
67778	June BIGO Billionaire E3- VN	2025-06-23 00:00:00	2025-06-26 23:59:59	rank		1
67797	Unpopular Opinions Night, July 2025	2025-06-30 10:00:00	2025-07-28 15:00:00	game		1
67817	BIGO之星落地頁展示	2025-06-20 16:30:00	2025-12-31 23:59:59	game		1
67841	Special Appeal	2025-06-20 20:25:00	2026-01-01 00:00:00	task		1
67854	N-CAM DIY K3T6	2025-06-21 08:45:00	2025-06-26 23:59:59	rank		1
67860	AgenturRanking	2025-06-23 00:00:00	2025-06-29 23:59:59	rank		1
67863	Yummy King	2025-06-23 00:00:00	2025-06-24 23:59:59	rank		1
67864	Greedy King	2025-06-23 00:00:00	2025-06-24 23:59:59	rank		1
67867	Stars & Stripes PK July 2025	2025-06-30 23:00:00	2025-08-01 23:00:00	game		1
67917	Yummy King	2025-06-25 00:00:00	2025-06-25 23:59:59	rank		1
67918	Greedy King	2025-06-25 00:00:00	2025-06-25 23:59:59	rank		1
67940	صيف المجد - بلاد الشام	2025-06-24 00:00:00	2025-06-30 23:59:59	game		1
67945	حدث الترقية	2025-06-24 00:00:00	2025-06-30 23:59:59	rank		1
67956	Mejora de ingresos, mejora de la capacidad Junio	2025-06-20 00:00:00	2025-06-22 00:00:00	rank		1
67985	Sprint de junho	2025-06-24 06:00:00	2025-07-02 00:00:00	rank		1
67993	Office Lilyme 様専用イベントページ	2025-06-24 18:00:00	2025-06-30 23:59:59	rank		1
67996	N-MY ROSE K3T6	2025-06-25 00:00:00	2025-06-30 23:59:59	rank		1
67997	N-C&T DIY K3T6	2025-06-25 00:00:00	2025-06-30 23:59:59	rank		1
67998	N-BABIE K3T6	2025-06-25 00:00:00	2025-06-30 23:59:59	rank		1
67999	N- YOUTH DIY K3T6	2025-06-25 00:00:00	2025-06-30 23:59:59	rank		1
68000	N-AZK DIY K3T6	2025-06-25 00:00:00	2025-06-30 23:59:59	rank		1
68001	N-LUNANEKO DIY K3T6	2025-06-25 00:00:00	2025-06-30 23:59:59	rank		1
68002	N-NÚI GẤU DIY K3T6	2025-06-25 00:00:00	2025-06-30 23:59:59	rank		1
68004	N-COLOR DIY K3T6	2025-06-25 00:00:00	2025-06-30 23:59:59	rank		1
68005	N-THRONE DIY K3T6	2025-06-25 00:00:00	2025-06-30 23:59:59	rank		1
68007	N-MIANH DIY K3T6	2025-06-25 00:00:00	2025-06-30 23:59:59	rank		1
68012	Offerta speciale per broadcasters	2025-06-25 00:00:00	2025-06-29 23:59:59	rank		1
68057	音楽チャンネル	2025-07-10 00:00:00	2025-12-31 23:59:59	game		1
68077	Live House : Growing Class - JUL 25	2025-07-01 00:00:00	2025-08-01 00:00:00	growth		1
68080	SAT-SUN Showcase - JUL 25	2025-07-01 00:00:00	2025-08-01 00:00:00	game		1
68176	June BIGO Billionaire E4 - LATAM	2025-06-30 00:00:00	2025-07-03 23:59:59	rank		1
68191	Mid-Gala : Live House King 2025	2025-07-14 00:00:00	2025-07-30 00:00:00			1
68209	UK June Agency Glory PK Winner ( 27th - 29th June )	2025-06-27 00:00:00	2025-06-29 23:59:59	game		1
68214	Live Spark	2025-07-01 00:00:00	2025-08-01 00:00:00	rank		1
68252	NEW VJ GOLDEN TIME JULY 2025	2025-07-01 00:00:00	2025-07-16 00:00:00	game		1
68365	Almost There Bonus	2025-06-30 13:00:00	2025-08-01 00:00:00	reward		1
68380	海牛个人日榜排行	2025-06-30 15:25:00	2025-07-01 23:00:00	rank		1
68450	N-CAM DIY K1T7	2025-07-01 00:00:00	2025-07-06 23:59:59	rank		1
68469	MULTIS-Chaines Des Talents 202507	2025-07-01 00:00:00	2025-07-31 23:59:59			1
68470	ID-Family Calendar July	2025-07-01 00:00:00	2025-07-31 23:59:59	group		1
68560	New Shinning Stars!! Rise & Radiate！	2025-07-01 18:59:39	2026-02-28 00:00:00	game		1
68565	Themed Livehouse!	2025-07-01 19:14:54	2026-02-28 00:00:00	game		1
68568	Check Out Content Inspire Plan!	2025-07-01 19:25:16	2026-01-29 00:00:00	game		1
68577	TOP Activities	2025-07-01 19:55:00	2026-07-01 00:00:00	game		1
68581	USCA_Posting Function is Back	2025-07-01 20:59:02	2026-04-30 00:00:00	game		1
68586	إنشاء عائلة	2025-07-01 17:41:00	2025-12-30 23:59:59	task		1
68601	N-KHO BÁU K2AT7	2025-07-10 00:00:00	2025-07-15 23:59:59	rank		1
68608	N-NÚI GẤU DIY K1T7	2025-07-03 00:00:00	2025-07-08 23:59:59	rank		1
68611	N-NẮNG CHIỀU K1T7	2025-07-03 00:00:00	2025-07-08 23:59:59	rank		1
68633	SVIP 정기 설문조사	2025-07-02 12:00:00	2025-07-07 00:00:00	task		1
68638	SVIP 이벤트 캘린더	2025-07-02 14:00:00	2026-01-01 00:00:00	game		1
68655	TH - Home Staying 4-11 July	2025-07-04 00:00:00	2025-07-12 00:00:00	rank		1
68658	BIGO PH MID-YR GALA 2025	2025-07-02 16:35:50	2025-08-31 00:00:00			1
68659	PMEWL SEASON 5 BIGO	2025-07-10 00:00:00	2025-07-14 23:59:59	game		1
68663	July BIGO Billionaire E1 - LATAM	2025-07-09 00:00:00	2025-07-12 23:59:59	rank		1
68664	July BIGO Billionaire E1- VN	2025-07-09 00:00:00	2025-07-12 23:59:59	rank		1
68770	DuriYUM Livehouse Party	2025-07-02 20:15:00	2025-07-31 23:59:59	reward		1
68781	بطولة الجالا النصف سنوية 2025-  شمال افريقيا	2025-07-04 00:00:00	2025-07-12 23:59:59	game		1
68790	24-Hour RUSH July	2025-07-05 00:00:00	2025-07-06 00:00:00	rank		1
68796	BBR- Ambassador	2025-07-03 00:00:00	2025-07-31 23:59:59	task		1
68805	官方直播限時福利	2025-07-08 16:00:00	2025-07-08 18:00:00	rank		1
68806	88543-HL	2025-07-03 11:17:07	2025-07-05 00:00:00	rank		1
68808	88543贴吧瓜分榜（7-3 16:00结束）	2025-07-03 11:47:32	2025-07-03 16:00:42	rank		1
68810	88543贴吧排行榜（16:00结束）	2025-07-03 11:59:01	2025-07-03 16:00:45	rank		1
68842	88543贴吧排行榜-分享上限检查	2025-07-03 20:18:06	2025-07-04 18:30:16	rank		1
68844	EWC 2025×BIGO	2025-07-05 00:00:00	2025-08-30 00:00:00	rank		1
68887	Coup d' État de Dino Royaume 202507	2025-07-12 00:00:00	2025-07-20 23:59:59	collection		1
68890	Champion's League PL	2025-07-06 00:00:00	2025-07-13 00:00:00	rank		1
68895	Misión Estrella de Verano - LATAM ES	2025-07-06 00:00:00	2025-07-29 23:59:59	rank		1
68896	Exploração de Estrela de Verão - LATAM PT	2025-07-06 00:00:00	2025-07-29 23:59:59	rank		1
68915	Big Live Top Heat Post - 07/07/2025	2025-07-07 14:40:00	2025-07-08 16:00:00	game		1
68917	N-HỒ LY K2AT7	2025-07-10 00:00:00	2025-07-15 23:59:59	rank		1
68920	N-UNGLINH K2AT7	2025-07-10 00:00:00	2025-07-15 23:59:59	rank		1
68923	N-TITAN K2AT7	2025-07-10 00:00:00	2025-07-15 23:59:59	rank		1
68924	N-MÁ DƯ K2AT7	2025-07-10 00:00:00	2025-07-15 23:59:59	rank		1
68925	N-KHO BÁU K2AT7	2025-07-10 00:00:00	2025-07-15 23:59:59	rank		1
68927	N-AZK K2AT7	2025-07-10 00:00:00	2025-07-15 23:59:59	rank		1
68930	N-Candy Fun K2AT7	2025-07-10 00:00:00	2025-07-15 23:59:59	rank		1
68932	N-BUNNY K2AT7	2025-07-10 00:00:00	2025-07-15 23:59:59	rank		1
68933	N-BABIE K2AT7	2025-07-10 00:00:00	2025-07-15 23:59:59	rank		1
68934	N-CHARLIE DIY K2AT7	2025-07-10 00:00:00	2025-07-15 23:59:59	rank		1
68937	N-ANHEMDL K2AT7	2025-07-10 00:00:00	2025-07-15 23:59:59	rank		1
68938	N-COLOR DIY K2AT7	2025-07-10 00:00:00	2025-07-15 23:59:59	rank		1
68987	EWC Main event	2025-07-08 20:00:00	2025-09-01 00:00:00	game		1
69079	PMEWL SEASON 5 BIGO TR	2025-07-10 00:00:00	2025-07-14 23:59:59	stage		1
69127	Customized Gift	2025-07-11 16:00:22	2025-12-31 00:00:00	reward		1
69177	CHIẾN THẦN ĐỈNH CAO	2025-07-13 00:00:00	2025-07-18 00:00:00	rank		1
69244	بطولة الجالا النصف سنوية للعائلات 2025- شمال افريقيا	2025-07-16 00:00:00	2025-07-22 23:59:59	game		1
69273	N-HỒ LY K2BT7	2025-07-17 00:00:00	2025-07-22 23:59:59	rank		1
69275	N-RICH DIY K2BT7	2025-07-17 00:00:00	2025-07-22 23:59:59	rank		1
69281	N-2Gether K2BT7	2025-07-17 00:00:00	2025-07-22 23:59:59	rank		1
69282	N-EDGAR K2BT7	2025-07-17 00:00:00	2025-07-22 23:59:59	rank		1
69301	『nuse』PRモデルオーディション！特設ページ	2025-08-18 00:00:00	2025-08-31 23:59:59	game		1
69481	多人語音房｜月末衝刺榜🔥	2025-07-21 00:00:00	2025-07-31 23:59:59	rank		1
69623	MIDNIGHT SPIN	2025-08-12 18:30:01	2025-08-22 18:30:01	lottery		1
69676	N-ARTsMEDIA K3T7	2025-07-26 00:00:00	2025-07-31 23:59:59	rank		1
69677	N-TITAN K3T7	2025-07-26 00:00:00	2025-07-31 23:59:59	rank		1
69687	N- YOUTH K3T7	2025-07-26 00:00:00	2025-07-31 23:59:59	rank		1
69790	비고 라이브 이벤트 모음!	2025-07-25 15:00:00	2025-08-01 00:00:00			1
70200	N-RICH DIY K1AT8	2025-08-01 00:00:00	2025-08-06 23:59:59	rank		1
70201	N-AN NAM K1AT8	2025-08-01 00:00:00	2025-08-06 23:59:59	rank		1
70202	N-AZK K1AT8	2025-08-01 00:00:00	2025-08-06 23:59:59	rank		1
70381	测试	2025-07-31 15:20:00	2025-08-02 00:00:00	rank		1
70513	K-pop Nights ES	2025-08-01 14:15:00	2025-09-02 00:00:00	rank		1
70559	DACH August Top mit einem Topp	2025-08-05 00:00:00	2025-08-10 23:59:59	rank		1
70613	SVIP 8월 설문조사	2025-08-05 17:00:00	2025-08-11 00:00:00	task		1
70624	BIGO LIVE 유저님들을 위한 설문조사	2025-08-05 18:50:00	2025-08-08 09:00:00	task		1
70655	N-CAM DIY K1T8	2025-08-07 00:00:00	2025-08-12 23:59:59	rank		1
70690	CLASSIFICA D'ORO	2025-08-06 20:00:00	2025-08-17 12:00:00	rank		1
70755	ID- Gala Star ⭐️	2025-08-20 00:00:00	2025-08-22 20:30:00			1
70817	WEEKENDS LIVE FEST	2025-08-08 18:00:00	2025-09-01 00:00:00	reward		1
70861	FRBE - Recommandation des Streamers	2025-08-08 20:14:12	2026-08-07 00:00:00	game		1
70882	كأس العائلات - الخليج العربي	2025-08-12 00:00:00	2025-08-31 23:59:59	game		1
70972	Ưu đãi đặc biệt	2025-08-12 18:00:00	2025-08-22 23:59:59	game		1
71019	88074-主播高光	2025-08-13 18:05:00	2025-08-14 19:48:00	game		1
71100	88074-主播高光3	2025-08-15 10:35:08	2025-08-15 12:03:46	game		1
71109	88074-主播高光4	2025-08-15 10:55:28	2025-08-18 00:00:00	game		1
71112	88074-主播高光5	2025-08-15 15:46:59	2025-08-18 00:00:00	game		1
71170	88074-主播高光8	2025-08-18 14:09:27	2025-08-18 15:00:12	game		1
71200	Yummy Pro грандиозный запуск 🎉	2025-08-21 00:00:00	2025-08-27 00:00:00	rank		1
71268	AUG 2025 DIY ONLINE EVENTS	2025-08-20 00:00:11	2025-08-30 23:59:59	group		1
71318	August BIGO Billionaire E4- VN	2025-08-30 00:00:00	2025-09-02 23:59:59	rank		1
71996	Reclama increíbles items raros	2025-08-29 09:57:08	2025-09-12 00:00:00	stage		1
66678	Bersama BIGO, Jadi Rakan Niaga!	2025-06-01 00:00:00	2025-06-30 23:59:59			
66691	توظيف المذيعين ذوي الجودة العالية	2025-06-01 00:00:00	2025-06-30 23:59:59			
66777	ID Ultimate Host Challenge 1-4 JUNE 2025	2025-06-01 00:00:00	2025-06-05 00:00:00			
66797	配信時間８０H チャレンジ！	2025-06-01 00:00:00	2025-06-30 23:59:59			
66824	[골든로즈, 용의 소원구슬] 확률 조정 안내	2025-06-02 15:00:00	2025-08-01 00:00:00			
66943	New Recruits Bonus	2025-06-02 14:18:00	2025-12-31 00:00:00			
66946	AGC VUA DOANH THU T6	2025-06-02 14:00:00	2025-06-30 23:59:59			
66954	حدث عيد الأضحى	2025-06-03 00:00:00	2025-06-10 00:00:00			
66967	BIGO 歡迎你3.0	2025-06-02 19:08:00	2025-12-31 23:59:59			
67026	MWI تصفيات	2025-06-04 00:00:00	2025-07-01 00:00:00			
67044	Unpopular Opinions Night, June 2025	2025-06-03 16:01:36	2025-06-30 00:00:00			
67049	金蛇狂舞	2025-06-04 11:05:00	2025-06-10 20:00:00			
67051	金蛇狂舞BN曝光-Monster	2025-07-04 16:00:00	2026-06-30 23:59:59			
67059	ID POST CHALLENGE 5-11 JUN	2025-06-05 00:00:00	2025-06-30 23:59:59			
67129	MUSIC ON THE WEEKEND	2025-06-08 15:00:00	2025-06-28 23:59:59			
67141	人気ライバー	2025-06-05 16:25:16	2025-08-06 15:24:20			
67149	人気ライバー	2025-06-05 16:25:16	2025-08-06 15:24:20			
67190	6월 뉴페이스 & 컴백 호스트!	2025-06-05 19:50:00	2025-07-01 00:00:00			
67212	日台連携！音楽スペシャルチャンネル	2025-06-07 14:59:01	2025-12-31 23:59:59			
67220	141 рублей купоны! 5.06-18.06	2025-06-06 16:31:00	2025-06-18 23:59:59			
67224	F-NGÔI SAO CHIÊU MỘ	2025-06-11 00:00:00	2025-06-30 00:00:00			
67326	Top Agencies and Hosts in May	2025-06-10 00:00:00	2025-06-20 00:00:00			
67351	ID - Dibubu theme park🎠	2025-06-20 15:00:00	2025-07-01 00:00:00			
67374	BIGOLETTER 6月	2025-06-10 15:00:00	2025-06-30 23:00:00			
67410	華語特色主播推薦	2025-08-07 18:57:57	2026-07-31 23:59:59			
67461	Host Event Calendar	2025-06-13 18:45:00	2026-06-11 00:00:00			
67462	أساطير الفخامة - الخليج العربي	2025-06-12 00:00:00	2025-06-18 23:59:59			
67463	أساطير الفخامة - بلاد الشام	2025-06-12 00:00:00	2025-06-18 23:59:59			
67464	أساطير الفخامة - شمال افريقيا	2025-06-12 00:00:00	2025-06-18 23:59:59			
67465	ANZ recommend streamers	2025-06-12 00:00:00	2025-06-25 00:00:00			
67479	IT IS RAAAAW!	2025-06-12 00:00:01	2025-07-06 22:05:00			
67493	BIGOJP用户新人教程	2025-06-12 15:58:15	2026-05-15 17:34:16			
67527	PRIDE ON BIGO 2025	2025-06-12 20:00:00	2025-07-31 00:00:00			
67576	Top Hosts Are Live in Australia! （ANZ）	2025-06-14 19:16:23	2025-09-30 17:16:27			
67628	Get Re-acquainted with BIGO LIVE!	2025-06-16 17:53:40	2026-02-28 00:00:00			
67632	K-POP 파티	2025-06-28 00:00:00	2025-06-29 00:00:00			
67651	حدث اسطورة درب الاكليل - لدول الشرق الاوسط	2025-06-19 00:00:00	2025-06-23 23:59:59			
67664	MM How to Vote Miss Universe Myanmar 2025 💃	2025-06-17 12:05:43	2025-06-27 23:59:59			
67680	Top Hosts Are Live in Australia!	2025-06-18 15:52:11	2025-12-31 00:00:00			
67709	우수 신입 호스트 이벤트	2025-06-18 17:00:00	2025-07-01 00:00:00			
67735	حدث اسطورة درب الاكليل - العراق وبلاد الشام	2025-06-19 00:00:00	2025-06-23 23:59:59			
67736	حدث اسطورة درب الاكليل - الخليج العربي	2025-06-19 00:00:00	2025-06-23 23:59:59			
67760	BIGO LIVE IN PH!	2025-06-19 13:55:08	2025-10-31 23:59:59			
67761	YOUR FAV HOSTS WAITING!	2025-06-19 11:16:15	2025-10-31 23:59:59			
67819	SVIP Monarch Night	2025-06-21 16:00:00	2025-06-23 23:59:59			
67845	SVIP Banner	2025-06-21 00:00:00	2025-08-31 00:00:00			
67846	Fashion Day	2025-06-21 00:00:00	2025-06-30 00:00:00			
67874	最大10万ビーンズが当たる！	2025-06-23 13:04:00	2025-06-30 23:59:59			
67938	صيف المجد - الخليج العربي	2025-06-24 00:00:00	2025-06-30 23:59:59			
67939	صيف المجد - شمال افريقيا	2025-06-24 00:00:00	2025-06-30 23:59:59			
67966	BIGO GHOST HUNTING	2025-06-24 10:30:00	2025-07-02 23:59:59			
68054	CRAZY QUIZ NIGHTS	2025-06-25 15:00:00	2025-06-30 23:59:59			
68061	SPOT ON 2025 - Lâu Đài Ánh Trăng	2025-06-25 16:32:00	2025-06-26 00:00:00			
68065	CRAZY QUIZ NIGHTS	2025-06-25 17:30:00	2025-06-30 23:59:59			
68076	NEW VJ Live House : JUL 2025	2025-07-01 00:00:00	2025-08-01 00:00:00			
68078	Live House : Middle Class - JUL 25	2025-07-01 00:00:00	2025-08-01 00:00:00			
68079	Live House : TOP VJ - JUL 25	2025-07-01 00:00:00	2025-08-01 00:00:00			
68124	2025년 7월 최고의 에이전시를 뽑아라!	2025-07-01 00:00:00	2025-08-01 00:00:00			
68200	AGENCY CHIẾN THẦN TUYỂN DỤNG THÁNG 7	2025-07-01 00:00:00	2025-08-01 00:00:00			
68228	July 2025 Prestige Booster Calendar	2025-07-01 00:00:00	2025-08-01 00:00:00			
68241	復帰・カムバック特典大放出！（7月）	2025-07-01 00:00:00	2025-08-01 00:00:00			
68245	Welcome back! Your Story Restarts Today!	2025-06-28 15:44:04	2025-10-31 00:00:00			
68548	CRAZY QUIZ NIGHTS	2025-07-01 18:00:00	2025-07-31 23:59:59			
68554	Bring Hosts, Earn More	2025-07-01 11:40:00	2025-07-31 23:59:59			
68599	Конкурс агентов ГАЛА СЕРЕДИНЫ ГОДА 2025	2025-08-02 00:00:00	2025-08-10 00:00:00			
68614	FMTV Season 9 Covers Monday!	2025-08-01 00:00:00	2025-10-31 00:00:00			
68652	2025 크리에이터 미디어 산업대전 in 인천	2025-07-11 08:00:00	2025-07-12 22:00:00			
68657	SL.. 그것이 알고싶다..	2025-07-02 17:30:48	2026-07-01 00:00:00			
68779	بطولة الجالا النصف سنوية 2025-الخليج العربي	2025-07-04 00:00:00	2025-07-12 23:59:59			
68780	بطولة الجالا النصف سنوية 2025-    بلاد الشام	2025-07-04 00:00:00	2025-07-12 23:59:59			
68797	7월 뉴페이스 & 컴백 호스트!	2025-07-03 10:31:00	2025-08-01 00:00:00			
68798	Want to boost your content? Join the official inspiration events!	2025-07-03 10:29:04	2026-05-30 00:00:00			
68828	88543 帖子展示列表	2025-07-03 16:09:26	2025-07-03 17:10:00			
68843	EWC 2025	2025-07-04 00:00:00	2025-10-01 00:00:00			
68850	July BIGO FEST	2025-07-07 00:00:00	2025-08-01 00:00:00			
68864	BIGO LIVE！ LINEお友達キャンペーン	2025-07-07 00:00:00	2025-07-31 23:59:59			
68985	HESAP GÜVENLİĞİ	2025-07-08 14:50:16	2026-07-07 14:45:16			
69053	ID Posting Challenge - 202507	2025-07-09 17:00:00	2025-07-31 23:59:59			
69083	MSC - EWC	2025-07-09 16:00:00	2025-09-01 00:00:00			
69114	Cara Menggunakan Hak Istimewa SVIP	2025-07-11 16:00:22	2025-12-31 00:00:00			
69181	SPELLING BEE-GO	2025-07-11 17:45:00	2025-07-31 23:59:59			
69230	Bem-vindo ao Bigo live!	2025-07-17 23:59:59	2025-07-31 23:59:59			
69386	LONDON PRIDE	2025-07-16 20:30:00	2025-07-22 00:00:00			
69515	最大10万ビーンズが当たる！	2025-07-21 12:10:00	2025-07-31 23:59:59			
69566	Top 100 bài viết tuần	2025-07-22 11:30:00	2025-10-01 00:00:00			
69567	每周帖子热榜	2025-07-22 11:35:00	2025-10-01 00:00:00			
69568	Top 100 Postingan Mingguan	2025-07-22 11:35:00	2025-10-01 00:00:00			
69604	FRBE - Recommandation des Streamers - Turquie 🇹🇷	2025-07-22 18:22:16	2026-07-21 00:00:00			
70012	FRBE - Recommandation des Streamers - L'Asie de l'Est	2025-07-30 14:55:00	2026-07-21 00:00:00			
70018	FRBE - Recommandation des Streamers - Vietnam 🇻🇳	2025-07-30 14:55:00	2026-07-21 00:00:00			
70149	Test (free tickets)	2025-07-30 14:48:00	2025-07-31 00:00:00			
70195	『BIGO浴衣名鑑 』〜推しが“浴衣”で広告に〜！特設ページ	2025-08-04 00:00:00	2025-08-17 23:59:59			
70436	PHSVIP Revamp	2025-08-01 00:00:00	2026-07-31 23:59:59			
70524	August 2025 Prestige Booster Calendar	2025-08-01 19:00:00	2025-09-01 00:00:00			
70701	ID - Pesta Olahraga Indonesia  🇮🇩	2025-08-12 00:00:00	2025-08-20 00:00:00			
70768	August BIGO FEST	2025-08-08 00:00:00	2025-09-01 00:00:00			
70886	كأس العائلات - بلاد الشام	2025-08-12 00:00:00	2025-08-31 23:59:59			
70994	واحة الذهب - بلاد الشام	2025-08-20 00:00:00	2025-08-24 23:59:59			
71094	Throw Back to School DJ Showcase	2025-08-23 00:02:00	2025-08-26 00:02:00			
71269	test -ru user event 2	2025-08-19 23:00:00	2025-10-22 00:00:00			
71688	Latam Stars	2025-08-27 07:35:00	2025-09-02 00:00:00			
71929	Welcome to BIGO LIVE ! Your Story Starts Today!	2025-08-28 16:18:34	2025-10-31 00:00:00			
