id	name	start	end	features	dedicated_urls	score
78702	New Bigoers, Welcome To Bigo Live! Jan	2026-01-01 12:00:00	2026-01-31 23:59:59	task,lottery,shop,growth,game,collection,group,rank,recharge,reward	https://activity.bigo.tv/live/act/act_14587/?area=NL|https://activity.bigo.tv/live/act/act_14587/?area=SE	15
78378	ID-New User Eksklusif JAN2025	2026-01-05 00:00:00	2026-02-05 00:00:00	task,growth,game,collection,group,rank,recharge,reward	https://activity.bigo.tv/live/act/banner-aggregation2/index.html?id=1592920054|https://static-fed.bigolive.tv/live/pages/bigolive/act-39011/index.html	14
77752	Family Welcome Week 12/19	2025-12-19 00:00:00	2025-12-26 00:00:00	task,lottery,growth,game,collection,group,rank,reward	https://static-fed.bigolive.tv/live/pages/bigolive/family-detail/index.html#/family/list?firstpage=true	13
78725	Regalo Especial para Nuevos!	2026-01-03 00:00:00	2026-01-31 23:59:59	task,lottery,game,collection,stage,rank,recharge,reward	https://static-fed.bigolive.tv/live/pages/bigolive/act-39011/index.html?src=001|https://static-fed.bigolive.tv/live/pages/bigolive/anchor-recurit/sign.html	13
77398	Friendly Auto-Reward Event - Dec 2025	2025-12-02 16:10:23	2026-01-01 23:59:59	task,growth,group,rank,reward	https://static-fed.bigolive.tv/live/pages/bigolive/act-39011/index.html?src=001|https://static-fed.bigolive.tv/live/pages/bigolive/act-49334/index.html#/apply49334/1732	12
77869	🔔 Dec Peak Performance: Special Christmas Bonus Rewards & Flight Reward to Seoul! 🔔	2025-12-12 00:00:00	2026-01-08 00:00:00	task,growth,game,stage,group,rank,reward	https://static-fed.bigolive.tv/live/pages/bigolive/family-detail/index.html#/family/list?firstpage=true	12
77870	Agency Christmas Live Fest 2025 *test	2025-12-12 03:45:00	2025-12-31 03:45:00	task,shop,game,collection,stage,group,rank,reward		12
78506	KH New Family Challenge (Jan 2026)	2026-01-01 00:00:00	2026-01-30 23:59:59	task,growth,group,rank,recharge,reward	https://activity.bigo.tv/live/act/act_14587/?area=KH|https://activity.bigo.tv/live/act/act_26289/index.html|https://activity.bigo.tv/live/act/banner-aggregation2/index.html?id=1612242209	12
78545	MM New Family Challenge (Jan 2026)	2026-01-01 00:00:00	2026-01-31 23:59:59	task,growth,game,group,rank,recharge,reward	https://activity.bigo.tv/live/act/banner-aggregation2/index.html?id=1609992861|https://static-fed.bigolive.tv/live/pages/bigolive/family-detail/index.html#/list?firstpage=true	12
79042	Friendly Auto-Reward Event - Jan 2026	2026-01-03 16:10:23	2026-02-01 23:59:59	task,growth,group,rank,reward	https://static-fed.bigolive.tv/live/pages/bigolive/act-39011/index.html?src=001|https://static-fed.bigolive.tv/live/pages/bigolive/act-49334/index.html#/apply49334/1732	12
77327	💫عودة الأساطير	2025-11-30 23:59:59	2025-12-15 23:59:59	task,lottery,shop,growth,game,rank,recharge,reward	https://static-fed.bigolive.tv/live/pages/bigolive/main-venue-2025-N0x29P/index.html	11
77370	NEW FAMILY RANKING - Dec 2025	2025-12-01 18:25:11	2026-01-04 23:59:59	task,lottery,growth,group,rank,recharge,reward	https://static-fed.bigolive.tv/live/pages/bigolive/family-detail/index.html	11
77465	Pre-Gala Spark:Global Gifting Event-USCA Dec Event	2025-12-02 16:28:49	2026-01-05 23:59:59	task,lottery,growth,game,collection,rank,recharge,reward		11
77871	Agency Christmas Live Fest 2025 *test2	2025-12-12 05:00:00	2025-12-31 23:59:59	task,game,collection,stage,group,rank,reward		11
77875	testest live hrs ranking am	2025-12-12 08:52:00	2025-12-31 09:50:00	task,game,collection,stage,group,rank,reward		11
78345	New Star Kickoff	2026-01-01 00:00:00	2026-01-31 23:59:59	task,lottery,shop,growth,game,collection,rank,reward	https://static-fed.bigolive.tv/live/pages/bigolive/act-49334/index.html#/apply49334/1930	11
78497	Mini Misión Diaria Enero	2026-01-05 00:00:00	2026-02-01 23:59:59	task,lottery,growth,game,collection,stage,rank,reward	https://static-fed.bigolive.tv/live/pages/bigolive/bigo-Institute/index.html	11
78538	MM Auto Watch Live Get Dia (Jan 2026)	2026-01-01 00:00:00	2026-01-31 23:59:59	task,growth,game,rank,recharge,reward	https://activity.bigo.tv/live/act/banner-aggregation2/index.html?id=1594096074|https://activity.bigo.tv/live/act/vip_manage_14114/index.html	11
78940	🎆 Gran Batalla de Año Nuevo	2026-01-01 00:00:00	2026-01-31 23:59:59	task,growth,game,stage,rank,recharge,reward	https://static-fed.bigolive.tv/live/pages/bigolive/svip/index.html	11
77483	Family GALA 2025- User	2025-12-06 00:00:00	2025-12-14 23:59:59	task,lottery,group,rank,recharge,reward	https://static-fed.bigolive.tv/live/pages/bigolive/annual-festival-family-2025/index.html	10
77833	dhy测试统计维度计分国家码01	2025-12-11 16:00:13	2025-12-12 12:18:26	task,lottery,growth,game,collection,stage,group,rank,reward		10
77835	dhy测试统计维度计分国家码02	2025-12-11 16:00:13	2025-12-12 12:18:26	task,lottery,growth,game,collection,stage,group,rank,reward		10
77977	O Cofre Só Para Você	2025-12-22 00:00:00	2025-12-31 23:59:59	task,growth,stage,rank,recharge,reward	https://static-fed.bigolive.tv/live/pages/bigolive/svip/index.html	10
78024	Santa's Showdown	2025-12-21 00:00:00	2025-12-28 00:00:00	task,lottery,growth,game,collection,rank,reward		10
78037	SVIP Questionnaire -2025 Q4	2025-12-18 00:00:00	2025-12-31 23:59:59	task,lottery,shop,growth,game,collection,group,rank,reward		10
78242	ANZ Recharge Treasure Box	2026-01-20 00:00:00	2026-01-23 23:59:59	task,growth,game,stage,rank,recharge,reward		10
78299	kyc incentive	2025-12-22 14:00:00	2026-01-08 00:00:00	task,lottery,growth,game,collection,rank,reward	https://activity.bigo.tv/live/act/act_9599/index.html?authType=1	10
78514	KH Auto SVIP0-OnlyforU (Jan 2026)	2026-01-01 00:00:00	2026-01-31 23:59:59	task,lottery,growth,game,recharge,reward	https://activity.bigo.tv/live/act/banner-aggregation2/index.html?id=1592893413|https://activity.bigo.tv/live/act/vip_manage_14114/index.html	10
78550	ID-New Year Fireworks Festival 🎆 User	2026-01-03 00:00:00	2026-01-09 23:59:59	lottery,growth,collection,stage,rank,recharge,reward		10
78551	ID-New Year Fireworks User	2026-01-14 00:00:00	2026-01-20 23:59:59	lottery,growth,stage,rank,recharge,reward		10
78552	ID-New Year Fireworks Festival 🎆 Family	2026-01-03 00:00:00	2026-01-09 23:59:59	lottery,growth,game,group,rank,reward		10
78577	M-Xem live hay Nhận thưởng ngay -01-31/01/26	2026-01-01 00:00:00	2026-02-01 00:00:00	task,lottery,shop,growth,game,collection,rank,reward		10
78714	Amateur Host Support Program Jan	2026-01-01 00:00:00	2026-01-31 23:59:59	task,lottery,growth,game,collection,rank,reward	https://static-fed.bigolive.tv/live/pages/bigolive/act-49334/index.html#/apply49334/1861	10
78772	KH Family Begins	2026-01-01 00:00:00	2026-01-31 23:59:59	task,game,group,rank,recharge,reward	https://activity.bigo.tv/live/act/act_14587/?area=KH|https://activity.bigo.tv/live/act/act_26289/index.html	10
78928	Rising Star Auto Reward - Jan 2026	2025-12-31 00:00:00	2026-02-01 23:00:00	task,growth,game,rank,reward	https://static-fed.bigolive.tv/live/pages/bigolive/act-39011/index.html?src=001|https://static-fed.bigolive.tv/live/pages/bigolive/act-49334/index.html	10
79039	Premium Morning Level-Up  Auto Reward Part 1&2- Jan 2026	2026-01-05 00:00:00	2026-02-01 00:00:00	task,growth,rank,recharge,reward	https://static-fed.bigolive.tv/live/pages/bigolive/act-39011/index.html?src=001|https://static-fed.bigolive.tv/live/pages/bigolive/act-49334/index.html#/apply49334/1732	10
77351	Welcome Aboard, New BIGOer!-Dec	2025-12-06 00:00:00	2026-01-04 23:59:59	task,lottery,growth,rank,recharge,reward		9
77409	KH-Family GALA (Host)	2025-12-06 00:00:00	2025-12-14 23:59:59	lottery,game,group,rank,reward	https://static-fed.bigolive.tv/live/pages/bigolive/annual-festival-family-2025/index.html	9
77574	✨Dec -  UK Arena Battle	2025-12-06 00:00:00	2025-12-14 23:59:59	task,growth,game,collection,stage,rank,reward		9
77620	USCA x Africa Gifting Quest-Gala Edition---Dec USCA Event	2025-12-05 16:11:07	2026-01-03 23:59:59	task,lottery,growth,collection,rank,recharge,reward		9
77621	LATAM Gift Carnival-Gala Edition---Dec USCA Event	2025-12-05 16:16:09	2026-01-03 23:59:59	task,lottery,growth,collection,rank,recharge,reward		9
77622	Love on the Way to Vietnam-Gala Edition---Dec USCA Event	2025-12-05 16:19:52	2026-01-03 23:59:59	task,lottery,growth,collection,rank,recharge,reward		9
77623	Love on the Way to Philippines-Gala Edition---Dec USCA Event	2025-12-05 16:24:12	2026-01-03 23:59:59	task,lottery,growth,collection,rank,recharge,reward		9
77624	South East Asia Gift Carnival -Gala Edition---Dec USCA Event	2025-12-05 16:29:47	2026-01-03 23:59:59	task,lottery,growth,collection,rank,recharge,reward		9
77636	Family Gala Ranking Event	2025-12-10 00:00:00	2025-12-17 23:59:59	task,lottery,shop,growth,group,rank,recharge,reward		9
77865	Гала 2025:  Семейный Чемпионат✨	2025-12-11 22:10:00	2026-08-06 00:00:00	lottery,game,collection,group,rank,recharge	https://static-fed.bigolive.tv/live/pages/bigolive/annual-festival-family-2025/index.html	9
77945	💫عودة الأساطير	2025-12-14 23:59:59	2025-12-31 23:59:59	task,lottery,shop,growth,game,rank,recharge,reward		9
77989	🎊 Milagres de Ano Novo 🎆🎉	2025-12-22 00:12:00	2026-01-02 23:59:59	task,growth,game,stage,rank,recharge,reward		9
78061	ID-Magical Christmas Carnival🎅🏻 Host	2025-12-24 00:00:00	2025-12-31 23:59:59	lottery,game,collection,group,rank,reward		9
78062	ID-Magical Christmas Carnival🎅🏻 Family	2025-12-24 00:00:00	2025-12-31 21:00:00	lottery,growth,game,group,rank,reward		9
78072	Festa de Live_Fim do Ano 2025	2025-12-23 00:00:00	2026-01-04 23:59:59	lottery,game,collection,group,rank,reward		9
78145	TH☃️New Year Topup 2569 27-31 Dec 25☃️	2025-12-27 00:00:00	2026-01-01 00:00:00	task,lottery,growth,collection,rank,recharge,reward		9
78246	Newbie GALA Gifting Challenge!	2026-01-15 17:00:00	2026-01-31 23:59:59	task,lottery,growth,stage,rank,recharge,reward		9
78247	ANZ-HK/TW Gifting Event!	2026-01-08 17:30:00	2026-01-14 23:59:59	task,lottery,growth,game,group,rank,recharge,reward		9
78304	특권 3단계 룰렛	2026-01-01 00:00:00	2026-02-01 00:00:00	task,lottery,growth,game,collection,rank,recharge,reward		9
78437	BBR Family Builder - January Series	2026-01-07 00:00:00	2026-02-05 00:00:00	lottery,game,collection,stage,group,rank,reward	https://static-fed.bigolive.tv/live/pages/bigolive/family-detail/index.html#/family/list?firstpage=true	9
78461	ID - GO! PK Right Now!	2026-01-03 00:00:00	2026-01-30 23:59:59	growth,game,stage,rank,reward	https://activity.bigo.tv/live/act/act_15180/index.html?compe_id=1746183742114979|https://activity.bigo.tv/live/act/act_15180/index.html?compe_id=1769401139698024	9
78484	🎉 New Year Mega Prize Pool!	2025-12-30 00:00:00	2026-01-08 23:59:59	task,lottery,growth,game,collection,rank,reward		9
78516	KH First Recharge Free (Jan 2026)	2026-01-01 00:00:00	2026-01-31 23:59:59	task,growth,game,rank,recharge,reward	https://activity.bigo.tv/live/act/banner-aggregation2/index.html?id=1592893413	9
78531	MM Auto First Recharge Jan 2026	2026-01-01 00:00:00	2026-01-31 23:59:59	task,growth,game,rank,recharge,reward	https://activity.bigo.tv/live/act/banner-aggregation2/index.html?id=1594096074	9
78547	ID-New Year Fireworks Festival 🎆 Host	2026-01-03 00:00:00	2026-01-09 23:59:59	lottery,growth,game,stage,rank,reward		9
78549	ID - ID-New Year Fireworks Host	2026-01-14 00:00:00	2026-01-21 00:00:00	lottery,growth,game,stage,rank,reward		9
78553	ID-New Year Fireworks Family	2026-01-14 00:00:00	2026-01-21 00:00:00	lottery,growth,game,group,rank,reward		9
78554	ID - Super Live Challenge ✨ Diamond	2026-01-01 00:00:00	2026-01-05 23:59:59	task,growth,game,rank,reward	https://static-fed.bigolive.tv/live/pages/bigolive/act-JP-2024/index.html?lang=ja	9
78555	ID - Super Live Challenge ✨ Platinum	2026-01-01 00:00:00	2026-01-05 23:59:59	task,growth,game,rank,reward	https://static-fed.bigolive.tv/live/pages/bigolive/act-JP-2024/index.html?lang=ja	9
78556	ID - Super Live Challenge ✨ Gold	2026-01-01 00:00:00	2026-01-05 23:59:59	task,growth,game,rank,reward	https://static-fed.bigolive.tv/live/pages/bigolive/act-JP-2024/index.html?lang=ja	9
78557	ID - Super Live Challenge ✨ Silver	2026-01-01 00:00:00	2026-01-05 23:59:59	task,growth,game,rank,reward	https://static-fed.bigolive.tv/live/pages/bigolive/act-JP-2024/index.html?lang=ja	9
78616	✨Jan UK- Fresh Boost	2026-01-01 00:00:00	2026-01-07 23:59:59	task,lottery,growth,game,collection,rank,reward		9
78673	New Year Bonus Storm	2026-01-01 00:00:00	2026-01-06 00:00:00	task,lottery,growth,game,collection,rank,reward		9
78795	2026 Family Prestige	2026-01-01 00:00:00	2027-01-01 00:00:00	task,growth,game,stage,group,rank,reward	https://activity.bigo.tv/live/act/act_14587/?area=MY	9
78841	F-VÒNG QUAY VI DIỆU	2026-01-01 00:00:00	2026-01-31 23:59:59	lottery,game,collection,group,rank,recharge,reward	https://activity.bigo.tv/live/act/banner-aggregation2/index.html?id=1592835216	9
78882	DACH SVIP: Hallo 2026!	2026-01-20 00:00:00	2026-01-31 23:59:59	task,lottery,growth,rank,recharge,reward	https://static-fed.bigolive.tv/live/pages/bigolive/svip/index.html	9
78926	Mid-Tier Booster Auto Rebate -  Weekdays Jan	2026-01-01 00:00:00	2026-02-01 23:59:59	task,growth,group,rank,reward	https://static-fed.bigolive.tv/live/pages/bigolive/act-39011/index.html?src=001	9
78927	Mid-Tier Booster Auto Rebate - Weekends Jan	2026-01-01 00:00:00	2026-02-01 23:59:59	task,growth,rank,reward	https://static-fed.bigolive.tv/live/pages/bigolive/act-39011/index.html?src=001|https://static-fed.bigolive.tv/live/pages/bigolive/act-49334/index.html#/apply49334/1732	9
79064	💫عودة الأساطير	2026-01-01 20:30:00	2026-01-15 23:59:59	task,lottery,shop,growth,game,rank,recharge,reward		9
77238	🎑 2-Month-New hosts level up🎑	2025-12-01 00:00:00	2026-01-01 00:00:00	task,lottery,growth,rank,reward	https://static-fed.bigolive.tv/live/pages/bigolive/act-49334/index.html#/apply49334/1965	8
77395	55% Auto Rebate - Dec 2025	2025-12-05 00:00:00	2026-01-01 23:59:59	task,growth,game,collection,group,rank,reward		8
77396	Weekend Auto Rebate - Dec	2025-12-03 00:00:00	2026-01-01 00:00:00	task,growth,game,group,rank,reward		8
77426	GALA 패밀리 응원단	2025-12-06 00:00:00	2025-12-14 00:00:00	lottery,game,collection,group,rank,recharge,reward		8
77478	Family GALA 2025- Family KH Rank	2025-12-06 00:00:00	2025-12-14 23:59:59	game,group,rank,reward	https://static-fed.bigolive.tv/live/pages/bigolive/annual-festival-family-2025/index.html	8
77527	KH Family GALA HQ Rank	2025-12-06 00:00:00	2025-12-14 23:59:59	stage,group,rank,reward	https://static-fed.bigolive.tv/live/pages/bigolive/annual-festival-family-2025/index.html	8
77568	F-GIA TỘC TUYỆT ĐỈNH TRANH TÀI-TỘC CHIẾN GALA 2025	2025-12-06 00:00:00	2025-12-15 00:00:00	group,rank	https://activity.bigo.tv/live/act/banner-aggregation2/index.html?id=1592835216|https://static-fed.bigolive.tv/live/pages/bigolive/annual-festival-family-2025/index.html?lang=vi	8
77626	Welcome to BIGOPAY - Dec	2025-12-09 00:00:00	2025-12-28 23:59:59	task,lottery,collection,stage,group,rank,recharge,reward		8
77627	La Fiesta de Navidad	2025-12-06 01:59:59	2026-12-04 23:59:59	lottery,game,rank,recharge,reward	https://static-fed.bigolive.tv/live/pages/bigolive/common-gift-pack/index.html?from=3	8
77685	الحصول على هدايا كبار الشخصيات المميزة	2025-12-15 00:00:00	2025-12-31 23:59:59	lottery,game,collection,group,rank,reward		8
77695	🌠Milagros en Diciembre	2025-12-11 00:00:00	2025-12-31 23:59:59	task,growth,stage,rank,recharge,reward		8
77739	2025 SPARKLE & REWIND PARTY WEEK	2025-12-15 00:00:00	2025-12-22 23:59:59	task,lottery,growth,collection,rank,reward		8
77761	F-SUPER BONUS GIỜ VÀNG THỬ THÁCH	2025-12-10 15:00:00	2025-12-12 15:00:00	group,rank	https://static-fed.bigolive.tv/live/pages/bigolive/annual-festival-family-2025/index.html?lang=vi|https://static-fed.bigolive.tv/live/pages/bigolive/annual-individual-2025-dDarQ6/index.html	8
77763	Fiesta de Fin de Año: Para Hosts y Agentes, 25-26	2025-12-23 00:00:00	2026-01-04 23:59:59	lottery,game,collection,stage,group,rank,reward		8
77834	✨ 𝐁𝐈𝐆𝐎 𝐏𝐇 𝐔𝐬𝐞𝐫𝐬 𝐑𝐞𝐜𝐡𝐚𝐫𝐠𝐞 𝐄𝐯𝐞𝐧𝐭𝐬 ✨	2026-08-05 23:30:00	2026-08-31 23:59:59	lottery,stage,recharge,reward	https://static-nova.bigolive.tv/app/10459/index?nDevice=mobile|https://static-nova.bigolive.tv/app/10529/index?nDevice=mobile	8
77882	TH Family Mission: 16-31 Dec	2025-12-16 00:00:00	2026-01-01 00:00:00	task,lottery,growth,group,rank,recharge,reward		8
77914	KH Christmas Bash-User	2025-12-15 00:00:00	2025-12-25 23:59:59	task,lottery,growth,rank,recharge,reward		8
77987	🎆 𝐍𝐞𝐰 𝐘𝐞𝐚𝐫 𝐒𝐩𝐚𝐫𝐤: 𝐑𝐞𝐜𝐡𝐚𝐫𝐠𝐞 𝐖𝐡𝐞𝐞𝐥 🎇	2026-01-02 00:00:00	2026-01-31 23:59:59	task,lottery,growth,stage,recharge,reward		8
78036	Добро пожаловать в BIGO LIVE!	2025-12-17 00:00:00	2026-12-01 00:00:00	task,lottery,growth,collection,rank,reward	https://static-fed.bigolive.tv/live/pages/bigolive/act-39011/index.html	8
78056	2026 Countdown	2025-12-22 00:00:00	2025-12-31 23:59:59	task,lottery,collection,rank,recharge,reward		8
78063	ID-Magical Christmas Carnival🎅🏻 User	2025-12-24 00:00:00	2026-01-01 00:00:00	lottery,growth,rank,recharge,reward		8
78130	Merry Go! Go! Go! LIVE	2025-12-18 16:00:00	2026-01-02 23:59:59	task,growth,game,rank,reward	https://static-fed.bigolive.tv/live/pages/bigolive/act-49334/index.html#/apply49334/1949	8
78133	Villancicos de los Dulces Sueños	2025-12-19 00:00:00	2025-12-28 23:59:59	task,growth,stage,rank,recharge,reward		8
78208	Internationale Karneval	2025-12-20 00:00:00	2025-12-31 23:59:59	task,growth,collection,rank,reward	https://static-fed.bigolive.tv/live/pages/bigolive/act-40236/index.html	8
78221	Holiday Gift Season:AFxUSCA---Dec USCA Event	2025-12-19 17:49:31	2026-01-03 23:59:59	task,lottery,growth,collection,rank,recharge,reward		8
78222	Holiday Gift Season:LATAMxUSCA---Dec USCA Event	2025-12-19 18:52:22	2026-01-03 23:59:59	task,lottery,growth,collection,rank,recharge,reward		8
78223	Holiday Gift Season:VNxUSCA---Dec USCA Event	2025-12-19 19:14:21	2026-01-03 23:59:59	task,lottery,growth,collection,rank,recharge,reward		8
78224	Holiday Gift Season:PHxUSCA---Dec USCA Event	2025-12-19 19:14:21	2026-01-03 23:59:59	task,lottery,growth,collection,rank,recharge,reward		8
78236	Holiday Gift Season: SouthEastAsiaxUSCA---Dec USCA Event	2025-12-21 16:32:03	2026-01-03 23:59:59	task,lottery,growth,collection,rank,recharge,reward		8
78256	Christmas PK Lucky Draw	2025-12-24 00:00:00	2025-12-25 23:59:59	lottery,growth,game,collection,rank,reward		8
78258	U-Nạp siêu ưu đãi kỳ 1- 01-04/01	2026-01-01 00:00:00	2026-01-04 23:59:59	task,growth,game,collection,rank,recharge,reward		8
78280	Xmas Lucky Draw	2025-12-24 00:00:00	2025-12-28 23:59:59	task,lottery,game,collection,group,rank,reward		8
78332	Приглашай друзей и получай награды!	2026-01-01 00:00:00	2026-01-15 23:59:59	lottery,rank,reward	https://static-fed.bigolive.tv/live/pages/bigolive/act-39011/index.html|https://static-fed.bigolive.tv/live/pages/bigolive/act-39011/index.html?page=check|https://static-fed.bigolive.tv/live/pages/bigolive/act-39011/index.html?page=friend	8
78366	International Gifting Carnival - January	2026-01-01 00:00:00	2026-01-31 23:59:59	task,lottery,growth,game,collection,rank,reward		8
78373	SVIP Rank Defense Battle & Level Up - January	2026-01-01 00:00:00	2026-02-01 23:59:59	lottery,growth,game,collection,stage,rank,recharge,reward		8
78435	Dec Final fighting for family	2025-12-26 00:00:00	2025-12-31 23:59:59	lottery,shop,game,stage,group,rank,recharge,reward		8
78447	ID-The Elimination Zone (2-29 Jan)	2026-01-02 00:00:00	2026-01-29 21:00:00	lottery,growth,game,stage,group,rank,recharge,reward		8
78454	TH-Star Family of the Year 2025 Round 1  1-4 Jan	2026-01-01 00:00:00	2026-01-05 00:00:00	task,growth,stage,group,rank,recharge,reward		8
78456	TH-Star Family of the Year 2025 Round 2: 5-8 Jan	2026-01-05 00:00:00	2026-01-09 00:00:00	task,growth,stage,group,rank,recharge,reward		8
78478	Berjuang sendiri (January 2026)	2026-01-01 12:00:00	2026-01-31 23:59:59	task,lottery,growth,game,rank,reward		8
78507	KH-Friday–Sat-Sun Earn Free (JAN R1)	2026-01-02 00:00:00	2026-01-04 23:59:59	task,growth,game,rank,reward	https://activity.bigo.tv/live/act/banner-aggregation2/index.html?id=1618395494	8
78508	KH-Friday–Sat-Sun Earn Free (JAN R2)	2026-01-09 00:00:00	2026-01-11 23:59:59	task,growth,game,rank,reward	https://activity.bigo.tv/live/act/banner-aggregation2/index.html?id=1618395494	8
78509	KH-Friday–Sat-Sun Earn Free (JAN R3)	2026-01-16 00:00:00	2026-01-18 23:59:59	task,growth,game,rank,reward	https://activity.bigo.tv/live/act/banner-aggregation2/index.html?id=1618395494	8
78510	KH-Friday–Sat-Sun Earn Free (JAN R4)	2026-01-23 00:00:00	2026-01-25 23:59:59	task,growth,game,rank,reward	https://activity.bigo.tv/live/act/banner-aggregation2/index.html?id=1618395494	8
78511	KH-Friday–Sat-Sun Earn Free (JAN R5)	2026-01-30 00:00:00	2026-02-01 23:59:59	task,growth,game,rank,reward	https://activity.bigo.tv/live/act/banner-aggregation2/index.html?id=1618395494	8
78517	[TH VJ] BIGO NEW VJ MISSION JAN 2026	2026-01-05 00:00:00	2026-01-31 00:00:00	task,growth,game,rank,reward	https://static-fed.bigolive.tv/live/pages/bigolive/page_33300/index.html?app=bigo	8
78526	ANZ-HK/TW Gifting Event!	2026-01-22 17:30:00	2026-01-28 23:59:59	task,lottery,growth,group,rank,recharge,reward		8
78539	KH Host-Reborn IDOL (Jan)	2026-01-04 00:00:00	2026-01-31 23:59:59	task,growth,game,rank,reward	https://activity.bigo.tv/live/act/banner-aggregation2/index.html?id=1618395494	8
78576	M-GÓI QUÀ THĂNG CẤP-01-31/01/26	2026-01-01 00:00:00	2026-02-01 00:00:00	task,growth,game,collection,rank,recharge,reward		8
78692	New Year Lucky Spins	2026-01-01 00:00:00	2026-01-31 23:59:59	task,lottery,growth,game,rank,recharge,reward		8
78698	SVIP Honor Board	2026-01-01 00:00:00	2026-01-31 23:59:59	task,shop,growth,stage,group,rank,recharge,reward		8
78713	Bali Gala Battle	2026-01-05 00:00:00	2026-01-11 23:59:59	lottery,shop,game,stage,rank,recharge,reward		8
78723	New Year. New Stars.	2026-01-01 00:00:00	2026-01-31 23:59:59	task,growth,game,group,rank,reward		8
78856	NL&NE Power Recharge	2026-01-17 00:00:00	2026-01-23 23:59:59	task,shop,growth,game,rank,recharge,reward		8
78922	F-BXH USER-CHIẾN THẦN NGOẠI GIAO KỲ 1 THÁNG 1	2026-01-03 00:00:00	2026-01-18 00:00:00	lottery,game,collection,rank,reward	https://activity.bigo.tv/live/act/banner-aggregation2/index.html?id=1604375698	8
78951	Trono de Año Nuevo	2026-01-01 00:00:00	2026-01-08 00:00:00	lottery,game,stage,rank,recharge,reward	https://static-fed.bigolive.tv/live/pages/bigolive/svip/index.html	8
78965	1月｜💎New Year Rise Again: New Battles	2026-01-01 00:00:00	2026-01-31 23:59:59	lottery,game,collection,stage,rank,recharge,reward		8
78983	F-CHIẾN THẦN NGOẠI GIAO - BXH USER KI34	2026-01-18 00:00:00	2026-02-01 00:00:00	lottery,game,collection,rank,reward	https://activity.bigo.tv/live/act/banner-aggregation2/index.html?id=1604375698	8
79041	Weekday Auto Rebate Jan	2026-01-06 00:00:00	2026-02-01 00:00:00	task,growth,game,group,rank,reward		8
79045	55% Auto Rebate - Jan 2026	2026-01-03 00:00:00	2026-02-01 23:59:59	task,growth,game,collection,group,rank,reward		8
77314	DINO HoHoHo	2025-12-01 00:09:00	2025-12-31 23:59:59	lottery,game,collection,stage,rank,recharge,reward		7
77339	Impulso Gala_LATAM	2025-12-01 00:00:00	2025-12-31 23:59:59	lottery,game,collection,rank,reward		7
77359	💎 Rise Again: Recharge & Gift Battles Await	2025-12-01 23:59:59	2025-12-31 23:59:59	lottery,game,collection,stage,rank,recharge,reward		7
77371	UPBEAT FAMILY RANKING - DEC 2025	2025-12-01 18:27:11	2026-01-04 23:59:59	game,group,rank,recharge,reward	https://static-fed.bigolive.tv/live/pages/bigolive/family-detail/index.html	7
77392	Early Afternoon Auto Rebate Rush Dec	2025-12-02 15:28:01	2026-01-01 23:59:59	task,growth,collection,group,rank,reward		7
77393	Late Afternoon Auto Rebate Rush - Dec	2025-12-02 00:00:00	2026-01-01 23:59:59	task,growth,collection,group,rank,reward		7
77394	Midweek Afternoon Bonus Auto Reward -Dec	2025-12-02 00:00:00	2026-01-01 23:59:59	task,growth,collection,group,rank,reward		7
77397	Weekday Auto Rebate Dec	2025-12-02 00:00:00	2026-01-01 00:00:00	task,growth,group,rank,reward		7
77445	Nice to Meet You on BIGO! 2026 Jan	2026-01-01 00:00:00	2026-01-31 23:59:59	task,lottery,growth,collection,recharge,reward		7
77460	Family Gala Bonus Challenge	2025-12-03 00:00:00	2025-12-14 00:00:00	shop,growth,game,group,rank,reward		7
77482	Incentivos Exclusivos para Nuevos Emisores Diciembre	2025-12-03 02:00:00	2026-01-02 23:59:59	game	https://static-fed.bigolive.tv/live/pages/bigolive/bigo-Institute/index.html|https://static-fed.bigolive.tv/live/pages/bigolive/bigo-Institute/index.html#/detail?id=282|https://static-fed.bigolive.tv/live/pages/bigolive/bigo-Institute/index.html#/detail?id=329|https://static-fed.bigolive.tv/live/pages/bigolive/bigo-Institute/index.html#/detail?id=89|https://static-fed.bigolive.tv/live/pages/bigolive/live-data/index.html	7
77510	B2D event Diciembre	2025-12-09 00:00:00	2025-12-12 23:59:59	lottery,shop,game,stage,group,rank,reward		7
77548	耶誕極光塔	2025-12-07 00:00:00	2025-12-31 23:59:59	lottery,game,collection,group,rank,recharge,reward		7
77555	Hosts on the Throne Family GALA	2025-12-06 00:00:00	2025-12-14 23:59:59	lottery,collection,stage,group,rank,reward		7
77569	La Ruota della Fortuna - Un Click al Gala	2025-12-04 20:42:05	2025-12-12 23:59:59	task,lottery,game,collection,rank,reward		7
77593	Tu Voto, Tu Dino	2025-12-08 00:00:00	2025-12-14 23:59:59	task,collection,stage,rank,recharge	https://static-fed.bigolive.tv/live/pages/bigolive/svip/index.html	7
77679	NEW STAR December	2025-12-11 00:00:01	2025-12-31 23:59:59	lottery,shop,game,group,rank,recharge,reward		7
77680	DAILY STAR1-DEC	2025-12-20 00:00:01	2025-12-31 23:59:59	task,lottery,game,rank,recharge,reward		7
77696	BBR-1215-1228- Rising Creators Leaderboard 4	2025-12-15 00:00:00	2025-12-28 23:59:59	lottery,growth,collection,rank,reward		7
77713	Go！Go! Beat the Past	2025-12-10 00:00:00	2026-01-03 00:00:00	lottery,game,collection,rank,recharge,reward		7
77765	1월 새로 오신 회장님들을 위한 깜짝 이벤트!	2026-01-01 00:00:00	2026-01-31 23:59:59	task,lottery,growth,rank,recharge,reward		7
77783	Santa Rush🎄	2025-12-11 00:00:00	2025-12-12 13:59:59	task,game,stage,rank,reward	https://static-fed.bigolive.tv/live/pages/bigolive/anchor-recurit/sign.html	7
77838	🎁 𝐁𝐈𝐆𝐎 𝐏𝐇 𝐔𝐬𝐞𝐫𝐬 𝐆𝐢𝐟𝐭𝐢𝐧𝐠 𝐄𝐯𝐞𝐧𝐭𝐬 🎁	2026-08-06 13:45:00	2026-08-31 23:59:59	lottery,stage,reward	https://static-nova.bigolive.tv/app/10460/index?nDevice=mobile|https://static-nova.bigolive.tv/app/10536/index?nDevice=mobile	7
77873	Xmas Recharge	2025-12-12 00:00:00	2025-12-16 23:59:59	task,lottery,collection,rank,recharge,reward		7
77921	F-VÒNG QUAY GIA TỘC ĐƯỢC YÊU THÍCH NHẤT 2025	2025-12-15 00:00:00	2025-12-19 00:00:00	lottery,game,collection,rank,recharge	https://activity.bigo.tv/live/act/banner-aggregation2/index.html?id=1592835216	7
77939	Holiday Rush! (1215-1223)	2025-12-14 22:57:00	2025-12-24 23:59:59	task,game,collection,rank,reward	https://static-fed.bigolive.tv/live/pages/bigolive/act-49334/index.html#/apply49334/1936	7
77944	DACH SVIP CLUB	2025-12-15 00:00:00	2026-10-31 23:59:59	growth,game,group	https://activity.bigo.tv/live/act/ac|https://static-fed.bigolive.tv/live/pages/bigolive/svip/index.html	7
77981	🎁 𝟗 𝐃𝐚𝐲𝐬 𝐨𝐟 𝐅𝐞𝐬𝐭𝐢𝐯𝐞 𝐆𝐢𝐯𝐢𝐧𝐠: 𝐆𝐢𝐟𝐭𝐢𝐧𝐠 𝐄𝐯𝐞𝐧𝐭 💎	2025-12-24 00:00:00	2026-01-01 23:59:59	task,growth,stage,rank,reward		7
77988	🧨𝐍𝐞𝐰 𝐘𝐞𝐚𝐫 𝐁𝐥𝐞𝐬𝐬𝐢𝐧𝐠𝐬: 𝐆𝐢𝐟𝐭𝐢𝐧𝐠 𝐖𝐡𝐞𝐞𝐥 🎁	2026-01-02 00:00:00	2026-01-31 23:59:59	task,lottery,growth,stage,reward		7
78011	BBR - 1222-1228 30% Auto Rebate – Earn a Chance to Upgrade	2025-12-22 00:00:00	2025-12-31 23:59:59	task,lottery,growth,collection,rank,reward		7
78127	Santa Rush🎄	2025-12-20 00:00:00	2025-12-20 23:59:59	task,game,stage,rank,reward	https://static-fed.bigolive.tv/live/pages/bigolive/anchor-recurit/sign.html	7
78151	Christmas & New year Event Test	2025-12-18 15:00:00	2025-12-20 00:00:00	lottery,game,group,rank,reward		7
78157	DACH Weihnachten&Neujahr	2025-12-24 00:00:00	2026-01-04 00:00:00	lottery,collection,rank,recharge,reward	https://static-fed.bigolive.tv/live/pages/bigolive/svip/index.html	7
78248	ANZ-HK/TW Gifting Rush!	2026-01-22 17:30:00	2026-01-28 23:59:59	task,lottery,growth,group,rank,recharge,reward		7
78259	U-NẠP MỖI NGÀY! THƯỞNG THẢ GA! kỳ 2- 8-11/01	2026-01-08 00:00:00	2026-01-11 23:59:59	task,growth,game,collection,rank,recharge		7
78260	U-NẠP MỖI NGÀY! THƯỞNG THẢ GA! kỳ 3- 15-18/01	2026-01-15 00:00:00	2026-01-18 23:59:59	task,growth,game,collection,rank,recharge		7
78261	U-NẠP MỖI NGÀY! THƯỞNG THẢ GA! kỳ 4- 22-25/01	2026-01-22 00:00:00	2026-01-25 23:59:59	task,growth,game,collection,rank,recharge		7
78262	U-NẠP MỖI NGÀY! THƯỞNG THẢ GA! kỳ 5- 28-31/01	2026-01-28 00:00:00	2026-01-31 23:59:59	task,growth,game,collection,rank,recharge		7
78271	메리 패밀리 크리스마스 기프트	2025-12-23 00:00:00	2025-12-31 00:00:00	game,collection,group,rank,recharge,reward		7
78306	New Year Blast-Off	2025-12-29 00:00:00	2026-01-04 23:59:59	task,growth,game,rank,reward		7
78307	【DINO Freshies】	2026-01-01 00:00:00	2026-01-31 23:59:59	task,lottery,collection,stage,rank,recharge,reward		7
78338	패밀리 러쉬	2026-01-01 00:00:00	2026-02-01 00:00:00	lottery,game,collection,group,rank,recharge,reward		7
78343	KickAce Rising 2026	2026-01-01 00:00:00	2026-01-31 23:59:59	task,lottery,shop,collection,rank,reward		7
78362	Recharge Mania - January	2026-01-01 00:00:00	2026-01-31 23:59:59	task,lottery,growth,rank,recharge,reward		7
78394	🎆 𝐅𝐢𝐫𝐞𝐰𝐨𝐫𝐤 𝐅𝐨𝐫𝐭𝐮𝐧𝐞: 𝐑𝐞𝐜𝐡𝐚𝐫𝐠𝐞 𝐄𝐯𝐞𝐧𝐭 🎇	2026-01-02 00:00:00	2026-01-08 23:59:59	task,growth,stage,rank,recharge,reward		7
78397	🧧 𝐍𝐞𝐰 𝐘𝐞𝐚𝐫 𝐑𝐚𝐝𝐢𝐚𝐧𝐜𝐞: 𝐆𝐢𝐟𝐭𝐢𝐧𝐠 𝐄𝐯𝐞𝐧𝐭 🎇	2026-01-02 00:00:00	2026-01-08 23:59:59	task,growth,stage,rank,reward		7
78406	迎春ルーレット&福の神決定戦	2025-12-27 00:00:00	2026-01-04 23:59:59	task,lottery,growth,rank,recharge,reward		7
78412	루키 회장님의 신년 축제!	2026-01-01 00:00:00	2026-01-31 23:59:59	task,lottery,growth,rank,recharge,reward		7
78440	BBR Family Builder: Jan Family Leaderboard	2026-01-09 00:00:00	2026-02-08 00:00:00	task,growth,game,group,rank,reward		7
78457	🏆 Годовой Семейный Кубок: 1-9 Января 2026	2026-01-01 12:00:00	2026-01-09 20:00:00	lottery,game,collection,stage,group,rank,recharge		7
78480	New Star (January 2026)	2026-01-01 12:00:00	2026-01-31 23:59:59	task,lottery,growth,game,rank,reward		7
78512	KH Auto Get Dia (Jan 2026)	2026-01-01 00:00:00	2026-01-31 23:59:59	task,growth,rank,reward	https://activity.bigo.tv/live/act/banner-aggregation2/index.html?id=1592893413	7
78528	Prêmio de Recarga 💲 e 💎 Enviados - Dezembro! 🎊	2025-12-26 16:53:16	2026-01-01 18:11:46	growth,game,collection,rank,reward	https://static-fed.bigolive.tv/live/pages/bigolive/svip/index.html	7
78543	TH🔥Daily Beans Topup 1-10 Jan 26🔥	2026-01-01 00:00:00	2026-01-11 00:00:00	task,growth,rank,recharge,reward		7
78559	ID - Super Live Challenge ✨ Bronze	2026-01-01 00:00:00	2026-01-05 23:59:59	task,growth,rank,reward	https://static-fed.bigolive.tv/live/pages/bigolive/act-JP-2024/index.html?lang=ja	7
78575	U-Xem live rinh ngay quà khủng-01-31/01/26	2026-01-01 00:00:00	2026-01-31 23:59:59	task,lottery,growth,rank,recharge,reward		7
78585	TH-💝Topup and grow 1-31 Jan 25💝	2026-01-01 00:00:00	2026-02-01 00:00:00	task,lottery,growth,rank,recharge,reward		7
78596	TH-🕺Go to Goal!! 1-31 Jan 25🕺	2026-01-01 00:00:00	2026-02-01 00:00:00	task,growth,game,rank,recharge,reward		7
78640	MM Auto Spin It-UnderG Old Host (Jan 2026)	2026-01-01 00:00:00	2026-01-31 23:59:59	task,lottery,growth,game,reward	https://activity.bigo.tv/live/act/banner-aggregation2/index.html?id=1594357030	7
78641	MM Auto Spin it-New Host(Jan 2026)	2026-01-01 00:00:00	2026-01-31 23:59:59	task,lottery,growth,game,reward	https://activity.bigo.tv/live/act/banner-aggregation2/index.html?id=1594357030	7
78655	Livehouse de Enero-Livehouse de Janeiro-Latam	2025-12-29 23:00:00	2026-02-01 11:00:00	stage	https://static-fed.bigolive.tv/live/pages/bigolive/act-49334/index.html#/apply49334/1963|https://static-fed.bigolive.tv/live/pages/bigolive/act-49334/index.html#/apply49334/1973|https://static-fed.bigolive.tv/live/pages/bigolive/act-49334/index.html#/apply49334/1977|https://static-fed.bigolive.tv/live/pages/bigolive/act-49334/index.html#/apply49334/1978|https://static-fed.bigolive.tv/live/pages/bigolive/act-49334/index.html#/apply49334/1982|https://static-fed.bigolive.tv/live/pages/bigolive/act-49334/index.html#/apply49334/1984	7
78670	TH-🎆Welcome 2026 Gift Carnival 5-11 Jan 26🎆	2026-01-05 00:00:00	2026-01-12 00:00:00	task,lottery,growth,rank,reward		7
78681	Horse Prosperity	2026-01-01 00:00:00	2026-01-31 23:59:59	task,growth,stage,rank,recharge,reward		7
78682	MM New Year Streak Challenge-Host (1st-7th/Jan26)	2026-01-01 00:00:00	2026-01-07 23:59:59	task,growth,game,rank,reward		7
78685	MM New Year Streak Challenge-User (1st-7th/Jan26)	2026-01-01 00:00:00	2026-01-07 23:59:59	task,growth,game,rank,recharge		7
78716	First Recharge Bonus Jan R1	2026-01-06 00:00:00	2026-01-12 23:59:59	task,lottery,growth,rank,recharge,reward		7
78729	BIGO BEAN RUSH - January Beginner Bonus	2026-01-01 00:00:00	2026-01-31 23:59:59	task,lottery,growth,collection,rank,reward		7
78735	Premium Morning Harvest Auto Rebate - Jan	2026-01-01 00:00:00	2026-02-01 00:00:00	task,growth,rank,reward	https://static-fed.bigolive.tv/live/pages/bigolive/act-49334/index.html#/apply49334/1957	7
78765	Welcome Aboard, New BIGOer! -Jan	2026-01-05 00:00:00	2026-02-04 23:59:59	task,lottery,growth,rank,recharge,reward		7
78924	AGS: IGNITE 2026 (January)	2026-01-01 12:00:00	2026-01-31 23:59:59	shop,growth,game,stage,group,rank,reward		7
78975	Live=Beans_1 202601	2026-01-01 00:00:00	2026-02-02 23:59:59	task,growth,rank,reward	https://static-fed.bigolive.tv/live/pages/bigolive/bigo-Institute/index.html	7
78979	Dach Dec new streamer daily pk task	2026-01-09 00:00:00	2026-01-30 23:59:59	task,growth,game,collection,rank,reward		7
79004	Dach new talent show Jan	2026-01-12 00:00:00	2026-01-30 23:59:59	lottery,growth,game,collection,rank,reward		7
79046	Early Afternoon Auto Rebate Rush Jan	2026-01-02 15:28:01	2026-02-01 23:59:59	task,growth,collection,group,rank,reward		7
79052	Family PK League- January	2026-01-01 14:43:14	2026-01-31 23:59:59	task,game,group,rank,reward	https://activity.bigo.tv/live/act/act_15180/index.html?compe_id=1767941877595164	7
79062	Go！Go！Beat the past！	2026-01-02 00:00:00	2026-02-01 00:00:00	lottery,game,collection,rank,recharge,reward		7
77239	Rise to Fame	2025-12-01 00:00:00	2026-01-01 00:00:00	task,lottery,growth,rank,reward		6
77323	Beans Splash December	2025-12-01 00:00:00	2025-12-05 23:59:59	task,growth,rank,recharge,reward		6
77324	Beans Carnival	2025-12-01 00:00:00	2025-12-31 23:59:59	task,growth,rank,recharge,reward		6
77342	PK-KIỆN TƯỚNG PK 2026	2025-12-01 12:00:00	2026-11-30 23:59:59	game,rank	https://static-fed.bigolive.tv/live/pages/bigolive/act-49334/index.html#/apply49334/1839|https://static-fed.bigolive.tv/live/pages/bigolive/act-49334/index.html#/apply49334/1974	6
77358	ANZ Weekend Auto Rebate -DEC 2025/ Jan 2026	2025-12-02 00:00:00	2026-01-05 23:59:59	task,growth,stage,rank,reward		6
77361	PINOY FAMILY GALA 2025: Legend Host (1206-1214)	2025-12-01 16:05:00	2025-12-15 23:59:59	task,game,group,rank,reward		6
77372	PINOY FAMILY GALA 2025: Daily Overseas Star	2025-12-01 18:40:00	2025-12-16 23:59:59	task,game,group,rank,reward		6
77413	ANZ Auto Rebate below A level - Dec 2025/ Jan 2026	2025-12-03 15:22:01	2026-01-06 23:59:59	task,growth,stage,rank,reward		6
77430	聖誕大冒險	2025-12-07 00:00:00	2026-01-02 23:59:59	lottery,game,collection,rank,recharge,reward		6
77446	萌龍星球見面禮	2025-12-16 18:00:00	2025-12-31 23:59:59	lottery,game,collection,rank,recharge,reward		6
77449	Non Svip spinner event	2025-12-02 21:00:00	2025-12-31 23:59:59	lottery,shop,game,collection,recharge,reward		6
77494	Carrera de la Hora! ✌️24 de Diciembre	2025-12-24 00:00:00	2025-12-25 00:00:00	game,stage,rank	https://static-fed.bigolive.tv/live/pages/bigolive/anchor-recurit/sign.html	6
77500	Svip Treasure-Lion King	2025-12-04 00:00:00	2025-12-09 23:59:59	lottery,game,rank,reward		6
77529	Family Rally IN	2025-12-05 00:00:00	2025-12-14 16:00:00	lottery,game,stage,group,rank,reward		6
77585	Daily Spark Challenge	2025-12-06 00:00:00	2025-12-14 23:59:59	task,growth,game,rank,reward		6
77612	INCREMENTAL MISSION FOR MATURE AGENCY	2025-12-06 00:00:00	2026-01-01 00:00:00	task,collection,group,rank,reward		6
77628	Agentes en Combate · Duelo Cumbre de GALA Familia ⚔️	2025-12-08 00:00:00	2025-12-14 09:00:00	stage,group,rank	https://static-fed.bigolive.tv/live/pages/bigolive/anchor-recurit/sign.html	6
77677	GALA Hidden Treasure Quest	2025-12-09 00:00:00	2025-12-14 23:59:59	task,game,rank,reward		6
77686	Holiday Topspin	2025-12-13 23:59:59	2026-01-04 00:00:00	lottery,game,collection,stage,rank,reward		6
77687	TESTING	2025-12-08 11:30:00	2025-12-14 00:00:00	shop,growth,game,group,rank,reward		6
77699	🪙 El Regalo Áureo	2025-12-09 00:00:00	2025-12-14 00:00:00	lottery,collection,stage,rank,recharge,reward		6
77724	Holiday Spin Rush	2025-12-15 00:00:00	2025-12-28 23:59:59	lottery,growth,game,group,rank,reward		6
77760	PRE SVIP Event Draft	2025-12-18 00:00:00	2025-12-25 00:00:00	task,growth,collection,recharge,reward		6
77773	Prêmio de Recarga 💲 e 💎 Enviados - Dezembro! 🎊	2025-12-10 16:44:03	2026-01-01 18:11:46	growth,game,rank,reward	https://static-fed.bigolive.tv/live/pages/bigolive/svip/index.html	6
77794	Family Holiday Giveaway	2025-12-24 00:00:00	2026-01-02 23:59:59	lottery,collection,group,rank,reward		6
77797	🏆 How Well Do You Know Family Prestige? 🏆 - 12/19	2025-12-19 00:00:00	2025-12-26 00:00:00	task,growth,group,rank,recharge,reward		6
77844	PRE SVIP Exclusive Event: Level UP!	2025-12-24 00:00:00	2025-12-29 00:00:00	lottery,growth,rank,recharge,reward		6
77877	¡Cada 10 Minutos, un Premio! Dec	2025-12-11 22:00:00	2025-12-22 23:59:59	lottery,game,collection,stage,rank,reward		6
77900	Host Christmas Bash-Dec	2025-12-15 00:00:00	2025-12-25 23:59:59	task,lottery,game,rank,reward		6
77926	FRBE - Goal Guess 202512 ⚽️	2025-12-12 18:25:46	2026-01-01 00:00:00	task,game,stage,group,rank,recharge		6
77936	Malaysia & SG Regional Awards 2025	2025-12-15 00:00:00	2025-12-31 23:59:59	lottery,collection,group,rank,reward		6
77948	⚔️Custom Gift Special Battle⚔️ - Indonesia	2025-12-23 00:00:00	2025-12-29 00:00:00	task,lottery,game,group,rank,reward		6
77979	🎄 𝟗 𝐃𝐚𝐲𝐬 𝐨𝐟 𝐂𝐡𝐫𝐢𝐬𝐭𝐦𝐚𝐬 𝐃𝐢𝐚𝐦𝐨𝐧𝐝𝐬: 𝐑𝐞𝐜𝐡𝐚𝐫𝐠𝐞 𝐄𝐯𝐞𝐧𝐭 💎	2025-12-24 00:00:00	2026-01-01 23:59:59	task,growth,stage,rank,recharge		6
78008	Christmas Live Fest 2025 12.16draft	2025-12-16 04:00:00	2025-12-26 00:00:00	task,game,group,rank,reward		6
78021	TH🎁Lucky Christmas Eve's 20-26 Dec 25🎁	2025-12-20 00:00:00	2025-12-27 00:00:00	task,growth,rank,reward		6
78089	UK Family Domino Run!	2026-01-14 14:00:00	2026-01-28 23:59:59	shop,game,collection,stage,group,reward		6
78092	UK - 🎄 Christmas Wonderland	2025-12-23 00:00:00	2025-12-31 23:59:59	task,growth,rank,reward		6
78098	December Tycoon Recharge	2025-12-18 00:00:00	2025-12-30 23:59:59	task,growth,rank,recharge,reward		6
78106	BBR - 1222-1228 50% Rebate Flash Hours	2025-12-22 00:00:00	2025-12-28 23:59:59	task,growth,stage,rank,reward		6
78123	Sorteo para CLUB SVIP	2025-12-25 22:48:00	2025-12-31 23:59:59	lottery,game,collection,rank		6
78137	Lucky Gachapon 2026	2026-01-01 00:00:00	2026-01-31 23:59:59	lottery,game,group,rank,reward		6
78159	Throne Seekers – UK Elite Family Challenge (20-30 December)	2025-12-20 00:00:00	2025-12-30 23:59:59	game,group,rank,reward	https://activity.bigo.tv/live/act/act_14587/index.html?area=GB	6
78160	Rising Family Adventure (20-30 December)	2025-12-20 00:00:00	2025-12-30 23:59:59	game,group,rank,recharge,reward		6
78190	새해 첫 SVIP 도전!	2025-12-20 00:00:00	2025-12-26 00:00:00	task,growth,group,recharge,reward		6
78212	Christmas Card collected Game	2025-12-22 00:00:00	2026-01-01 00:00:00	task,game,collection,stage,rank		6
78238	January Recharge Bonanza!	2026-01-10 18:30:00	2026-01-14 23:59:59	lottery,group,rank,recharge,reward		6
78241	Happy Recharge Hour	2026-01-17 00:00:00	2026-01-19 23:59:59	lottery,group,rank,recharge,reward		6
78243	Happy Recharge Hour Part II	2026-01-24 00:00:00	2026-01-26 23:59:59	lottery,shop,rank,recharge,reward		6
78244	ANZ January Dino Run	2026-01-27 14:00:00	2026-01-31 23:59:59	shop,game,collection,rank,recharge,reward		6
78267	U-Hoạt động chào mừng trở lại- 01-31/01	2026-01-01 00:00:00	2026-01-31 23:59:59	lottery,game,collection,rank,recharge,reward		6
78275	Event tự hoàn thưởng 38%	2026-01-01 00:00:00	2026-01-31 23:59:59	task,growth,game,rank,reward		6
78276	Event tự hoàn thưởng 28%	2026-01-01 00:00:00	2026-01-31 23:59:59	task,growth,game,rank,reward		6
78278	Event tự hoàn thưởng 4%	2026-01-01 00:00:00	2026-01-31 23:59:59	task,growth,game,rank,reward		6
78283	Throne Seekers – UK Elite Family Challenge (22-31 December)	2025-12-22 18:00:00	2025-12-31 23:59:59	game,group,rank,reward	https://activity.bigo.tv/live/act/act_14587/index.html?area=GB	6
78290	UK Potential Family Clash (12.22-12.31)	2025-12-22 18:00:00	2025-12-31 23:59:59	game,group,rank,reward	https://activity.bigo.tv/live/act/act_14587/index.html?area=GB	6
78315	Sorteo para CLUB SVIP	2025-12-23 02:47:00	2025-12-31 23:59:59	lottery,game,collection,rank,reward		6
78316	2026 NEW YEAR SPIN	2026-01-05 00:00:00	2026-01-31 23:59:59	lottery,stage,rank,recharge,reward		6
78317	PK Task Blitz	2026-01-01 00:00:00	2026-01-31 23:59:59	task,growth,game,rank,reward		6
78321	USERS-Kickstart Your 2026	2026-01-01 00:00:00	2026-02-01 00:00:00	shop,stage,group,rank,recharge,reward		6
78322	1月官P積分榜	2026-01-01 00:00:00	2026-01-31 23:59:59	game,collection,stage,rank	https://activity.bigo.tv/live/act/act_15180/index.html?compe_id=1764661501610722	6
78348	January Daily Ladder Challenge	2026-01-02 00:00:00	2026-01-31 23:59:59	task,growth,game,rank,reward		6
78350	January Daily Ladder Challenge - B Tier	2026-01-02 00:00:00	2026-01-31 23:59:59	task,growth,game,rank,reward		6
78351	January Daily Ladder Challenge - C Tier	2026-01-02 00:00:00	2026-01-31 23:59:59	task,growth,game,rank,reward		6
78352	January Daily Ladder Challenge - D Tier	2026-01-02 00:00:00	2026-01-31 23:59:59	task,growth,game,rank,reward		6
78353	January Daily Ladder Challenge - New Tier	2026-01-02 00:00:00	2026-01-31 23:59:59	task,growth,game,rank,reward		6
78364	SVIP Recharge Battle - January	2026-01-01 00:00:00	2026-01-31 23:59:59	lottery,game,rank,recharge,reward		6
78367	حدث الكاش باك	2025-12-26 00:00:00	2025-12-30 23:59:59	task,growth,rank,recharge,reward		6
78402	Con Đường Vinh Quang Kỳ 1- 03-09/1	2026-01-03 00:00:00	2026-01-09 23:59:59	lottery,game,collection,rank,recharge,reward		6
78403	U-Con Đường Vinh Quang Kỳ 2	2026-01-11 00:00:00	2026-01-17 23:59:59	lottery,game,collection,rank,recharge,reward		6
78404	U-Con Đường Vinh Quang Kỳ 3	2026-01-18 00:00:00	2026-01-23 23:59:59	lottery,game,collection,rank,recharge,reward		6
78405	U-Con Đường Vinh Quang Kỳ 4	2026-01-24 20:00:00	2026-02-01 15:00:00	lottery,game,collection,rank,recharge,reward		6
78434	BIGO BEAN RUSH - 0101-0103 New Year Kickstart	2026-01-01 00:00:00	2026-01-03 23:59:59	task,lottery,collection,rank,reward		6
78439	New Year's Gifting Program---Dec USCA New Year Event 2025	2025-12-25 16:48:48	2026-01-03 23:59:59	task,growth,rank,reward		6
78441	チャージボーナスDays	2026-01-06 00:00:00	2026-01-08 23:59:59	task,growth,rank,recharge,reward		6
78443	1月新人王決定戦🔰	2026-01-01 00:00:00	2026-01-31 23:59:59	task,growth,game,stage,rank,reward		6
78446	ID-Jan Crazy 24	2026-01-02 00:00:00	2026-01-25 00:00:00	lottery,game,group,rank,recharge,reward		6
78448	ID-New family bonus time	2026-01-19 00:00:00	2026-01-29 23:59:59	lottery,collection,group,rank,recharge,reward		6
78459	PRE SVIP Exclusive Event: SOLO LEVELING	2026-01-24 00:00:00	2026-01-29 23:59:59	lottery,growth,collection,rank,recharge,reward		6
78500	ID- Midnight Dance Party💃 User	2026-01-20 00:00:00	2026-01-25 23:59:59	lottery,collection,stage,rank,recharge,reward		6
78527	Prêmio de Recarga 💲 e 💎 Enviados - Dezembro! 🎊	2025-12-26 16:53:16	2026-01-01 18:11:46	growth,collection,rank,reward	https://static-fed.bigolive.tv/live/pages/bigolive/svip/index.html	6
78617	Sorteo para CLUB SVIP-test	2025-12-29 20:51:00	2025-12-31 23:59:59	lottery,game,collection,rank,reward		6
78619	New Year Blast Off Spin!	2026-01-04 00:00:00	2026-01-15 23:59:59	task,lottery,game,rank,reward		6
78659	ANZ New Year Celebration	2026-01-02 12:00:00	2026-01-02 15:59:59	task,growth,rank,reward		6
78672	Star Streak Bonus	2026-01-03 00:00:00	2026-01-08 23:59:59	task,growth,game,rank,reward		6
78679	Weekend Blaze PK	2026-01-05 00:00:00	2026-01-31 23:59:59	task,growth,game,rank,reward		6
78696	Family New Year Rush	2026-01-01 00:00:00	2026-01-10 23:59:59	lottery,stage,group,rank,reward		6
78710	Camino de Estrellas ✨	2025-12-31 00:00:00	2026-01-31 23:59:59	game,stage,rank,reward	https://static-fed.bigolive.tv/live/pages/bigolive/bigo-Institute/index.html#/detail?id=45	6
78711	Rincón Sorpresa	2026-01-01 00:00:00	2026-01-31 23:59:59	lottery,collection,rank,reward	https://static-fed.bigolive.tv/live/pages/bigolive/anchor-recurit/sign.html	6
78718	FRBE - Défi Quotidien de Dino - 202601	2026-01-01 00:00:00	2026-01-31 23:59:59	lottery,game,collection,rank,recharge,reward		6
78726	Recarga Invernal	2026-01-01 00:00:00	2026-01-03 23:59:59	task,growth,stage,rank,recharge		6
78730	BIGO BEAN RUSH - 0104-0107 Fast Bean Mission	2026-01-04 00:00:00	2026-01-07 23:59:59	task,growth,collection,rank,reward		6
78737	Mission de Récolte-202601	2026-01-05 00:00:00	2026-02-01 00:00:00	task,growth,game,rank,reward		6
78746	F-VÒNG QUAY PHỤC HƯNG GIA TỘC	2026-01-01 00:00:00	2026-01-31 23:59:59	lottery,game,collection,rank,recharge,reward		6
78779	나는 루키팸	2026-01-01 00:00:00	2026-02-01 00:00:00	game,collection,group,rank,recharge,reward		6
78783	패밀리 PK대전	2026-01-10 00:00:00	2026-01-18 00:00:00	game,collection,group,rank,recharge,reward		6
78826	KickAce Rising 2026	2026-01-01 00:00:00	2026-01-31 23:59:59	lottery,game,collection,rank,reward		6
78874	Dia Louco-01/2026	2026-01-01 00:00:00	2026-02-01 00:00:00	task,growth,game,rank,reward		6
78876	Feliz Fim de Semana-01/2026	2026-01-03 00:00:00	2026-01-05 00:00:00	task,growth,game,rank,reward		6
78914	日榜数据_KickAce Bintang Bersinar 2026	2026-01-01 00:00:00	2026-01-31 23:59:59	lottery,collection,rank,reward		6
78943	Family Honor Battle	2026-01-03 00:00:00	2026-01-07 00:00:00	lottery,game,group,rank,recharge,reward		6
78944	Diamond Carnival-DEC	2026-01-09 00:00:00	2026-01-13 00:00:00	lottery,group,rank,recharge,reward		6
78952	Real-Time Data Tracking Leaderboard-January 2026	2026-01-01 00:00:00	2026-02-01 00:00:00	task,game,group,rank,recharge,reward		6
78953	萌龍小幸運	2026-01-22 00:00:00	2026-01-26 23:59:59	lottery,game,collection,rank,recharge,reward		6
78960	Año Nuevo, doble beneficio	2026-01-01 00:00:00	2026-01-08 00:00:00	collection,stage,rank,recharge	https://static-fed.bigolive.tv/live/pages/bigolive/svip/index.html	6
78967	January Recahrge Mania	2026-01-01 00:00:00	2026-01-31 23:59:59	task,growth,rank,recharge,reward		6
78968	ES-desafio svip-202501	2026-01-01 00:00:00	2026-01-31 23:59:59	collection,stage,rank,recharge	https://static-fed.bigolive.tv/live/pages/bigolive/svip/index.html	6
79010	🎑 2-Month-New hosts level up🎑	2026-01-01 00:00:00	2026-02-01 00:00:00	task,lottery,growth,rank,reward		6
79031	User-Host-Agent Rank	2026-01-01 00:00:00	2026-07-31 23:59:59	task,game,group,rank,recharge,reward		6
79036	User-Host-Agent Rank	2026-01-01 00:00:00	2026-07-31 23:59:59	task,game,group,rank,recharge,reward		6
77229	حدث مردود الشحن داخل السعودية Dec	2025-12-01 00:00:00	2025-12-31 23:59:59	task,growth,game,rank,recharge		5
77244	🎄 𝐇𝐨𝐥𝐢𝐝𝐚𝐲 𝐅𝐨𝐫𝐭𝐮𝐧𝐞: 𝐑𝐞𝐜𝐡𝐚𝐫𝐠𝐞 𝐖𝐡𝐞𝐞𝐥 🎅	2025-12-01 00:00:00	2026-01-01 23:59:59	task,lottery,stage,recharge,reward		5
77245	🎅 𝐒𝐞𝐚𝐬𝐨𝐧 𝐨𝐟 𝐒𝐮𝐫𝐩𝐫𝐢𝐬𝐞𝐬: 𝐆𝐢𝐟𝐭𝐢𝐧𝐠 𝐖𝐡𝐞𝐞𝐥 🎁	2025-12-01 00:00:00	2026-01-01 23:59:59	task,lottery,game,stage,reward		5
77282	超時代星團頂流對決	2025-12-01 00:00:00	2025-12-28 23:59:59	lottery,game,collection,rank,reward		5
77303	三面看板佔領	2025-12-01 18:00:00	2025-12-10 23:59:59	lottery,game,collection,rank,reward		5
77320	DINO HoHoHo Registration Form	2025-12-01 01:00:00	2026-01-01 00:00:00	task,collection,group,rank,reward		5
77338	Dec Bigo Orientation	2025-12-01 12:00:00	2025-12-31 23:59:59	task,growth,game,rank,reward		5
77352	The Welcome Kit	2025-12-08 00:00:00	2025-12-31 00:00:00	task,lottery,collection,rank,reward		5
77364	雪人試煉谷	2025-12-01 19:00:00	2025-12-28 23:59:59	lottery,game,collection,rank,reward		5
77377	اليوم الوطني الإماراتي 54  -صناع المحتوي	2025-12-02 00:00:00	2025-12-08 23:59:59	task,growth,game,stage,reward		5
77399	Holiday Bash	2025-12-08 00:00:00	2025-12-19 00:00:00	lottery,game,rank,reward		5
77407	Streamback Payback Host Recall Policy - Dec	2025-12-02 11:30:00	2025-12-31 23:59:59	task,growth,game,rank,reward		5
77414	TH-Family Gala Star 6-13 Dec	2025-12-06 00:00:00	2025-12-14 00:00:00	lottery,collection,group,rank		5
77416	TH- Family Gala Bonus 7-13 DEC	2025-12-07 02:00:00	2025-12-14 00:00:00	lottery,group,rank,recharge		5
77417	配信ナイト★Christmas Carnival(12.19-12.25)	2025-12-19 00:00:00	2025-12-25 23:59:59	lottery,game,rank,reward		5
77424	Chinese&SG Daily Data_5 Days Gift Party🎁	2025-12-03 00:00:00	2025-12-05 23:59:59	task,game,stage,rank,reward		5
77429	BIGO之星	2025-12-05 00:00:00	2025-12-31 23:59:59	lottery,game,collection,rank,reward		5
77435	Catch the Clovers	2026-01-01 00:00:00	2026-01-31 23:59:59	task,lottery,collection,recharge,reward		5
77438	MBS Growth and Retention Reward Program 2026 Q1	2026-01-01 00:00:00	2026-03-31 23:59:59	task,growth,stage,group,reward		5
77461	Future Million Beans Club Auto Rebate - Dec	2025-12-05 00:00:00	2025-12-31 23:59:59	task,growth,rank,reward		5
77472	PINOY FAMILY GALA 2025: LEGEND FAMILY	2025-12-06 00:00:00	2025-12-14 23:59:59	game,group,rank,reward		5
77473	PINOY FAMILY GALA 2025: OVERSEAS FAVORITE FAMILY	2025-12-06 00:00:00	2025-12-14 23:59:59	game,group,rank,reward		5
77475	尊榮周邊轉盤	2025-12-15 00:00:00	2025-12-31 23:59:59	lottery,game,collection,rank,reward		5
77511	Familias recomendadas	2025-12-03 18:17:00	2025-12-17 00:00:00	growth,group	https://static-fed.bigolive.tv/live/pages/bigolive/main-venue-2025-N0x29P/index.html	5
77512	萌新一番賞	2025-12-07 00:00:00	2025-12-31 23:59:59	lottery,game,rank,recharge,reward		5
77519	New Comer Party Dec	2025-12-05 00:00:00	2026-01-01 00:00:00	lottery,game,collection,rank,reward		5
77523	BMBC - Dec	2025-12-05 00:00:00	2025-12-31 23:59:59	task,growth,rank,reward		5
77532	Family GALA 2025 Main match & Regional Final Grand Prize	2025-12-06 00:00:00	2025-12-14 23:59:59	stage,group,rank,reward		5
77544	【極秘】BIGO特別企画 ~あなただけへのチャージボーナス~	2025-12-06 00:00:00	2026-01-01 00:00:00	lottery,game,rank,recharge,reward		5
77550	拳上格鬥賽	2025-12-20 00:00:00	2026-01-01 23:59:59	lottery,growth,rank,recharge,reward		5
77557	المواجهة النارية - العائلات	2026-04-01 00:00:00	2026-04-30 00:00:00	game	https://activity.bigo.tv/live/act/act_15180/index.html?compe_id=1778945919446433|https://activity.bigo.tv/live/act/act_15180/index.html?compe_id=1778946017028476	5
77559	Family Gala Registration Form👑	2025-12-04 20:00:00	2025-12-14 23:59:59	task,game,group,reward		5
77561	愛神見習班	2025-12-11 12:00:00	2025-12-20 23:59:59	lottery,collection,rank,recharge,reward		5
77564	TH-🎉7 golden year Bigo x Razer 12-18 Dec 25🎉	2025-12-12 00:00:00	2025-12-19 00:00:00	lottery,rank,recharge,reward		5
77573	LIVEATHON	2025-12-05 00:00:00	2026-01-01 00:00:00	task,growth,rank,reward		5
77578	Pinoy Family GALA 2025 - FAMILY EVENTS	2025-12-05 11:56:03	2025-12-16 00:00:00	game,group,rank		5
77582	Nepal 1K+ Club Dec	2025-12-05 23:59:59	2025-12-13 23:59:59	lottery,growth,rank,recharge,reward		5
77584	ID-GAME (6-9DEC2025)	2025-12-06 00:00:00	2025-12-10 00:00:00	task,lottery,game,collection,rank		5
77619	Fiesta Lounge	2025-12-08 00:00:00	2026-01-08 00:00:00	lottery,collection,rank,reward		5
77654	🎉 Year End Bonanza 🎉	2025-12-08 13:33:00	2026-01-01 00:00:00	task,growth,group,reward		5
77656	MY December ShopeePay Edition 10% OFF instantly!	2025-12-09 00:00:00	2025-12-31 23:59:59	shop,stage,rank,recharge,reward		5
77660	Juicy-每日等级任务-月榜	2025-12-08 15:20:14	2025-12-13 00:00:00	task,growth,rank,recharge		5
77663	Juicy-抽奖-ALL	2025-12-08 15:55:00	2025-12-13 00:00:00	lottery,game,rank,recharge,reward		5
77664	Merry Xmas & HNY	2025-12-22 00:00:00	2026-01-05 00:00:00	game,rank,reward		5
77665	Juicy-淘汰榜-团体排行榜	2025-12-08 16:05:00	2025-12-13 00:00:00	game,stage,group,rank,recharge		5
77666	🌟Yeni Yayıncı Günlük Bonusu Aralık	2025-12-11 00:00:00	2025-12-24 23:59:59	task,growth,rank,reward		5
77668	閃耀巨蛋看板	2025-12-11 00:00:00	2025-12-20 23:59:59	lottery,game,collection,rank,reward		5
77678	星探大亨	2025-12-09 00:00:00	2025-12-31 23:59:59	lottery,game,collection,rank,reward		5
77693	BIGO LIVE STREAMER SPOTLIGHT	2025-12-09 00:00:00	2025-12-31 23:59:59	task,growth,rank,reward		5
77698	Vuelve a Tu Escenario - Diciembre	2025-12-08 21:30:00	2025-12-31 23:59:59	lottery,game,stage,group,rank		5
77702	Dec Combat Point Tracker	2025-12-09 11:30:00	2025-12-31 00:00:00	game,group,rank,reward		5
77706	BBR - 1215-1218 Flash Speed Bonus	2025-12-15 00:00:00	2025-12-31 23:59:59	task,growth,rank,reward		5
77714	Go！Go! Beat the Past	2025-12-10 00:00:00	2026-01-03 00:00:00	lottery,collection,rank,recharge,reward		5
77718	Svip Treasure- dragon King	2025-12-12 00:00:00	2025-12-16 23:59:59	lottery,game,rank,reward		5
77750	Dino Hunt Challenge	2025-12-15 00:00:00	2025-12-23 23:59:59	task,game,collection,rank,reward		5
77754	Bali Carnival Night （Selection）	2025-12-12 00:00:00	2026-01-01 00:00:00	game,rank,recharge,reward		5
77758	Limited Christmas Border	2025-12-11 00:00:00	2025-12-31 23:59:59	task,growth,game,reward		5
77764	올해의 패밀리 대상	2025-12-19 00:00:00	2025-12-30 00:00:00	lottery,group,rank,reward		5
77767	F-HƯỚNG DẪN ĐUA TỘC CHIẾN GALA 2025	2025-12-10 16:00:00	2025-12-15 00:00:00	group	https://static-fed.bigolive.tv/live/pages/bigolive/annual-festival-family-2025/index.html?lang=vi	5
77778	Семейный Новогодний Мультичат: 25-31 декабря	2025-12-25 00:00:00	2025-12-31 23:59:59	game,stage,group,rank,reward		5
77779	さようなら2025！	2025-12-24 00:00:00	2025-12-28 21:59:59	lottery,game,collection,rank		5
77789	انطلاقة النجوم	2025-12-13 00:00:00	2025-12-22 23:59:59	task,growth,rank,reward		5
77792	DACH SVIP Reise nach Korea	2025-12-16 00:00:00	2025-12-21 23:59:59	rank,recharge	https://static-fed.bigolive.tv/live/pages/bigolive/svip/index.html	5
77793	Portobello Gift Bazaar	2025-12-10 20:46:12	2026-01-01 00:00:00	task,growth,rank,reward		5
77799	December Payday Fiesta	2025-12-15 00:00:00	2025-12-23 23:59:59	task,game,group,rank,reward		5
77836	dhy团播01	2025-12-11 16:10:05	2025-12-13 00:00:00	task,growth,game,rank		5
77837	dhy测试团播02	2025-12-11 16:10:05	2025-12-13 00:00:00	task,growth,game,rank		5
77849	TH-⭐Pick Your Star 13-19 Dec 25⭐	2025-12-13 00:00:00	2025-12-20 00:00:00	lottery,game,group,rank,recharge		5
77854	TH-🎅Christmas Draws 16-20 Dec 25🎄Svip user	2025-12-16 00:00:00	2025-12-21 00:00:00	lottery,collection,rank,recharge		5
77908	Prêmio de Recarga 💲 e 💎 Enviados - Dezembro! 🎊	2025-12-12 17:07:21	2026-01-01 18:11:46	growth,rank,reward	https://static-fed.bigolive.tv/live/pages/bigolive/svip/index.html	5
77913	NEXTステージ 202601	2026-01-01 00:00:00	2026-01-30 23:59:59	lottery,game,stage,rank,reward		5
77916	Prêmio de Recarga 💲 e 💎 Enviados - Dezembro! 🎊	2025-12-12 18:13:28	2026-01-01 18:11:46	growth,rank,reward	https://static-fed.bigolive.tv/live/pages/bigolive/svip/index.html	5
77940	F-GIA TỘC ĐƯỢC YÊU THÍCH NHẤT 2025	2025-12-15 00:00:00	2025-12-19 00:00:00	group,rank,reward	https://activity.bigo.tv/live/act/banner-aggregation2/index.html?id=1592835216	5
77974	SVIP Up Fiesta	2025-12-16 00:00:00	2025-12-31 23:59:59	stage,rank,recharge	https://static-fed.bigolive.tv/live/pages/bigolive/svip/index.html	5
77998	Das Seoul-Gala-Ticket wartet auf dich!	2025-12-16 00:00:00	2025-12-25 23:59:59	game,stage,rank,reward		5
78010	Scoring Sheet - Family Growth Prestige Booster Calendar - Dec	2025-12-15 17:00:00	2025-12-23 00:00:00	task,growth,game,group,rank		5
78026	Xmas Bonanza 🎙	2025-12-24 00:00:00	2026-01-01 23:59:59	task,game,rank,reward		5
78042	اليوم الوطني القطري  -صناع المحتوي	2025-12-18 00:00:00	2025-12-24 23:59:59	task,growth,stage,rank,reward		5
78055	A Festa de Natal	2025-12-17 08:59:59	2026-12-04 23:59:59	lottery,rank,recharge,reward		5
78058	KickAce Bintang Bersinar 2026	2026-01-01 00:00:00	2026-01-31 23:59:59	lottery,collection,rank,reward		5
78069	Xmas Bonanza! 🎤	2025-12-24 00:00:00	2026-01-01 23:59:59	task,game,rank,reward		5
78085	Event hoàn thưởng tháng 1	2025-12-21 00:00:00	2026-01-31 23:59:59		https://static-fed.bigolive.tv/live/pages/bigolive/act-49334/index.html#/apply49334/1938|https://static-fed.bigolive.tv/live/pages/bigolive/act-49334/index.html#/apply49334/1939|https://static-fed.bigolive.tv/live/pages/bigolive/act-49334/index.html#/apply49334/1940|https://static-fed.bigolive.tv/live/pages/bigolive/act-49334/index.html#/apply49334/1941|https://static-fed.bigolive.tv/live/pages/bigolive/act-49334/index.html#/apply49334/1942|https://static-fed.bigolive.tv/live/pages/bigolive/act-49334/index.html#/apply49334/1943	5
78100	НОВОГОДНЯЯ ЛОТЕРЕЯ ДЛЯ BIGOSTARS	2025-12-18 02:11:00	2026-01-03 05:00:00	lottery,game,group,rank,reward		5
78101	PH Easy Daily Agency Leaderboard (Dec 24-31)	2025-12-24 00:00:00	2026-01-08 23:59:59	task,game,group,rank,reward		5
78115	TH-📢Top up get 30% back 19-25 Dec 25📢	2025-12-19 00:00:00	2025-12-26 00:00:00	task,growth,rank,recharge,reward		5
78117	TH-Family Member Ambassador 23-29 Dec	2025-12-23 00:00:00	2025-12-30 00:00:00	task,growth,group,rank,recharge		5
78138	Welcome back gamers	2026-01-01 00:00:00	2026-01-31 23:59:59	lottery,game,rank,reward		5
78168	1月全面開播	2026-01-01 18:00:00	2026-01-31 23:59:59	lottery,game,collection,rank,reward		5
78180	ANZ BUY 100 GET 50🎁	2025-12-20 00:00:00	2025-12-25 23:59:59	task,growth,rank,recharge,reward		5
78189	F-ĐẠI TIỆC NĂM MỚI	2025-12-27 00:00:00	2026-01-02 00:00:00	group,rank	https://activity.bigo.tv/live/act/banner-aggregation2/index.html?id=1592835216	5
78191	I-IDOL THỰC CHIẾN K4T12	2025-12-20 00:00:00	2026-01-01 23:59:59	game,rank,reward	https://static-fed.bigolive.tv/live/pages/bigolive/act-49334/index.html#/apply49334/1945	5
78220	New Year DJ Fest	2025-12-20 00:00:00	2026-01-05 00:00:00	lottery,collection,rank,reward		5
78237	Festa de Verão	2025-12-22 12:59:59	2026-12-21 23:59:59	lottery,rank,recharge,reward		5
78269	Agent GALA	2025-12-26 00:00:00	2026-01-11 23:59:59	game,group,rank,reward		5
78273	Event tự hoàn thưởng 42%	2026-01-01 00:00:00	2026-01-31 23:59:59	task,growth,rank,reward		5
78274	Event tự hoàn thưởng 32%	2026-01-01 00:00:00	2026-01-31 23:59:59	task,growth,rank,reward		5
78277	Event tự hoàn thưởng 6%	2026-01-01 00:00:00	2026-01-31 23:59:59	task,growth,rank,reward		5
78279	Event tự hoàn thưởng 10%	2026-01-01 00:00:00	2026-01-31 23:59:59	task,growth,rank,reward		5
78288	Rising Family Adventure (22-31 December)	2025-12-22 18:00:00	2025-12-31 23:59:59	game,group,rank,reward		5
78300	Scoring Sheet - Family Growth Prestige Booster Calendar - Dec P2	2025-12-22 16:00:00	2025-12-31 00:00:00	task,growth,game,group,rank		5
78302	Operation Nulla	2026-01-01 00:00:00	2026-01-31 23:59:59	task,shop,collection,rank,recharge		5
78318	USERS-Conquer Milestones  2026	2026-01-01 00:00:00	2026-02-01 00:00:00	game,stage,rank,recharge,reward		5
78340	JAN | 🥂 2026 Is Better With You Back	2026-01-05 12:00:00	2026-01-31 23:59:59	lottery,stage,rank,recharge,reward		5
78341	JAN | ✨ Spin the Board with Every Gift	2026-01-05 12:00:00	2026-01-31 23:59:59	lottery,game,stage,rank,reward		5
78342	Prêmio de Recarga 💲 e 💎 Enviados - Dezembro! 🎊	2025-12-23 17:49:05	2026-01-01 18:11:46	growth,rank,reward	https://static-fed.bigolive.tv/live/pages/bigolive/svip/index.html	5
78360	HEB 女神戰	2026-01-01 18:00:00	2026-01-10 23:59:59	lottery,shop,collection,rank,reward		5
78376	TH - Family Boosting 1-29 Jan	2026-01-01 00:00:00	2026-01-30 00:00:00	group,rank,reward	https://static-fed.bigolive.tv/live/pages/bigolive/act-39011/index.html	5
78391	ANZ BOXING DAY	2025-12-26 14:00:00	2025-12-26 17:59:59	task,growth,rank,reward		5
78400	SVIP限定！ ルーレットチャレンジ後半期（1月）	2026-01-15 00:00:00	2026-01-31 23:59:59	lottery,game,rank,recharge,reward		5
78422	Go！Go！Beat the past！	2026-01-02 00:00:00	2026-02-01 00:00:00	lottery,game,collection,rank,recharge		5
78428	Prêmio de Recarga 💲 e 💎 Enviados - Dezembro! 🎊	2025-12-24 21:25:32	2026-01-01 18:11:46	growth,rank,reward	https://static-fed.bigolive.tv/live/pages/bigolive/svip/index.html	5
78438	58% Auto Rebate Part 1&2&3 Jan	2025-12-31 00:00:00	2026-01-05 00:00:00	task,growth,rank,reward		5
78449	Fam Giving to Win Jan 2-8	2026-01-02 00:00:00	2026-01-08 23:59:59	task,game,group,rank,reward		5
78455	Pinoy Power Hour: ANZ	2026-01-01 00:00:00	2026-01-14 23:59:59	task,game,rank,reward		5
78458	The Welcome Kit	2026-01-08 00:00:00	2026-02-07 23:59:59	task,lottery,collection,rank,reward		5
78499	ID- Midnight Dance Party💃 Host	2026-01-20 00:00:00	2026-01-25 23:59:59	lottery,game,rank,reward		5
78501	ID- Midnight Dance Party💃Family	2026-01-20 00:00:00	2026-01-25 23:59:59	lottery,game,group,rank,reward		5
78503	Pinoy Power Hour: USCA	2026-01-03 00:00:00	2026-01-16 23:59:59	task,game,rank,reward		5
78558	TH🪙SVIP Super Coins 1-31 January 26🪙	2026-01-01 12:00:00	2026-02-01 00:00:00	lottery,collection,rank,recharge,reward		5
78563	TH-JANUARY MISSION Group A JAN 2026	2026-01-01 00:00:00	2026-02-01 00:00:00	task,game,group,rank,reward		5
78568	ID - The New Heartbeat❤️New Host Event	2026-01-04 00:00:00	2026-01-31 00:00:00	task,lottery,group,rank,reward		5
78570	ID - PK Arena	2026-01-03 00:00:00	2026-01-31 00:00:00	growth,game,rank,reward		5
78574	Svip Treasure-Phoenix King	2025-12-27 00:00:00	2026-01-01 23:59:59	lottery,game,rank,reward		5
78580	Стрим зарядка 🔋(Январь)	2026-01-03 00:00:00	2026-01-31 23:59:59	task,growth,rank,reward		5
78638	M-QUÀ TẶNG BẠN MỚI-01-31/01/26	2026-01-01 00:00:00	2026-02-01 00:00:00	task,lottery,collection,rank,reward		5
78651	Prêmio de Recarga 💲 e 💎 Enviados - Dezembro! 🎊	2025-12-29 14:38:56	2026-01-01 18:11:46	growth,rank,reward	https://static-fed.bigolive.tv/live/pages/bigolive/svip/index.html	5
78654	TH-SUPER PK January 2026	2026-01-01 00:00:00	2026-02-01 00:00:00	game,rank,reward	https://activity.bigo.tv/live/act/act_15180/index.html?compe_id=1769685179820752	5
78657	ANZ New Year Card Collection Challenge Round 2	2026-01-08 00:00:00	2026-01-12 23:59:59	game,collection,stage		5
78658	신입이벤트 일일미션-1월편	2026-01-01 00:00:00	2026-02-01 00:00:00	task,growth,rank,reward		5
78691	Suerte Sin Fronteras 🌍✨	2026-01-01 00:00:00	2026-02-01 00:00:00	lottery,game,rank,reward		5
78697	2026 Family Golden Era	2026-01-01 00:00:00	2026-02-01 00:00:00	game,group,rank,reward		5
78719	Crazy Tuesday: Super Lucky Gifts Bomb Jan	2026-01-01 00:00:00	2026-01-31 23:59:59	task,lottery,stage,rank,reward		5
78721	Global Gifting Fair	2026-01-09 00:00:00	2026-01-15 23:59:59	task,lottery,game,rank,reward		5
78731	BIGO BEAN RUSH - January Daily Rebate 1000	2026-01-01 00:00:00	2026-01-31 23:59:59	task,growth,rank,reward		5
78733	BBR - Daily Rebate Ladder: Up to 58% Rebate	2026-01-04 00:00:00	2026-02-01 23:59:59	task,growth,rank,reward		5
78734	BBR - Jan Special High Rebate	2026-01-01 00:00:00	2026-01-31 23:59:59	task,growth,rank,reward		5
78747	MY JAN | ShopeePay Edition 10% OFF instantly!	2026-01-01 00:00:00	2026-01-31 23:59:59	shop,stage,rank,recharge,reward		5
78799	Jan First Step	2026-01-01 12:00:00	2026-01-31 23:59:59	task,growth,game,rank,reward		5
78883	🌟Yeni Yayıncı Günlük Bonusu - Ocak 2026	2026-01-12 00:00:00	2026-01-22 00:00:00	task,growth,rank,reward		5
78898	Día Loco Enero	2025-12-31 03:30:00	2026-02-01 23:59:59	task,growth,rank,reward		5
78904	Test - Early Afternoon Rebate Rush - Jan	2026-01-01 00:00:00	2026-01-31 23:59:59	task,growth,rank,reward		5
78909	Welcome to BIGO_Cinco De Mayo	2026-01-01 00:00:00	2026-04-28 10:42:26	lottery,game,collection,recharge,reward		5
78910	Estrella en Ascenso - Enero	2025-12-31 08:00:00	2026-02-01 23:59:59	task,growth,rank,reward		5
78948	Super Wheel-Jan-1	2026-01-17 00:00:00	2026-01-21 00:00:00	lottery,game,rank,recharge,reward		5
78950	January Star	2026-01-27 00:00:00	2026-02-01 00:00:00	lottery,game,rank,recharge,reward		5
78962	2026 Jan Family Spending Daily Data	2026-01-01 00:00:00	2026-02-01 00:00:00	task,shop,group,rank,reward		5
78969	PT-desafio svip-202501	2026-01-01 00:00:00	2026-01-31 23:59:59	stage,rank,recharge	https://static-fed.bigolive.tv/live/pages/bigolive/svip/index.html	5
78972	Start-Up Live 2026 (Round 1)	2025-12-31 16:30:00	2026-01-09 23:59:59	task,game,stage,rank,reward		5
78977	Call of Bigo Host - 202601 backstage	2026-01-01 12:00:00	2026-01-31 23:59:59	lottery,game,stage,rank,reward		5
78985	超時代星團頂流對決	2026-01-01 00:00:00	2026-01-28 23:59:59	lottery,game,collection,rank,reward		5
79003	Dach Emerging Star Lottery Dec	2026-01-21 00:00:00	2026-01-31 00:00:00	lottery,game,collection,rank		5
79005	BIGO LIVE'a Hoş Geldiniz	2026-01-05 00:00:00	2026-02-01 00:00:00	lottery,game,rank,recharge,reward		5
79009	🎑 Queen of the moon 🎑	2026-01-01 00:00:00	2026-02-01 00:00:00	task,growth,rank,reward		5
79011	Rise to Fame	2026-01-01 00:00:00	2026-02-01 00:00:00	task,growth,rank,reward		5
79013	Portobello Gift Bazaar	2026-01-01 00:00:00	2026-02-01 00:00:00	task,growth,rank,reward		5
79040	Weekend Auto Rebate - Jan	2026-01-05 00:00:00	2026-02-01 00:00:00	task,growth,rank,reward		5
79043	Midweek Afternoon Bonus Auto Reward - Jan	2026-01-06 00:00:00	2026-02-01 23:59:59	task,growth,rank,reward		5
79044	Late Afternoon Auto Rebate Rush - Jan	2026-01-03 00:00:00	2026-02-01 23:59:59	task,growth,rank,reward		5
79047	BMBC - Jan	2026-01-01 00:00:00	2026-01-31 23:59:59	task,growth,rank,reward		5
79050	BIGO星耀會	2026-01-05 12:00:00	2026-01-31 23:59:59	lottery,game,rank,recharge,reward		5
79056	FAM. MEMBERS XCLUSIVE GIVEWAY! - JAN 2026	2026-01-01 20:09:11	2026-01-31 23:59:59	game,stage,group,rank,reward		5
79057	انطلاقة النجوم	2026-01-01 17:20:00	2026-01-12 23:59:59	task,growth,rank,reward		5
79063	Go！Go！Beat the past！	2026-01-02 00:00:00	2026-02-01 00:00:00	lottery,collection,rank,recharge,reward		5
79066	Future Million Beans Club Auto Rebate - Jan	2026-01-05 00:00:00	2026-01-31 23:59:59	task,growth,rank,reward		5
79072	F-CHIẾN THẦN NGOẠI GIAO KỲ 1 THÁNG 1	2026-01-03 00:00:00	2026-01-10 00:00:00	game,group,rank	https://activity.bigo.tv/live/act/banner-aggregation2/index.html?id=1604375698	5
77241	Daily PK	2025-12-01 00:00:00	2025-12-31 23:59:59	task,game,rank,reward		4
77294	Convide Novatos e Ganhe Beans!	2025-12-01 13:00:00	2026-01-01 00:00:00	collection,group,rank,reward		4
77302	اليوم الوطني الإماراتي 2025	2025-12-02 00:00:00	2025-12-08 23:59:59	lottery,rank,recharge,reward		4
77333	Ranking de Apoio de Famílias - Dezembro	2025-12-01 00:00:00	2026-01-01 00:00:00	stage,group,rank,recharge		4
77334	Familia LATAM-Diciembre	2025-12-01 00:00:00	2025-12-31 11:00:00	game,group,rank,recharge		4
77337	🏃‍♂️Carrera Navideña🎄	2025-12-01 00:00:00	2025-12-08 00:00:00	collection,stage,rank,recharge		4
77341	IGNITE 3.0 (Dec 2025)	2025-12-01 12:00:00	2025-12-31 23:59:59	game,group,rank,reward		4
77346	ファミリー集合！一緒に盛り上がろう（12月）	2025-12-03 00:00:00	2025-12-07 23:59:59	game,group,rank,reward		4
77357	おかえり特典	2025-12-04 00:00:00	2025-12-31 00:00:00	lottery,game,rank,recharge		4
77374	Aile Zaferi Galaksi	2025-12-01 15:00:00	2025-12-28 23:59:59	group,rank,recharge		4
77378	Pinoy Family Gala 2025 (BM Main)	2025-12-01 19:05:00	2025-12-16 23:59:59	game,group,reward		4
77386	12月多人語音房｜開播狂歡🔥	2025-12-02 00:00:00	2025-12-20 23:59:59	lottery,game,rank,reward		4
77387	萬國嘉年華	2025-12-03 00:00:00	2025-12-31 23:59:59	game,collection,rank,reward		4
77402	AO VIVO NA FDS 202512	2025-12-20 00:00:00	2025-12-21 23:59:59	lottery,collection,rank,reward		4
77404	December ShopeePay Edition 10% OFF instantly!	2025-12-02 12:00:00	2025-12-31 23:59:59	shop,rank,recharge,reward		4
77406	AGENCY LEADERBOARD RANK UP	2025-12-02 11:01:00	2026-01-01 00:00:00	game,group,rank,reward		4
77411	Conversion de Semillas a Diamantes	2025-12-02 00:00:00	2025-12-07 23:59:59	game,stage,group,rank		4
77428	Amazing Tours Of Vietnam	2025-12-02 17:00:00	2025-12-31 00:00:00	game,stage,rank,reward		4
77440	Prêmio de Recarga 💲 e 💎 Enviados - Fevereiro! 🎊	2025-12-02 18:03:24	2026-01-01 18:11:46	recharge,reward	https://static-fed.bigolive.tv/live/pages/bigolive/svip/index.html	4
77441	ファミリーGALA地域決勝戦アマギフ感謝祭	2025-12-13 00:00:00	2025-12-13 23:59:59	game,rank,reward		4
77442	Prêmio de Recarga 💲 e 💎 Enviados - Fevereiro! 🎊	2025-12-02 18:03:24	2026-01-01 18:11:46	recharge,reward	https://static-fed.bigolive.tv/live/pages/bigolive/svip/index.html	4
77444	GALALA LIVE	2025-12-13 19:00:00	2025-12-13 22:00:00	game,rank,reward		4
77448	RICARICA GALA PER FAMIGLIA 6/12-14/12	2025-12-06 00:00:00	2025-12-14 23:59:59	group,rank,recharge		4
77467	DEAN&DELUCAセレクトカタログ争奪戦	2025-12-08 00:00:00	2025-12-13 23:59:59	game,rank,reward		4
77468	Pinoy Power Hour: PH x UK	2025-12-06 00:00:00	2025-12-14 23:59:59	task,game,rank,reward		4
77469	ファミリー争奪戦	2025-12-11 20:00:00	2025-12-11 22:30:00	game,rank,reward		4
77470	れっちゅキュイーン組🚨	2025-12-06 00:00:00	2025-12-13 23:59:59	game,rank,reward		4
77491	PINOY FAMILY GALA 2025: YEARLY NEWBIE FAMILY	2025-12-06 00:00:00	2025-12-14 23:59:59	game,group,rank		4
77507	尊榮SVIP包裹獎勵	2025-12-03 18:00:00	2025-12-31 23:59:59	game,collection,rank,recharge		4
77518	Livestreaming marathon-Dec	2025-12-04 00:00:00	2026-01-01 02:00:00	task,lottery,rank,reward		4
77524	انطلاقة النجوم	2025-12-04 00:00:00	2025-12-12 23:59:59	task,growth,rank,reward		4
77534	비고 기프트 카드 12월	2025-12-11 00:00:00	2025-12-14 00:00:00	task,growth,rank,recharge		4
77537	¡Recibe 2000 Semillas al Mes y Gana Más! Diciembre	2025-12-15 00:00:00	2025-12-31 23:59:59	task,game	https://static-fed.bigolive.tv/live/pages/bigolive/live-data/index.html	4
77553	Breakthrough Challenge S1-2 December 2025	2025-12-04 13:23:01	2025-12-31 23:59:59	collection,rank,recharge,reward		4
77565	K-NIGHT 星動首爾 代理榮耀戰	2025-12-06 00:00:00	2025-12-14 23:59:59	game,group,rank		4
77571	FRBE - Dino Power Charge 202512	2025-12-05 00:00:00	2025-12-22 00:00:00	collection,rank,recharge,reward		4
77586	2025年12月北欧区榜单（12.5 15:00起）	2025-12-05 15:00:00	2025-12-31 23:59:59	group,rank,recharge,reward		4
77590	Pinoy Power Hour: PH x UK	2025-12-06 00:00:00	2025-12-14 23:59:59	task,game,rank,reward		4
77591	F-SIÊU TỘC THẦN TỐC-KIM CƯƠNG- K1/ T12	2025-12-08 00:00:00	2026-01-17 00:00:00	lottery,group,rank,reward		4
77605	Watch TO WIN.! - December. 2025	2025-12-05 17:10:01	2025-12-31 23:59:59	lottery,collection,rank,reward		4
77611	Prêmio de Recarga 💲 e 💎 Enviados - Dezembro! 🎊	2025-12-05 20:26:49	2026-01-01 18:11:46	growth,reward	https://static-fed.bigolive.tv/live/pages/bigolive/svip/index.html	4
77617	K-NIGHT 星動首爾 代理榮耀戰	2025-12-06 00:00:00	2025-12-14 23:59:59	game,group,rank		4
77630	Grateful December	2025-12-07 06:00:00	2025-12-31 23:59:59	task,growth,recharge,reward		4
77633	🏎️💎AİLE YÜKLEME YARIŞI💎🏎️	2025-12-08 00:00:00	2025-12-11 23:59:59	group,rank,recharge		4
77658	Juicy-个人排行榜-日榜	2025-12-08 15:20:14	2025-12-13 00:00:00	game,rank,recharge,reward		4
77669	華麗登上瑞豐	2025-12-21 00:00:00	2025-12-30 23:59:59	lottery,collection,rank,reward		4
77675	U-HỒ VƯƠNG HỘI K2T12 08-14/12	2025-12-08 17:00:00	2025-12-13 19:57:36	game,collection,rank,recharge		4
77676	Juicy-淘汰榜-个人排行	2025-12-08 18:20:24	2025-12-13 00:00:00	stage,rank,recharge,reward		4
77703	Juicy-淘汰榜-个人排行榜	2025-12-09 11:20:55	2025-12-13 00:00:00	stage,group,rank,recharge		4
77719	MM SVIP Privilege Week 2 - Dec 2025	2025-12-09 15:45:20	2025-12-14 23:59:59	task,game,rank,recharge		4
77749	🎉《雙十二幸運預言家》	2025-12-10 11:00:00	2025-12-13 12:00:00	task,lottery,game,collection		4
77751	Bali Carnival Night （Host Selection）	2025-12-15 00:00:00	2026-01-01 00:00:00	game,stage,rank,reward		4
77753	ID-GAME (11-15DEC2025)	2025-12-11 00:00:00	2025-12-15 23:59:59	lottery,game,collection,rank		4
77772	無敵星星爭奪賽🌟	2025-12-10 18:30:00	2025-12-31 23:59:59	game,rank,reward		4
77775	⛄Christmas Gifts: Daily Prizes for U	2025-12-15 00:00:00	2025-12-23 23:59:59	task,rank,reward		4
77776	Bali Year End Family Gala 2025	2025-12-15 00:00:00	2025-12-31 23:59:59	game,group,rank		4
77777	𝐗𝐦𝐚𝐬 𝐁𝐨𝐧𝐚𝐧𝐳𝐚- 𝐔𝐬𝐞𝐫	2025-12-24 00:00:00	2026-01-01 23:59:59	task,lottery,rank,reward		4
77800	Overseas Beans Blast Dec 13-14	2025-12-13 00:00:00	2025-12-14 23:59:59	game,group,rank,reward		4
77831	1월 복귀유저 전용 이벤트(1라운드)	2026-01-04 00:00:00	2026-01-10 23:59:59	lottery,rank,recharge,reward		4
77846	Kış Özel: Şans Çarkın 12.18-12.22	2025-12-18 18:00:00	2025-12-22 23:59:59	lottery,rank,recharge,reward		4
77848	Aralık Özel: Geri Dönüş Ödülün 12.18-12.31	2025-12-18 18:00:00	2025-12-31 23:59:59	lottery,rank,recharge,reward		4
77856	Dach Weihnachten Ranking	2025-12-14 00:00:00	2025-12-20 23:59:59	game,collection,stage,rank		4
77857	TH-⭐Pick Your Star 20-26 Dec 25⭐	2025-12-20 00:00:00	2025-12-27 00:00:00	lottery,game,rank,recharge		4
77881	TH-Future Star Family: 16-30 Dec	2025-12-16 00:00:00	2025-12-31 00:00:00	task,group,rank,recharge		4
77885	Family Growth Prestige Booster Calendar - Christmas Edition	2025-12-16 00:00:00	2025-12-29 00:00:00	task,growth,group		4
77891	Última Batalla del Año	2025-12-14 00:00:00	2025-12-31 23:59:59	stage,group,rank		4
77894	나만의 호스트	2025-12-19 00:00:00	2025-12-23 00:00:00	lottery,rank,recharge,reward		4
77901	🌟 𝐒𝐡𝐢𝐧𝐢𝐧𝐠, 💎 𝐒𝐡𝐢𝐦𝐦𝐞𝐫𝐢𝐧𝐠, ✨ 𝐒𝐩𝐥𝐞𝐧𝐝𝐢𝐝 𝐨𝐟 𝐅𝐨𝐫𝐭𝐮𝐧𝐞	2025-12-15 00:00:00	2025-12-23 23:59:59	task,lottery,stage,recharge		4
77903	TH Agency Gala Road to Bali	2025-12-19 00:00:00	2025-12-30 00:00:00	game,group,rank		4
77906	❤️ 𝐌𝐢𝐬𝐭𝐥𝐞𝐭𝐨𝐞 𝐇𝐞𝐚𝐫𝐭𝐬: 𝐆𝐢𝐟𝐭𝐢𝐧𝐠 𝐄𝐯𝐞𝐧𝐭 🍒	2025-12-15 00:00:00	2025-12-23 23:59:59	task,stage,rank,reward		4
77910	多人房參與贏好禮	2025-12-16 00:00:00	2025-12-31 23:59:59	lottery,collection,rank,reward		4
77911	RISINGチャレンジ 202601	2026-01-01 00:00:00	2026-01-30 23:59:59	game,stage,rank,reward		4
77933	U-SOCOOL K2T12 14-20/12	2025-12-14 00:00:00	2025-12-20 23:59:59	game,collection,rank,recharge		4
77976	𝐉𝐚𝐧𝐮𝐚𝐫𝐲 𝐒𝐕𝐈𝐏 𝐄𝐯𝐞𝐧𝐭-𝐀𝐮𝐭𝐨 𝐄𝐱𝐭𝐫𝐚 𝐄𝐱𝐜𝐡𝐚𝐧𝐠𝐞	2026-01-01 00:00:00	2026-01-31 23:59:59	lottery,shop,stage,reward		4
77978	Pinoy Power Hour: ANZ	2025-12-18 00:00:00	2025-12-31 23:59:59	task,game,rank,reward		4
77982	Fam Gifting Frency - Dec	2025-12-16 00:00:00	2025-12-23 00:00:00	game,group,rank,reward		4
77983	Кубок ведущих 2025 - Новогодняя версия	2025-12-18 00:00:00	2026-01-03 00:00:00	lottery,game,rank,reward		4
78013	Pinoy Power Hour: USCA	2025-12-19 00:00:00	2026-01-01 23:59:59	task,game,rank,reward		4
78014	開運おみくじチャレンジ2026（1.1-1.7）	2026-01-01 00:00:00	2026-01-07 21:59:59	lottery,game,rank,reward		4
78034	Карнавал SVIP🎭 (18.12-02.01)	2025-12-18 00:00:00	2026-01-03 00:00:00	lottery,rank,recharge,reward		4
78049	اليوم الوطني القطري 2025	2025-12-18 00:00:00	2025-12-24 23:59:59	lottery,rank,recharge,reward		4
78057	U-HỒ VƯƠNG HỘI K4T12 19-25/12	2025-12-19 00:00:00	2025-12-25 23:59:59	game,collection,rank,recharge		4
78065	1월 복귀유저 전용 이벤트(2라운드)	2026-01-11 00:00:00	2026-01-17 23:59:59	lottery,rank,recharge,reward		4
78066	1월 복귀유저 전용 이벤트(3라운드)	2026-01-18 00:00:00	2026-01-24 23:59:59	lottery,rank,recharge,reward		4
78067	1월 복귀유저 전용 이벤트(4라운드)	2026-01-25 00:00:00	2026-01-31 23:59:59	lottery,rank,recharge,reward		4
78073	🎄 Santa's Daily Recharge Treats	2025-12-24 00:00:00	2026-01-01 23:59:59	task,game,rank,recharge		4
78095	ID-GAME (19-22 DEC2025)	2025-12-19 00:00:00	2025-12-22 23:59:59	lottery,game,collection,rank		4
78108	✨New Year Recharge Leaderboard	2026-01-02 00:00:00	2026-01-08 23:59:59	task,rank,recharge		4
78110	TH-Family Ambassador League 23-29 Dec	2025-12-23 00:00:00	2025-12-30 00:00:00	game,group,rank,recharge		4
78112	🎊 New Year Daily Gifting Rally	2026-01-02 00:00:00	2026-01-09 00:00:00	task,rank,reward		4
78113	1月崛起PK榜	2026-01-01 18:00:00	2026-01-15 23:59:59	lottery,game,rank,reward		4
78116	MM Merry Christmas - User	2025-12-20 00:00:00	2025-12-25 23:59:59	game,rank,reward		4
78118	TH-Family Party: 23-29 Dec	2025-12-23 00:00:00	2025-12-30 00:00:00	lottery,group,rank,recharge		4
78119	MM Merry Christmas-Host (20th-25th,Dec25)	2025-12-20 00:00:00	2025-12-25 23:59:59	game,rank,reward		4
78134	Overseas Beans Blast Dec 20-21	2025-12-20 00:00:00	2025-12-21 23:59:59	game,group,rank,reward		4
78135	Dino's Merry Spin-For SG GrabPay	2025-12-18 17:00:00	2025-12-25 23:59:59	lottery,collection,recharge,reward		4
78148	MM Chritmas Live House	2025-12-19 00:00:00	2025-12-31 23:59:00	lottery,reward		4
78161	Be a BBR Ambassador!	2025-12-18 10:00:00	2026-05-31 00:00:00	task,growth,reward		4
78165	New year stream preheat promote	2025-12-30 00:00:00	2026-01-02 00:00:00	task,growth,reward		4
78166	Santa's Daily Live List	2025-12-24 00:00:00	2025-12-31 23:59:59	task,lottery,game,reward		4
78195	PRIME FAMILY ONLINE RANKING EVENT - DEC 2025	2025-12-21 00:00:00	2025-12-30 23:59:59	game,group,rank,reward		4
78196	PRIME II FAMILY ONLINE RANKING EVENT - DEC 2025	2025-12-21 00:00:00	2025-12-30 23:59:59	game,group,rank,reward		4
78197	PRIME III FAMILY ONLINE RANKING EVENT - DEC 2025	2025-12-21 00:00:00	2025-12-30 23:59:59	game,group,rank,reward		4
78199	PRIME IV FAMILY ONLINE RANKING EVENT - DEC 2025	2025-12-21 00:00:00	2025-12-30 23:59:59	game,group,rank,reward		4
78201	PRIME V FAMILY ONLINE RANKING EVENT - DEC 2025	2025-12-21 00:00:00	2025-12-30 23:59:59	game,group,rank,reward		4
78202	ARCHANGELS FAMILY ONLINE RANKING EVENT - DEC 2025	2025-12-21 00:00:00	2025-12-30 23:59:59	game,group,rank,reward		4
78203	STARLIGHT FAMILY ONLINE RANKING EVENT - DEC 2025	2025-12-21 00:00:00	2025-12-30 23:59:59	game,group,rank,reward		4
78205	HIBYTE FAMILY ONLINE RANKING EVENT - DEC 2025	2025-12-21 00:00:00	2025-12-30 23:59:59	game,group,rank,reward		4
78225	Xmas Bonanza-FAM	2025-12-24 00:00:00	2026-01-02 00:00:00	game,group,rank,reward		4
78249	ANZ-PH/VN Gifting Rush!	2026-01-08 18:30:00	2026-01-14 23:59:59	lottery,stage,rank,reward		4
78250	ANZ-VN/PH Gifting Rush!	2026-01-22 18:30:00	2026-01-28 23:59:59	lottery,stage,rank,reward		4
78251	Jan SVIP Exclusive: Recharge to win Beans Back!	2026-01-08 00:00:00	2026-01-14 23:59:59	lottery,rank,recharge,reward		4
78272	Dec Recharge Sprint!	2025-12-24 00:00:00	2025-12-30 00:00:00	growth,rank,recharge,reward		4
78285	F-SIÊU TỘC THẦN TỐC-KIM CƯƠNG- K2/ T12	2025-12-23 00:00:00	2026-01-01 00:00:00	lottery,group,rank,reward		4
78287	F-SIÊU TỘC THẦN TỐC-HOÀNG KIM - K2/T12	2025-12-23 00:00:00	2026-01-01 00:00:00	lottery,group,rank,reward		4
78308	KH - Cheers to New Year	2025-12-26 00:00:00	2026-01-02 23:59:59	game,rank,reward		4
78309	KH Cheers to New Year - User	2025-12-26 00:00:00	2026-01-02 23:59:59	rank,recharge,reward		4
78310	U-RAU CỦ ĐẠI CHIẾN 09/01/2026 - 15/01/2026	2026-01-09 00:00:00	2026-01-15 23:59:59	game,collection,rank,recharge		4
78311	U-Viên Đá Diệu Kỳ 02/01-08/01/2026	2026-01-02 00:00:00	2026-01-08 23:59:59	game,collection,rank,recharge		4
78312	U-RAU CỦ ĐẠI CHIẾN 23/01/2026 - 29/01/2026	2026-01-23 00:00:00	2026-01-29 23:59:59	game,collection,rank,recharge		4
78313	U-Viên Đá Diệu Kỳ 16/01-22/01/2026	2026-01-16 00:00:00	2026-01-22 23:59:59	game,collection,rank,recharge		4
78314	U-Viên Đá Diệu Kỳ 30/01-05/02/2026	2026-01-30 00:00:00	2026-02-05 23:59:59	game,collection,rank,recharge		4
78325	Feliz Navidad/Natal Familia Latam BR	2025-12-23 17:00:00	2025-12-26 00:00:00	task,growth,group,rank		4
78331	BR-Benefícios da Plataforma 🤩🤩💰	2025-12-23 05:30:00	2026-01-19 00:00:00	lottery,rank,recharge,reward		4
78337	BIGO GALA 2026 на Бали	2025-12-23 13:00:00	2026-05-01 16:52:35	lottery,shop,rank		4
78344	TR iOS’a Özel 12.24-12.31	2025-12-24 00:00:00	2025-12-31 23:59:59	lottery,rank,recharge,reward		4
78347	MM Happy New Year-Host (26th,Dec-01/Jan)	2025-12-26 00:00:00	2026-01-01 23:59:59	game,rank,reward		4
78349	MM Happy New Year -User(26th,Dec-01/Jan)	2025-12-26 00:00:00	2026-01-01 23:59:59	game,rank,reward		4
78368	Time to expanding your GB/IE Family NOW!	2025-12-24 00:00:00	2026-01-05 23:59:59	group,rank,reward		4
78379	ID- New User Hadiah Misteri JAN2026	2026-01-05 00:00:00	2026-02-05 00:00:00	task,growth,rank		4
78393	¡Regalo sorpresa de Navidad!🎄	2025-12-24 03:00:00	2025-12-31 23:59:59	task,game	https://static-fed.bigolive.tv/live/pages/bigolive/live-data/index.html	4
78395	1.10SVIP会员日	2026-01-10 00:00:00	2026-01-10 23:59:59	lottery,rank,recharge,reward		4
78396	1.20SVIP会员日	2026-01-20 00:00:00	2026-01-20 23:59:59	lottery,rank,recharge,reward		4
78399	SVIP限定！ ルーレットチャレンジ前半期（1月）	2026-01-02 00:00:00	2026-01-14 23:59:59	lottery,rank,recharge,reward		4
78401	はじめて特典💝毎日チャレンジルーレット	2026-01-01 00:00:00	2026-01-31 23:59:59	lottery,rank,recharge,reward		4
78413	Call of Bigo Host - 202601	2026-01-01 12:00:00	2026-01-31 23:59:59	lottery,game,rank,reward		4
78415	Family Honour : 100 Million Club	2025-12-24 19:00:00	2026-04-01 00:00:00	growth,group,rank,reward		4
78421	Go！Go！Beat the past！	2026-01-02 00:00:00	2026-02-01 00:00:00	lottery,collection,rank,recharge		4
78423	Go！Go！Beat the past！	2026-01-02 00:00:00	2026-02-01 00:00:00	lottery,collection,rank,recharge		4
78424	Go！Go！Beat the past！	2026-01-02 00:00:00	2026-02-01 00:00:00	lottery,collection,rank,recharge		4
78425	Go！Go！Beat the past！	2026-01-02 00:00:00	2026-02-01 00:00:00	lottery,collection,rank,recharge		4
78426	Go！Go！Beat the past！	2026-01-02 00:00:00	2026-02-01 00:00:00	lottery,collection,rank,recharge		4
78432	ESPT 2026: Discover the New Family MultiPK	2026-01-01 00:00:00	2026-12-31 00:00:00	game,stage,group,rank		4
78451	Feliz Año Nuevo/Ano Novo Familia Latam BR	2025-12-26 00:00:00	2026-01-05 00:00:00	task,growth,group,rank		4
78460	SVIP4-7 Special: Recharge Bonus!	2026-01-29 00:00:00	2026-01-31 23:59:59	lottery,rank,recharge,reward		4
78466	Happy Recharge Hour	2026-01-17 00:00:00	2026-01-19 23:59:59	lottery,rank,recharge,reward		4
78479	Wang Wang Wang! (January 2026)	2026-01-01 12:00:00	2026-01-31 23:59:59	lottery,game,rank,reward		4
78483	1월 최강SVIP시즌2	2026-01-01 00:00:00	2026-02-01 00:00:00	lottery,game,rank,reward		4
78496	Incentivos para agentes-Enero	2026-01-01 00:00:00	2026-01-31 23:59:59	task,game	https://static-fed.bigolive.tv/live/pages/bigolive/bigo-Institute/index.html	4
78502	SVIP 붉은말 원정대	2026-01-01 00:00:00	2026-01-31 00:00:00	lottery,rank,recharge,reward		4
78518	KH SVIP Exclusive Raffle TOP Club(Jan 2026)	2026-01-01 00:00:00	2026-01-31 23:59:59	lottery,game,recharge,reward		4
78520	KH SVIP Exclusive Raffle Fighter Land(Jan 2026)	2026-01-01 00:00:00	2026-01-31 23:59:59	lottery,game,recharge,reward		4
78521	KH SVIP Exclusive Raffle Rising Star(Jan 2026)	2026-01-01 00:00:00	2026-01-31 23:59:59	lottery,game,recharge,reward		4
78523	TWHK Carnival: Fight for Your IDOL (Jan 2026)	2026-01-01 00:00:00	2026-01-15 23:59:59	task,lottery,rank,reward		4
78533	MM Auto Top-up and Spin it (Jan 2026)	2026-01-01 00:00:00	2026-01-31 23:59:59	lottery,game,recharge,reward		4
78540	MM SVIP Privilege Week -Jan 2025 Phase 1	2026-01-01 00:00:00	2026-01-07 23:59:59	task,game,rank,recharge		4
78541	MM SVIP Privilege Week 2 - Jan 2026	2026-01-08 00:00:00	2026-01-14 23:59:59	task,game,rank,recharge		4
78564	TH-JANUARY MISSION Group B	2026-01-01 00:00:00	2026-02-01 00:00:00	task,game,group,reward		4
78573	TH🎲Play for Dino Dolls 2-8 Jan 26🎲	2026-01-02 00:00:00	2026-01-09 00:00:00	lottery,collection	https://static-fed.bigolive.tv/live/pages/bigolive/act-84747-OLaroV/index.html	4
78579	Стрим курсы для новых ведущих ( Январь 2026)	2026-01-03 00:00:00	2026-02-01 00:00:00	lottery,game,rank,reward		4
78581	Конкурс агентов ГАЛА ГОДА 2025（test)	2025-12-26 22:53:00	2026-01-17 00:00:00	shop,game,group,rank		4
78592	Unboxing de Regalos	2025-12-26 20:00:00	2026-01-02 23:59:59	game,stage,rank,reward		4
78631	MM New Year Wishes (Jan 2026)	2026-01-01 00:00:00	2026-01-03 23:59:59	lottery,game,reward		4
78633	ANZ New Year Card Collection Challenge	2026-01-01 00:00:00	2026-01-05 23:59:59	game,collection		4
78639	MM Auto Spin it-Lv Host(Jan 2026)	2026-01-01 00:00:00	2026-01-31 23:59:59	lottery,growth,game,reward		4
78656	TH - PK BATTLE ROYAL January 2026	2026-01-01 00:00:00	2026-03-01 00:00:00	game,reward	https://activity.bigo.tv/live/act/act_15180/index.html?compe_id=1769426321646447	4
78667	Idol Việt Nam được yêu thích nhất – VN&AUNZ K1T1	2026-01-05 00:00:00	2026-01-12 00:00:00	game,rank,recharge,reward		4
78677	ファミリー集合！一緒に盛り上がろう（2026年1月）	2026-01-03 00:00:00	2026-01-07 23:59:59	game,group,rank,reward		4
78684	Lucky Draw Bali-speciale gala per le agenzie	2026-01-05 19:00:00	2026-01-05 22:00:00	lottery,collection,rank		4
78686	Reyes más feliz y especial	2026-01-05 00:00:00	2026-01-11 23:59:59	lottery,stage,recharge,reward		4
78695	PK Tier&Country January 2026	2026-01-01 00:00:00	2026-01-31 23:59:59	game,group,rank,reward		4
78703	حدث مردود الشحن داخل السعودية Jan	2026-01-01 00:00:00	2026-01-31 23:59:59	task,game,rank,recharge		4
78704	SA Jan	2026-01-01 00:00:00	2026-01-31 23:59:59	task,game,rank,recharge		4
78706	دول الخليج العربي	2026-01-01 00:00:00	2026-01-31 23:59:59	task,game,rank,recharge		4
78708	عرض مردود الشحن بلاد الشام و شمال افريقيا يناير	2026-01-01 00:00:00	2026-01-31 23:59:59	task,game,rank,recharge		4
78712	DACH Jan. SVIP Glücksrad	2026-01-10 00:00:00	2026-01-31 23:59:59	lottery,reward	https://static-fed.bigolive.tv/live/pages/bigolive/svip/index.html	4
78724	Global Cheers CHN/MENA/TR/PH X NL/NE	2026-01-16 00:00:00	2026-01-31 23:59:59	task,lottery,rank,reward		4
78740	JAN | ShopeePay Edition 10% OFF instantly!	2026-01-01 00:00:00	2026-01-31 23:59:59	shop,rank,recharge,reward		4
78748	KH-US Gifting Storm (January R1)	2026-01-07 00:00:00	2026-01-13 23:59:59	lottery,game,rank,reward		4
78749	KH-US Gifting Storm (January R2)	2026-01-17 00:00:00	2026-01-23 23:59:59	lottery,game,rank,reward		4
78750	KH-US Gifting Storm (January R3)	2026-01-27 00:00:00	2026-02-02 23:59:59	lottery,game,rank,reward		4
78756	Your Squad, Your Treasure	2026-01-01 00:00:00	2026-01-31 23:59:59	game,group,rank		4
78789	ID-Host Data Jan 2026	2026-01-01 00:00:00	2026-02-01 00:00:00	task,game,stage,rank		4
78791	TH-VJ new year Surprise Super star	2026-01-01 00:00:00	2026-01-09 00:00:00	game,rank,reward		4
78792	TH-VJ new year Surpris Top star	2026-01-01 00:00:00	2026-01-09 00:00:00	game,rank,reward		4
78793	TH-VJ new year Surprise shining star	2026-01-01 00:00:00	2026-01-09 00:00:00	game,rank,reward		4
78794	Host Shine Overseas	2026-01-01 00:00:00	2026-01-31 23:59:59	task,game,rank,reward		4
78852	ID - New Year Fireworks Festival 🎆  202601W1	2026-01-03 00:00:00	2026-01-10 00:00:00	growth		4
78866	F-VÒNG QUAY VINH QUANG GIA TỘC	2026-01-01 00:00:00	2026-01-31 23:59:59	lottery,group,rank,recharge		4
78868	비고 기프트 카드 1월	2026-01-06 00:00:00	2026-01-09 00:00:00	task,growth,rank,recharge		4
78873	F-ON CALL 24H 2025！	2025-12-31 00:00:00	2026-01-01 00:00:00	group,rank	https://activity.bigo.tv/live/act/banner-aggregation2/index.html?id=1592835216	4
78879	Yeni Yıl Çekilişi - Ocak 2026	2026-01-05 00:00:00	2026-01-12 00:00:00	lottery,collection,rank,reward		4
78887	Gala Welcome Party	2026-01-04 00:00:00	2026-01-12 23:59:59	game,rank,reward		4
78888	New year Ranking	2026-01-01 00:00:00	2026-01-06 23:59:59	game,stage,rank		4
78894	2026 BONUS	2026-01-01 00:00:00	2026-01-04 23:59:59	game,collection,rank,reward		4
78895	FELIZ AÑO NUEVO	2025-12-30 13:00:00	2026-03-31 23:00:00	rank		4
78905	𝗥𝗼𝗼𝗸𝗶𝗲 𝗥𝘂𝗺𝗯𝗹𝗲 𝗟𝗲𝗮𝗱𝗲𝗿𝗯𝗼𝗮𝗿𝗱 𝗧𝗼𝘂𝗿𝗻𝗮𝗺𝗲𝗻𝘁 January 𝟮𝟬𝟮𝟱	2026-01-01 00:00:00	2026-01-05 23:59:59	task,group,rank,recharge		4
78908	Agency New Year Breakaway	2026-01-01 00:00:00	2026-01-06 00:00:00	group,rank,reward		4
78925	Ranking de Apoio de Famílias - Janeiro	2026-01-01 00:00:00	2026-02-01 00:00:00	stage,group,rank,recharge		4
78929	1月萬國嘉年華	2026-01-01 18:00:00	2026-01-31 23:59:59	game,collection,rank,reward		4
78949	Super Wheel-Jan-2	2026-01-23 00:00:00	2026-01-27 00:00:00	lottery,rank,recharge,reward		4
78958	VN&USCA K1T1 Lời Chúc Tân Xuân	2026-01-01 00:00:00	2026-01-06 00:00:00	game,rank,recharge,reward		4
78961	💎 1.1 Special 2026 rebate	2026-01-01 01:01:01	2026-01-01 13:01:01	stage,rank,recharge,reward		4
78966	🧧복주머니 모으기🧧	2026-01-26 00:00:00	2026-01-30 00:00:00	lottery,rank,recharge,reward		4
78982	金元寶限時任務 ㄧ月好運抽大獎💰	2026-01-19 00:00:00	2026-01-31 23:59:59	lottery,rank,recharge,reward		4
79002	多人房新年贏大獎	2026-01-01 00:00:00	2026-01-31 23:59:59	lottery,game,rank,reward		4
79008	Dein Glücksstart 2026	2026-01-05 00:00:00	2026-01-31 23:59:59	lottery,rank,recharge,reward		4
79032	AGENCY LEADERBOARD RANK UP	2026-01-01 00:00:00	2026-02-01 00:00:00	game,group,rank,reward		4
79037	Host-Agent Rank	2026-01-01 00:00:00	2026-12-31 23:59:59	task,game,group,rank		4
79074	U-HỒ VƯƠNG HỘI K1T1 03/01/2026 - 09/01/2026	2026-01-03 00:00:00	2026-01-09 23:59:59	game,collection,rank,recharge		4
77261	日榜数据_Malay Host (1/12/2025 12pm- 31/12/2025)	2025-12-01 12:00:00	2025-12-31 23:59:59	game,rank,reward		3
77305	ADMIN DINO HOHOHO	2025-12-01 00:00:00	2025-12-31 23:59:59	collection,rank,recharge		3
77322	beans receiving（01 BJ2026）	2026-01-01 00:45:00	2026-01-01 05:00:00	group,rank,reward		3
77368	Aim to Become Our BIGO Partner! (Malay Family)	2025-12-01 23:59:59	2025-12-31 23:59:59	task,group		3
77369	اليوم الوطني الإماراتي 2025	2025-12-02 00:00:00	2025-12-08 23:59:59	task,growth,reward		3
77375	Aile Zaferi Elmas	2025-12-01 15:00:00	2025-12-28 23:59:59	group,rank,recharge		3
77376	Aile Zaferi Platin	2025-12-01 15:00:00	2025-12-28 23:59:59	group,rank,recharge		3
77383	11月75HチャレンジGOちゃん抽選ページ	2025-12-02 00:00:00	2025-12-15 23:59:59	lottery,game,rank		3
77390	Diciembre Coronacion del Merito	2025-12-01 13:00:00	2025-12-08 00:00:00	stage,rank,recharge		3
77401	testing	2025-12-05 00:00:00	2025-12-15 00:00:00	game,rank,recharge		3
77403	Grande Retorno 💰 do Começo de Dezembro 🎊 - Svip	2025-12-02 00:00:00	2025-12-06 00:00:00	rank,recharge,reward		3
77405	Grande Retorno 💰 do Começo de Dezembro 🎊	2025-12-02 00:00:00	2025-12-06 00:00:00	rank,recharge,reward		3
77410	VN - MKT - ĐĂNG DỄ ĐẬU VỀ THÁNG 12 - 2025	2025-12-05 00:00:00	2025-12-26 00:00:00		https://static-fed.bigolive.tv/live/pages/bigolive/act-85008-TgX2wL/index.html	3
77412	75TEST	2025-12-02 13:21:00	2025-12-09 23:59:59	lottery,game,rank		3
77421	더 쉽게 SVIP!	2025-12-29 00:00:00	2025-12-31 00:00:00	lottery,rank,reward		3
77425	zm-抽奖test	2025-12-02 15:59:23	2025-12-03 00:00:00	lottery,rank,recharge		3
77451	جالا العائلات - الخليج العربي	2025-12-06 00:00:00	2025-12-14 10:59:59	group,rank,reward		3
77452	جالا العائلات -الشام و شمال إفريقيا	2025-12-06 00:00:00	2025-12-14 10:59:59	group,rank,reward		3
77466	살인범은 바로..!? (12월)	2025-12-08 00:00:00	2025-12-23 00:00:00	lottery,rank,reward		3
77479	Newsletter Família Brasil Dezembro	2025-12-03 14:00:00	2026-09-01 11:00:00	growth,collection,rank		3
77481	이달의 넘버원 (12월)	2025-12-04 00:00:00	2026-01-01 00:00:00	game,rank,recharge		3
77497	Apoyo desde Iberia 💎	2025-12-05 00:00:00	2025-12-11 23:59:59	game,stage,rank		3
77499	Apoyo desde Iberia 💎	2025-12-22 00:00:00	2025-12-27 23:59:59	game,stage,rank		3
77526	2025 BIGO RECAP	2025-12-12 00:00:00	2025-12-31 00:00:00	game,rank,reward		3
77533	VIỆT NAM-GIẢI ĐẤU VINH QUANG T12	2025-12-21 00:00:00	2026-01-09 23:59:59	rank	https://static-fed.bigolive.tv/live/pages/bigolive/act-49334/index.html#/apply49334/1925	3
77563	الانفجار العظيم	2025-12-05 00:00:00	2025-12-11 23:59:00	game,rank,recharge		3
77567	转盘测试	2025-12-04 21:01:16	2025-12-05 00:00:00	lottery,game,rank		3
77575	خصومات مدى	2025-12-06 00:00:00	2025-12-14 23:59:59	collection,rank,recharge		3
77597	Lo Mejor de Diciembre	2025-12-05 06:00:00	2025-12-31 23:59:59	collection,rank		3
77601	团播进房任务	2025-12-12 00:00:00	2026-01-01 00:00:00	task,growth,reward		3
77610	HDCC-TUYỆT ĐỈNH TRANH TÀI-TỘC CHIẾN GALA 2025	2025-12-06 00:00:00	2025-12-15 00:00:00		https://activity.bigo.tv/live/act/banner-aggregation2/index.html?id=1592835216	3
77618	Festival Weeks	2025-12-06 10:00:00	2026-01-02 00:00:00		https://activity.bigo.tv/live/act/banner-aggregation2/index.html?id=1766405770	3
77655	Feliz Volta de Hosts - 202512	2025-12-09 00:00:00	2025-12-31 00:00:00	group,rank,reward		3
77659	Juicy-团体排行榜-周榜	2025-12-08 15:20:14	2025-12-13 00:00:00	group,rank,recharge		3
77681	Gala 2025: Битва сильнейших среди Продавцов Алмазов	2025-12-22 17:25:00	2025-12-27 23:59:59	rank,recharge		3
77717	Overall Winner Wave of Power	2025-12-09 15:47:00	2026-01-01 00:00:00	stage,rank,reward		3
77723	Family Breakthrough Battle	2025-12-11 00:00:00	2025-12-14 13:00:00	game,group,rank		3
77731	EXTRA BONUS per Famiglie di Galaxy!	2025-12-12 14:00:00	2025-12-14 09:00:00	stage,reward		3
77735	TEST 5 Days Gift Party Registration Form🎁	2025-12-09 21:35:49	2025-12-12 23:59:59	task,rank,reward		3
77757	Main 1x, Untung 2x! Misi Harian Mini Game	2025-12-12 00:00:00	2026-01-01 00:00:00	task,growth,game		3
77768	연말 카운트다운 시작!!	2025-12-26 00:00:00	2026-01-01 00:00:00	rank,recharge,reward		3
77770	🎁 Festive Sparkle: Recharge for Xmas Rebate	2025-12-15 00:00:00	2025-12-23 23:59:59	task,rank,recharge		3
77787	10.000$ Kazan! GALA’nın Son Fırsatı!	2025-12-10 14:20:00	2025-12-13 23:59:59	rank,recharge		3
77801	TH VJ GALA - ROAD TO BALI (GALAXY) 15-24 ธันวาคม	2025-12-15 00:00:00	2025-12-25 00:00:00	stage,rank		3
77804	TH VJ GALA - ROAD TO BALI (DIAMOND) 15-24 ธันวาคม	2025-12-15 00:00:00	2025-12-25 00:00:00	stage,rank		3
77805	TH VJ GALA - ROAD TO BALI (ROOKIE) 15-24 ธันวาคม	2025-12-15 00:00:00	2025-12-25 00:00:00	stage,rank		3
77847	La Festa di Natale🎄	2025-12-16 00:00:00	2025-12-31 23:59:59	lottery,collection,rank		3
77872	ORGULLO NACIONAL	2025-12-11 16:30:00	2026-01-30 23:00:00	rank		3
77890	Go Live Challenge	2025-12-14 10:00:00	2025-12-17 21:59:59	game,rank,reward		3
77896	TH VJ GALA - ROAD TO BALI COMEBACK challenge  19-24 Dec	2025-12-18 00:00:00	2025-12-25 00:00:00	stage,rank		3
77912	聖誕迴響 峇厘熱浪狂歡	2025-12-15 00:00:00	2025-12-25 23:59:59	game,collection,rank		3
77915	年度榮耀代理爭霸賽-峇里島強者齊聚	2025-12-15 00:00:00	2025-12-25 23:59:59	game,group,rank		3
77920	A-AGC THỰC CHIẾN K3T12	2025-12-15 00:00:00	2025-12-18 23:59:59	group,rank,reward		3
77924	FRBE - Famille Titan 202512	2025-12-15 00:00:00	2025-12-30 00:00:00	stage,rank,recharge		3
77986	Double Point SVIP - December (Batch 1)	2025-12-18 00:00:00	2025-12-19 23:59:59	task,growth,recharge		3
77991	FRBE - Recharge Suprême 202512	2025-12-15 19:12:52	2025-12-29 00:00:00	game,rank,recharge		3
78000	اليوم الوطني القطري 2025	2025-12-18 00:00:00	2025-12-24 23:59:59	task,growth,reward		3
78006	Battle of the Bands (BOTB) - December 17th Holiday´s Edition	2025-12-16 23:02:00	2025-12-24 01:02:00	game,collection,group		3
78007	Bigo Content Award - Leaderboard	2025-12-16 17:29:00	2026-01-17 23:59:59	task,rank,reward		3
78009	Santa's Gold Rush---Dec USCA Christmas Event 2025	2025-12-15 14:27:00	2026-01-03 23:59:59	rank,reward		3
78017	極速時刻  歲末淘金大獎賽	2025-12-26 18:00:00	2025-12-31 23:59:59	game,collection,rank		3
78018	ANZ reginoal Final Crown	2025-12-17 12:00:00	2025-12-22 11:59:59	stage,rank		3
78050	FRBE - Le tour mondial de Dino - 202512	2025-12-16 18:22:56	2025-12-30 00:00:00	game,collection,rank		3
78052	عودة النخبة	2025-12-16 23:59:59	2026-01-07 23:59:59	lottery,game,reward		3
78059	お得なチャージキャンペーン：送信ランキング追加！	2025-12-24 00:00:00	2026-01-01 23:59:59	game,rank,recharge		3
78068	Xmas Bonanza! 🎁	2025-12-24 00:00:00	2026-01-01 23:59:59	game,reward		3
78070	萌鼠百寶袋	2025-12-18 00:00:00	2025-12-28 23:59:59	game,collection,rank		3
78077	TH🐭Daily Game Ranking 18-25 Dec 25🐭	2025-12-18 00:00:00	2025-12-26 00:00:00	task,game,rank		3
78078	1月国际日榜（测试12/22-28）	2025-12-22 00:00:00	2025-12-29 00:00:00	game,rank,reward		3
78079	✨ Xmas Gifting Chart	2025-12-24 00:00:00	2026-01-01 23:59:59	task,rank,reward		3
78083	華語區刷寶拉新活動	2025-12-17 17:27:23	2026-11-30 00:00:00	game	https://static-fed.bigolive.tv/live/pages/bigolive/act-39011/index.html	3
78088	TH🥳New year Card Party 27-31 Dec 25🥳	2025-12-27 00:00:00	2026-01-01 00:00:00	collection,recharge		3
78093	Top Challenge 💰 – Climb the Ranks!	2025-12-20 00:00:00	2025-12-29 00:00:00	game,rank,reward		3
78102	agency daily task test	2025-12-18 06:50:00	2025-12-21 23:59:59	task,growth,game		3
78103	agency daily task test	2025-12-18 07:00:00	2025-12-21 23:59:59	task,growth,game		3
78107	Crown Masters --- USCA Event Dec 2025	2025-12-17 18:52:50	2026-01-03 23:59:59	rank,reward		3
78109	Animal gift companion taillight	2025-12-18 10:50:00	2025-12-23 00:00:00	task,growth,reward		3
78122	2025 Family Championship Winner Hall of Fame	2025-12-18 14:45:00	2026-01-18 23:59:59	game,group		3
78125	Merry Christmas Family Latam BR	2025-12-19 00:00:00	2025-12-26 00:00:00	group,rank		3
78126	TOP Família-Amor&Lealdade ♡†	2025-12-19 12:46:07	2025-12-31 00:00:00	group	https://static-fed.bigolive.tv/live/pages/bigolive/family-detail/index.html?familyId=210026	3
78147	A-GIAO MÙA RỰC RỠ	2025-12-20 00:00:00	2026-01-01 23:59:59	group,rank,reward		3
78152	GALA 2025 Annual Host Championship🏆	2025-12-18 20:30:00	2026-02-28 23:59:59	stage		3
78153	الهيمنة | الفصل الأخير	2025-12-22 00:00:00	2025-12-31 00:00:00	game,group,rank		3
78154	Ailece Yayındayız Aralık	2025-12-18 22:00:00	2025-12-31 22:00:00	game,group,rank		3
78156	LIMITED Recharge Deal 4 U!	2025-12-26 00:00:00	2025-12-29 23:59:59	task,rank,recharge		3
78158	Oyun Kralı	2025-12-19 00:00:00	2025-12-25 23:59:59	game,group,rank		3
78163	حدث الفصل الاخير- كبار الشخصيات - الخليج	2025-12-22 00:00:00	2025-12-30 23:59:59	game,rank,recharge		3
78167	1月新星耀起飛	2026-01-01 18:00:00	2026-01-31 23:59:59	game,collection,rank		3
78198	ファミリー起動ページ(データ)25年12月	2025-12-27 00:00:00	2025-12-31 21:59:59	group,rank,reward		3
78204	ファミリー起動ページ	2025-12-27 00:00:00	2025-12-31 21:59:59	group,rank,reward		3
78209	TH-❤️‍🔥Best Supporter of year end 25-31 Dec 25❤️‍🔥	2025-12-25 00:00:00	2026-01-01 00:00:00	lottery,rank,reward		3
78210	12月多人語音房｜月末衝刺榜🔥	2025-12-21 00:00:00	2025-12-31 23:59:59	collection,rank,reward		3
78211	Arabeskte Taht Kimde? Tarafını seç! 12.22-12.26	2025-12-22 00:00:00	2025-12-26 23:59:59	group,rank,recharge		3
78214	测试	2025-12-19 22:02:19	2025-12-31 23:59:59	game,collection		3
78226	💰كـنز الـغـائـبـين💰	2025-12-20 12:25:00	2026-01-10 23:59:59	lottery,recharge,reward		3
78230	CRAZY GAME-GREEDY	2025-12-22 00:00:00	2025-12-26 23:59:59	growth,game,rank		3
78231	CRAZY GAME-YUMMY	2025-12-22 00:00:00	2025-12-26 23:59:59	growth,game,rank		3
78252	ANZ Svip Exclusive: Gifting to win diamonds back!	2026-01-22 17:00:00	2026-01-28 23:59:59	lottery,rank,reward		3
78284	BXH NGÀY-QUỐC TẾ THÁNG 1	2026-01-05 00:00:00	2026-02-02 00:00:00	game,rank,reward		3
78291	Premios de Navidad 🎄	2025-12-23 00:00:00	2025-12-25 23:59:59	stage,rank,recharge		3
78319	USERS-45 Million Milestone	2026-01-01 00:00:00	2026-04-01 00:00:00	stage,rank,recharge		3
78320	見つけて、ビジョンの中の私 「梅雨☂️編」	2026-01-11 00:00:00	2026-01-20 21:59:59	game,rank,reward		3
78335	TH VJ JINGLE TO 2026 GROUP A 🎄	2025-12-25 00:00:00	2026-01-01 00:00:00	task,group,rank		3
78336	TH VJ JINGLE TO 2026 GROUP B 🎄	2025-12-25 00:00:00	2026-01-01 00:00:00	stage,group,rank		3
78357	Агентский чемпионат Гала 2025	2026-01-09 00:00:00	2026-01-17 00:00:00	game,group,rank		3
78358	UK Hostspotlight Event	2025-12-24 00:00:00	2026-11-30 00:00:00	group	https://static-fed.bigolive.tv/live/pages/bigolive/act-49334/index.html#/apply49334/1950	3
78359	Aile Üyeleri Yarışıyor 22 - 28 Aralık	2025-12-23 19:00:00	2025-12-28 23:59:59	game,group,rank		3
78365	Gala familiar 2025 ES/PT	2025-12-23 23:20:00	2026-02-01 00:00:00	growth,stage		3
78370	Crown Masters --- USCA Event Dec 2025	2025-12-24 16:29:46	2026-01-03 23:59:59	rank,reward		3
78371	1월 초전박스	2026-01-01 00:00:00	2026-01-02 00:00:00	rank,recharge,reward		3
78380	TH-Future Star Family: 1-15 Jan	2026-01-01 00:00:00	2026-01-16 00:00:00	group,rank,recharge		3
78388	SVIP限定ルーレットゲーム！ ポイントで運試し✨（1月）	2026-01-01 00:00:00	2026-01-31 23:59:59	lottery,rank,reward		3
78390	TH Family Draw 1-29 Jan: All Member	2026-01-01 00:00:00	2026-01-30 00:00:00	lottery,group,recharge		3
78411	MM Alien Realm Discovery (25th/Dec-01/Jan)	2025-12-25 00:00:00	2026-01-01 23:59:59	game,rank,reward		3
78416	期間限定チャージキャンペーン（1月）	2026-01-01 00:00:00	2026-01-07 23:59:59	rank,recharge,reward		3
78433	BBR - 1229-0103 Rush to New Year	2025-12-29 00:00:00	2026-01-04 23:59:59	rank,reward		3
78442	TH Star Family Member of The Year - 1-8 JAN	2026-01-01 00:00:00	2026-01-09 00:00:00	group,rank,recharge		3
78453	Academia de Idols- Janeiro-BR	2026-01-01 00:00:00	2026-01-14 23:59:59	game,rank,reward		3
78481	日榜数据_Malay Host (1/1/2026 12pm- 31/1/2026)	2026-01-01 12:00:00	2026-01-31 23:59:59	game,rank,reward		3
78482	Qui trouvera la fève ?	2026-01-04 00:00:00	2026-01-07 00:00:00	lottery,rank,reward		3
78486	쉿, 비밀 룰렛 1-1	2026-01-08 00:00:00	2026-01-12 00:00:00	lottery,recharge,reward		3
78489	쉿, 비밀 룰렛 1-2	2026-01-08 00:00:00	2026-01-12 00:00:00	lottery,recharge,reward		3
78490	쉿, 비밀 룰렛 1-3	2026-01-08 00:00:00	2026-01-11 00:00:00	lottery,recharge,reward		3
78491	쉿, 비밀 룰렛 2-1	2026-01-22 00:00:00	2026-01-26 00:00:00	lottery,recharge,reward		3
78492	쉿, 비밀 룰렛 2-2	2026-01-22 00:00:00	2026-01-26 00:00:00	lottery,recharge,reward		3
78493	쉿, 비밀 룰렛 2-3	2026-01-22 00:00:00	2026-01-26 00:00:00	lottery,recharge,reward		3
78519	HTT-个人排行榜	2025-12-26 16:20:43	2025-12-31 00:00:00	game,group,rank		3
78522	K - BIGBANG DIY T1	2026-01-01 00:00:00	2026-01-30 23:59:59	game,group,rank		3
78525	K - MILK DIY T1/26	2026-01-01 00:00:00	2026-01-30 23:59:59	game,group,rank		3
78565	A-THƯỞNG VƯỢT TRỘI	2025-12-30 19:00:00	2026-12-29 23:59:59	game	https://static-fed.bigolive.tv/live/pages/bigolive/act-49334/index.html#/apply49334/1663	3
78566	F-CHIẾN THẦN APAC-AFRICA KỲ 3 BONUS THÁNG 12/2025	2025-12-27 00:00:00	2025-12-29 10:00:00	game,group,rank		3
78567	A-THƯỞNG BỨT PHÁ	2025-12-30 19:00:00	2026-12-29 23:59:59	game	https://static-fed.bigolive.tv/live/pages/bigolive/act-49334/index.html#/apply49334/1663	3
78583	Новогодние капсулы для опытных ведущих	2026-01-01 00:00:00	2026-01-31 23:59:59	lottery,rank,reward		3
78593	TH SVIP Jan Points 2026	2026-01-01 00:00:00	2026-01-31 23:59:59	lottery,game,reward		3
78618	Spin to 2026!	2026-01-01 00:00:00	2026-01-08 23:59:59	lottery,game,reward		3
78622	투자 대박 초급반	2026-01-02 00:00:00	2026-01-07 00:00:00	game,rank,reward		3
78625	TH🥳Welcome Back 5-18 Jan 26🥳	2026-01-05 00:00:00	2026-01-19 00:00:00	lottery,recharge,reward		3
78637	ID - Call Back Host 202601	2026-01-15 00:00:00	2026-01-30 23:59:59	task,rank,reward		3
78644	MM Let's PK-Host (Jan 2026)	2026-01-01 00:00:00	2026-01-31 23:59:59	game,rank,reward		3
78645	MM AGC PK Ranking-Jan2026	2026-01-01 00:00:00	2026-01-31 23:59:59	game,group,rank		3
78646	MM Birthday Star-Jan2026	2026-01-01 00:00:00	2026-01-31 23:59:59	game,rank,reward		3
78649	MỜI BẠN - RINH QUÀ-01-31/01/26	2026-01-01 00:00:00	2026-02-01 23:59:59	lottery,rank,reward		3
78660	루키 회장님의 글로벌 기프트 챌린지!	2026-01-01 00:00:00	2026-01-31 23:59:59	game,rank,reward		3
78664	Dream star DIY T1 KỲ 135	2026-01-01 00:00:00	2026-01-31 00:00:00	game,group,rank		3
78668	Phiêu Chờ DIY T1 KỲ 135	2026-01-01 00:00:00	2026-01-31 00:00:00	game,group,rank		3
78683	AUNZ user: It's season of giving 🎁	2026-01-05 18:30:00	2026-01-11 23:59:59	rank,recharge,reward		3
78707	SON GALA BİLETİ	2025-12-29 18:00:00	2025-12-31 23:59:59	rank,recharge		3
78732	BIGO BEAN RUSH - January BBR Wednesday	2026-01-05 00:00:00	2026-01-31 23:59:59	task,rank,reward		3
78738	KH Game on: PK Time (Jan)	2026-01-06 00:00:00	2026-01-29 23:59:59	game,rank,reward		3
78742	KH Early Birds Get Beans (Jan W1)	2026-01-05 00:00:00	2026-01-09 23:59:59	game,rank,reward		3
78743	KH Early Birds Get Beans (Jan W2)	2026-01-12 00:00:00	2026-01-16 23:59:59	game,rank,reward		3
78744	KH Early Birds Get Beans (Jan W3)	2026-01-19 00:00:00	2026-01-23 23:59:59	game,rank,reward		3
78745	KH Early Birds Get Beans (Jan W4)	2026-01-26 00:00:00	2026-01-30 23:59:59	game,rank,reward		3
78788	1월 비고 프라이데이	2026-01-01 00:00:00	2026-02-01 00:00:00	game,rank,recharge		3
78808	Nordic Gift Party	2026-01-26 00:00:00	2026-01-29 23:59:59	task,rank,reward		3
78811	KickAce Rsing 2026 data	2026-01-01 00:00:00	2026-01-31 23:59:59	game,rank,reward		3
78867	TH🐎Daily Game Ranking 5-11 Jan 26🐎	2026-01-05 00:00:00	2026-01-12 00:00:00	task,game,rank		3
78871	心动盲盒	2026-01-01 00:00:00	2026-01-31 23:59:59	lottery,rank,reward		3
78881	1月多人語音房月度活动	2026-01-01 00:00:00	2026-01-31 23:59:59	lottery,collection,rank		3
78885	Bigo Live’a Hoş Geldin!	2026-01-05 00:00:00	2026-01-31 23:59:59	lottery,rank,recharge		3
78886	F-VÒNG QUAY TÂN BINH HỒNG PHÚC	2026-01-01 00:00:00	2026-01-31 23:59:59	lottery,recharge,reward		3
78915	ID | BIGO AGENCY ALL-STARS CUP JAN 2026	2026-01-01 00:00:00	2026-02-01 00:00:00	group,rank,reward		3
78918	KH-Global Traveller (JAN 2026)	2026-01-03 00:00:00	2026-01-10 23:59:59	game,rank,reward		3
78921	KH Global Traveller-User (Jan 2026)	2026-01-03 00:00:00	2026-01-10 23:59:59	rank,recharge,reward		3
78957	🎬 才藝出擊｜發帖金豆挑戰賽	2026-02-04 00:00:00	2026-02-28 23:59:59	rank	https://static-fed.bigolive.tv/live/pages/bigolive/act-85008-TgX2wL/index.html	3
78984	F-BXH THÁNG 1-CHIẾN THẦN NGOẠI GIAO 2026	2026-01-01 00:00:00	2026-02-01 00:00:00	game,group,rank		3
79006	حصريًا للمستخدمين الجدد	2026-01-05 00:00:00	2026-02-01 00:00:00	lottery,recharge,reward		3
79012	Sparkle Swap-Exchange beans for diamonds	2026-01-01 00:00:00	2026-01-31 23:59:59	shop,rank,reward		3
79014	KickAce Rising 2026 backstage	2026-01-01 00:00:00	2026-01-31 23:59:59	stage,rank,reward		3
79015	2026 Neujahr Diamant-Aufladebonus	2026-01-01 00:00:00	2026-01-05 23:59:59	stage,rank,recharge		3
79033	Africa Reseller	2026-01-01 00:00:00	2026-12-31 23:59:59	game,rank,recharge		3
79038	Agency DAB in Jan 2026	2026-01-01 00:00:00	2026-02-01 00:00:00	group,rank		3
79051	尊榮SVIP包裹獎勵	2026-01-01 18:00:00	2026-01-31 23:59:59	collection,rank,recharge		3
79053	👑 Trono de Ano Novo - Grande Retorno! 💰🎊	2026-01-01 04:35:00	2026-01-08 00:00:00	rank,recharge,reward		3
79068	A-AGENCY THỰC CHIẾN K1T1	2026-01-03 00:00:00	2026-01-09 23:59:59	group,rank,reward		3
79069	300k Host Revenue Incentive Program – January (Q1 2026)	2026-01-02 11:00:00	2026-03-31 23:59:59	task,growth,reward		3
79077	400k Host Revenue Incentive Program – January (Q1 2026)	2026-01-02 15:00:00	2026-03-31 23:59:59	task,growth,reward		3
79078	500k Host Revenue Incentive Program – January (Q1 2026)	2026-01-02 15:00:00	2026-03-31 23:59:59	task,growth,reward		3
79079	750k Host Revenue Incentive Program – January (Q1 2026)	2026-01-02 15:00:00	2026-03-31 23:59:59	task,growth,reward		3
77202	961160589- SVIP The Golden Royale December	2025-12-01 00:00:00	2026-01-01 00:00:00	rank,recharge		2
77246	rajatega02 - SVIP The Golden Royale December	2025-12-01 00:00:00	2025-12-31 23:59:59	rank,recharge		2
77281	N-HỒ LY DIY T12	2025-12-01 00:00:00	2025-12-31 23:59:59	group,rank		2
77286	N-CAM DIY T12	2025-12-01 00:00:00	2025-12-31 23:59:59	group,rank		2
77288	ID-Family Calendar Dec	2025-12-01 00:00:00	2025-12-31 23:59:59	game,group		2
77293	N-HĐ DIY T12	2025-12-01 00:00:00	2025-12-31 23:59:59	group,rank		2
77301	BIGO BASH MANIA	2025-12-01 00:00:00	2025-12-31 23:59:59	rank,reward		2
77311	جالا صناع محتوى دول شمال أفريقيا	2025-12-06 00:00:00	2025-12-14 10:59:59	rank,reward		2
77312	جالا صناع محتوى دول بلاد الشام	2025-12-06 00:00:00	2025-12-14 10:59:59	rank,reward		2
77313	جالا صناع محتوى دول الخليج	2025-12-06 00:00:00	2025-12-14 10:59:59	rank,reward		2
77315	متصدرين لبنان من كبار شخصيات December	2025-12-01 00:00:00	2025-12-31 23:59:59	rank,recharge		2
77316	متصدرين سوريا من كبار شخصيات December	2025-12-01 00:00:00	2025-12-31 23:59:59	rank,recharge		2
77317	متصدرين العراق من كبار شخصيات December	2025-12-01 00:00:00	2025-12-31 23:59:59	rank,recharge		2
77318	متصدرين اليمن من كبار شخصيات December	2025-12-01 00:00:00	2025-12-31 23:59:59	rank,recharge		2
77319	متصدرين مصر من كبار شخصيات December	2025-12-01 00:00:00	2025-12-31 23:59:59	rank,recharge		2
77326	100K club-150K	2025-12-01 00:00:00	2025-12-31 00:00:00	task,growth		2
77328	100K club-200K	2025-12-01 00:00:00	2025-12-31 00:00:00	task,growth		2
77329	100K club-300K	2025-12-01 00:00:00	2025-12-31 00:00:00	task,growth		2
77330	100K club-500K	2025-12-01 00:00:00	2025-12-31 00:00:00	task,growth		2
77331	100K club-700K	2025-12-01 00:00:00	2025-12-31 00:00:00	task,growth		2
77332	100K club-1M	2025-12-01 00:00:00	2025-12-31 00:00:00	task,growth		2
77335	Flying Gift Fiesta Registration Form	2025-12-01 12:00:00	2025-12-15 23:59:59	task,reward		2
77349	B Tier Performance	2025-12-01 15:00:00	2025-12-31 23:59:59	game,rank		2
77360	F-GIA TỘC PLUS+ | Miêu tộc	2025-12-02 00:00:00	2025-12-09 00:00:00	group,rank		2
77381	F-SÀN ĐẤU ĐẦU TIÊN - THÁNG 12	2025-12-02 00:00:00	2025-12-29 00:00:00	group,rank		2
77408	SVIP December Points Slash	2025-12-02 12:00:00	2025-12-05 11:59:59	shop,reward		2
77419	TH🎄X'Mas Magic Card Party 21-25 Dec 25🎄	2025-12-21 00:00:00	2025-12-26 00:00:00	collection,recharge		2
77422	F-GIA TỘC PLUS+ | CLOUDS	2025-12-03 00:00:00	2025-12-10 00:00:00	group,rank		2
77423	F-GIA TỘC PLUS+ | RoyaI	2025-12-03 00:00:00	2025-12-10 00:00:00	group,rank		2
77427	食べ納め！歳末うまいもの市（12.13~12.17）	2025-12-13 00:00:00	2025-12-17 21:59:59	game,rank		2
77433	Chinese New Year Topup King	2025-12-02 17:45:10	2026-06-25 00:00:00	recharge		2
77436	December BIGO Billionaire E1 - EN	2025-12-04 00:00:00	2025-12-07 23:59:59	rank,reward		2
77437	December BIGO Billonario E1 - LATAM	2025-12-04 00:00:00	2025-12-07 23:59:59	rank,reward		2
77447	SVIPler'e Özel Ödüllü Yükleme	2025-12-02 15:00:00	2025-12-18 23:59:59	rank,recharge		2
77450	Aile Üyeleri Yarışıyor 01 - 07 Aralık	2025-12-02 19:00:00	2025-12-07 23:59:59	group,rank		2
77476	TH - Gift & Groove 12-14 DEC 25	2025-12-12 00:00:00	2025-12-15 00:00:00	rank,reward		2
77477	TH🏵️SVIP ล่าถั่วทองคำ 17-23 December 25🏵️	2025-12-17 00:00:00	2025-12-24 00:00:00	lottery,rank		2
77485	VN&USCA Vũ Hội Giáng Sinh K1T12	2025-12-05 00:00:00	2025-12-10 00:00:00	game,rank		2
77487	December Africa Livehouse	2025-12-03 15:34:36	2026-01-03 00:00:00	stage,rank		2
77488	713364397 - SVIP The Golden Royale December	2025-12-04 00:00:00	2025-12-31 23:59:59	rank,recharge		2
77490	MM Local Myanmar DIY(6th-13th/Dec)	2025-12-06 00:00:00	2025-12-13 23:59:59	game,rank		2
77492	遊戲星球 好禮降臨	2025-12-16 00:00:00	2025-12-31 23:59:59	lottery,rank		2
77495	すき焼き忘年会(12.18-12.22)	2025-12-18 00:00:00	2025-12-22 21:59:59	game,rank		2
77515	TH🤩SVIP Top Up Challenge 10-12 Dec 25🤩	2025-12-10 00:00:00	2025-12-13 00:00:00	rank,recharge		2
77516	TH🥰Top Up Challenge 10-12 Dec 25🥰	2025-12-10 00:00:00	2025-12-13 00:00:00	rank,recharge		2
77521	خصومات Knet	2025-12-06 00:00:00	2025-12-14 23:59:59	rank,recharge		2
77522	FRBE - BigoLive Family Power Ranking	2025-12-03 18:25:50	2025-12-31 00:00:00	group,rank		2
77530	CHILCHIL DIY T12	2025-12-14 00:00:00	2025-12-31 23:59:59	group,rank		2
77535	비고 로또 12월	2025-12-14 00:00:00	2025-12-19 00:00:00	rank,reward		2
77539	TUYẾT ẢNH SEOUL	2025-12-06 00:00:00	2025-12-15 00:00:00	rank		2
77540	チャージ王&ギフト王	2025-12-09 00:00:00	2025-12-15 23:59:59	rank,recharge		2
77549	Xmasギフト争奪戦！	2025-12-11 00:00:00	2025-12-15 21:59:59	game,rank		2
77551	لعبة الحظ-YUMMY	2025-12-05 00:00:00	2025-12-11 23:59:59	growth,rank		2
77552	لعبة الحظ-Greedy	2025-12-05 00:00:00	2025-12-11 23:59:59	growth,rank		2
77572	Cap sur Bali !-202512	2025-12-10 00:00:00	2025-12-13 00:00:00	rank,reward		2
77583	お楽しみギフト(12.16-12.20)	2025-12-16 00:00:00	2025-12-20 21:59:59	game,rank		2
77596	VJs Weekly Stars	2025-12-08 00:00:00	2025-12-15 00:00:00	game,rank		2
77600	F-GIA TỘC PLUS+ | 𝐋𝐢𝐨𝐧 𝐟𝐚𝐢𝐭𝐡 🦁	2025-12-08 00:00:00	2025-12-15 00:00:00	group,rank		2
77603	SVIP Prestige Night	2025-12-17 00:00:00	2025-12-23 23:59:59	reward		2
77631	N-LUNANEKO DIY T12	2025-12-08 00:00:00	2025-12-31 23:59:59	group,rank		2
77650	December BIGO Billionaire E2 - EN	2025-12-11 00:00:00	2025-12-14 23:59:59	rank,reward		2
77651	December BIGO Billionaire E2 - latam	2025-12-11 00:00:00	2025-12-14 23:59:59	rank,reward		2
77662	Juicy-集卡玩法	2025-12-08 15:45:00	2025-12-13 00:00:00	collection,recharge		2
77671	【올해의 유저 대상】발리🏝️	2025-12-19 00:00:00	2025-12-30 00:00:00	rank,recharge		2
77673	MM Lavender DIY(9th-15th/Dec)	2025-12-09 00:00:00	2025-12-15 23:59:59	game,rank		2
77674	MM Yang & Cuties DIY(9th-15th/Dec)	2025-12-09 00:00:00	2025-12-15 23:59:59	game,rank		2
77694	Fiesta Lounge_Portuguese	2025-12-08 16:50:16	2026-01-08 00:00:00	lottery		2
77701	BIGO紅白合戦(12.26-12.31)	2025-12-26 00:00:00	2025-12-31 23:59:59	game,rank		2
77707	BBR - 1219-1221 Bonus Beans Weekend	2025-12-19 00:00:00	2025-12-31 23:59:59	rank,reward		2
77709	Go！Go! Beat the Past	2025-12-10 00:00:00	2026-01-03 00:00:00	rank,recharge		2
77710	Go！Go! Beat the Past	2025-12-10 00:00:00	2026-01-03 00:00:00	rank,recharge		2
77711	Go！Go! Beat the Past	2025-12-10 00:00:00	2026-01-03 00:00:00	rank,recharge		2
77712	Go！Go! Beat the Past	2025-12-10 00:00:00	2026-01-03 00:00:00	rank,recharge		2
77726	F-GIA TỘC PLUS+ | Mselina	2025-12-10 00:00:00	2025-12-17 00:00:00	group,rank		2
77737	D-TUẦN LỄ PK RỰC LỬA T12	2025-12-15 00:00:00	2025-12-18 23:59:59	game,rank		2
77740	Bean Rush Download Frenzy	2025-12-15 00:00:00	2026-01-15 23:59:59		https://static-fed.bigolive.tv/live/pages/bigolive/act-86079-tGySet/index.html	2
77748	올해의 호스트 대상	2025-12-19 00:00:00	2025-12-30 00:00:00	rank,reward		2
77780	F-GIA TỘC PLUS+ | XITA	2025-12-11 00:00:00	2025-12-18 00:00:00	group,rank		2
77781	F-GIA TỘC PLUS+ | EDGAR	2025-12-11 00:00:00	2025-12-18 00:00:00	group,rank		2
77782	F-GIA TỘC PLUS+ | 🌟👑HOÀNG CUNG👑🌟	2025-12-11 00:00:00	2025-12-18 00:00:00	group,rank		2
77790	Конкурс видеопостов #BIGONEWYEARCIS	2025-12-11 00:00:00	2026-01-12 00:00:00	stage,group		2
77798	Millstone Unlocked December	2025-12-10 17:30:00	2026-01-04 00:00:00	group,rank		2
77802	VN&USCA Vũ Hội Giáng Sinh K2T12	2025-12-12 00:00:00	2025-12-17 00:00:00	game,rank		2
77806	عرض الشحن مستبده	2025-12-11 07:30:00	2025-12-31 23:59:59	rank,recharge		2
77807	TH VJ GALA - ROAD TO BALI (OVERALL) 15-24 ธันวาคม	2025-12-15 00:00:00	2025-12-25 00:00:00	rank		2
77811	عرض الشحن ميرا	2025-12-11 07:40:00	2025-12-31 23:59:59	rank,recharge		2
77813	عرض الشحن فافا	2025-12-11 07:45:00	2025-12-31 23:59:59	rank,recharge		2
77815	عرض الشحن بلاك	2025-12-11 07:45:00	2025-12-31 23:59:59	rank,recharge		2
77819	عرض الشحن جمال	2025-12-11 07:55:00	2025-12-31 23:59:59	rank,recharge		2
77820	عرض الشحن الخال	2025-12-11 07:55:00	2025-12-31 23:59:59	rank,recharge		2
77832	毎日達成チャージキャンペーン	2025-12-17 00:00:00	2025-12-23 23:59:59	rank,recharge		2
77839	Ranking de Dezembro 🎊	2025-12-15 00:00:00	2025-12-23 00:00:00	rank,recharge		2
77842	December Payday Fiesta	2025-12-15 00:00:00	2025-12-23 23:59:59	rank,recharge		2
77852	TH-🎅Christmas Draws 16-20 Dec 25🎄normal user	2025-12-16 00:00:00	2025-12-21 00:00:00	lottery		2
77859	Tâm Điểm Ngôi Sao · Đại Tiệc Giáng Sinh VN–AUNZ	2025-12-15 00:00:00	2025-12-26 00:00:00	game,rank		2
77860	Overseas Beans Blast	2025-12-13 00:00:00	2025-12-15 00:00:00	rank,reward		2
77862	dhy测试000333	2025-12-11 21:35:29	2025-12-12 00:00:00	game,rank		2
77863	Live House	2025-12-11 16:00:00	2026-10-29 00:00:00			2
77866	PHÚC LỢI GIA TỘC THÁNG 12	2025-12-12 00:00:00	2026-01-01 00:00:00	group,rank		2
77887	Idol Việt Nam được yêu thích nhất – VN&AUNZ K3T12	2025-12-15 00:00:00	2025-12-22 00:00:00	game,rank		2
77888	Ma Kết Kiên Định · Sinh Nhật Diệu Kỳ	2025-12-15 00:00:00	2026-01-19 23:59:59	game,rank		2
77902	F-T-LUAN GIA TỘC PLUS 13-1912	2025-12-13 00:00:00	2025-12-20 00:00:00	group,rank		2
77909	VJs Weekly Stars	2025-12-15 00:00:00	2025-12-22 00:00:00	game,rank		2
77919	I-ẢNH VIỄN SEOUL	2025-12-15 00:00:00	2025-12-19 00:00:00	rank		2
77925	FRBE - Famille Nova 202512	2025-12-15 00:00:00	2025-12-30 00:00:00	game,rank		2
77928	GALA-HÀO QUANG TỎA SÁNG	2025-12-14 00:00:00	2025-12-19 20:30:00	rank		2
77943	TR AJANS PK ARALIK 2025	2025-12-14 21:30:00	2025-12-21 00:00:00	game		2
77947	GALA NIGHT VIỆT NAM 2025	2025-12-19 17:00:00	2025-12-19 22:00:00	game		2
77950	TH - Gift & Groove 19-21 DEC 25	2025-12-19 00:00:00	2025-12-22 00:00:00	rank,reward		2
77951	BIGO LIVE Premium Host Cover Campaign	2025-12-15 17:00:00	2026-02-28 00:00:00	task,game		2
77952	Campanha de Capa Premium do Host BIGO LIVE	2025-12-15 18:00:00	2026-02-28 00:00:00	task,game		2
77953	Campagne de Couvertures Premium pour Streameurs sur BIGO LIVE	2025-12-15 17:00:00	2026-02-28 00:00:00	task,game		2
77954	BIGO LIVE Premium-Host-Cover-Kampagne	2025-12-15 17:00:00	2026-02-28 00:00:00	task,game		2
77955	Campagna di copertura per host premium di BIGO LIVE	2025-12-15 17:00:00	2026-02-28 00:00:00	task,game		2
77956	Campaña de Portada Premium para los emisores oficiales de BIGO LIVE	2025-12-15 19:00:00	2026-02-28 00:00:00	task,game		2
77957	حملة بيجو لايف لتغطية المضيفين المتميزين	2025-12-15 14:08:29	2026-02-28 00:00:00	task,game		2
77958	BIGO LIVE Кампания "Премиум обложки ведущих"	2025-12-15 17:00:00	2026-02-28 00:00:00	task,game		2
77959	BIGO LIVE Premium Yayıncı Kapak Kampanyası	2025-12-15 17:00:00	2026-02-28 00:00:00	task,game		2
77960	BIGO LIVE Premium Host Cover Campaign	2025-12-15 17:00:00	2026-02-28 00:00:00	task,game		2
77961	Campania BIGO LIVE Premium Host Cover	2025-12-15 14:11:38	2026-02-28 00:00:00	task,game		2
77962	Kampania na Premium Host Cover BIGO LIVE	2025-12-15 17:00:00	2026-02-28 00:00:00	task,game		2
77963	BIGO LIVE Premium Host Cover Campaign	2025-12-15 17:00:00	2026-02-28 00:00:00	task,game		2
77964	กิจกรรมภาพปกระดับพรีเมียมของวีเจ BIGO LIVE	2025-12-15 17:00:00	2026-02-28 00:00:00	task,game		2
77965	យុទ្ធនាការរូបថតគម្រប Cover អ្នកឡាយពិសេសរបស់ BIGO LIVE	2025-12-15 17:00:00	2026-02-28 00:00:00	task,game		2
77966	យុទ្ធនាការរូបថតគម្រប Cover អ្នកឡាយពិសេសរបស់ BIGO LIVE	2025-12-15 17:00:00	2026-02-28 00:00:00	task,game		2
77967	BIGO LIVE Premium Host Cover Campaign	2025-12-15 17:00:00	2026-02-28 00:00:00	task,game		2
77968	Kampanye Cover Premium Host BIGO LIVE	2025-12-15 17:00:00	2026-02-28 00:00:00	task,game		2
77969	BIGO LIVE Premium Host Cover Campaign	2025-12-15 17:00:00	2026-02-28 00:00:00	task,game		2
77971	BIGO LIVE  우수 호스트 방송 커버 이벤트	2025-12-15 17:00:00	2026-02-28 00:00:00	task,game		2
77972	Kempen Hos Premium Cover  BIGO LIVE	2025-12-15 17:00:00	2026-02-28 00:00:00	task,game		2
77973	BIGO LIVE优质主播封面活动	2025-12-15 17:00:00	2026-02-28 00:00:00	task,game		2
77992	Kışa Özel Hediyeler 12.15-12.19	2025-12-15 18:00:00	2025-12-19 23:59:59	rank,reward		2
77995	Aralık Kral&Kraliçe Sıralaması	2025-12-15 17:00:00	2025-12-31 23:59:59	rank		2
77999	الانفجار العظيم	2025-12-16 00:00:00	2025-12-22 23:59:59	rank,recharge		2
78012	多人房参与赢好礼	2025-12-16 11:00:00	2025-12-31 23:59:59	rank,reward		2
78020	Agency Beans Xpedition	2025-12-16 14:45:00	2025-12-24 00:00:00	collection,reward		2
78022	BÙNG NỔ VN - AUNZ T12	2025-12-21 00:00:00	2026-01-01 23:59:59	game,rank		2
78023	VN&USCA Vũ Hội Giáng Sinh K3T12	2025-12-19 00:00:00	2025-12-24 00:00:00	game,rank		2
78027	チャージ進級バトル	2026-01-14 00:00:00	2026-01-16 23:59:59	rank,recharge		2
78028	Şampiyonlar Ligi D	2025-12-18 00:00:00	2025-12-21 23:59:59	collection,recharge		2
78041	Добро пожаловать в BIGO LIVE!！	2025-12-17 00:00:00	2026-12-01 00:00:00		https://static-fed.bigolive.tv/live/pages/bigolive/act-39011/index.html	2
78046	Выиграй поездку на BIGO GALA в феврале!	2025-12-22 00:00:00	2026-01-03 23:59:59	rank		2
78086	SVIP December Points Slash	2025-12-18 00:00:00	2025-12-19 11:59:59	shop,reward		2
78096	Magie de Noël	2025-12-22 00:00:00	2025-12-27 00:00:00	rank,reward		2
78099	العائلة الاكثر تقدما مقارنة بالشهر الماضي	2025-12-17 19:30:00	2026-01-01 00:00:00	group,rank		2
78105	GemStorm --- USCA Event Dec 2025	2025-12-17 18:49:31	2026-01-03 23:59:59	rank,reward		2
78111	チャージ王&ギフト王	2026-01-09 00:00:00	2026-01-15 23:59:59	rank,recharge		2
78121	世界を味わう　Ciao！イタリア！	2026-01-17 00:00:00	2026-01-21 21:59:59	game,rank		2
78132	ZAFER PARTNERLERİ	2025-12-22 00:00:00	2025-12-28 23:59:59	game,rank		2
78136	GALA-HÀO QUANG TỎA SÁNG (Backup)	2025-12-18 16:00:00	2025-12-19 20:30:00	rank		2
78142	1月ぬいぐるみ争奪戦-スキー編（1.13-1.17）	2026-01-13 00:00:00	2026-01-17 21:59:59	game,rank		2
78149	CHUỖI SỰ KIỆN GIAO MÙA RỰC RỠ	2025-12-20 00:00:00	2026-01-01 23:59:59		https://activity.bigo.tv/live/act/banner-aggregation2/index.html?id=1592835216	2
78164	حدث الفصل الاخير- كبار الشخصيات - بلاد الشام وشمال افريقيا	2025-12-22 00:00:00	2025-12-30 23:59:59	rank,recharge		2
78171	TH-Family Welfare Days 25 Dec	2025-12-23 00:00:00	2025-12-26 00:00:00	group,reward		2
78176	F-GIA TỘC PLUS ARTS MEDIA	2025-12-20 00:00:00	2025-12-26 00:00:00	group,rank		2
78192	VJs Weekly Stars	2025-12-22 00:00:00	2026-01-01 00:00:00	game,rank		2
78216	Sostegno Mondiale a bcs da HK/TW 20/12-31/12	2025-12-20 00:00:00	2025-12-31 23:59:59	rank,reward		2
78239	U-VÒNG QUAY SVIP T01.2026	2026-01-01 00:00:00	2026-01-31 23:59:59	lottery,reward		2
78255	新春 福めきBOX(1.4-1.8)	2026-01-04 00:00:00	2026-01-08 21:59:59	game,rank		2
78257	～その知識、本物か？～ クイズ王(1.6-1.10)	2026-01-06 00:00:00	2026-01-10 21:59:59	game,rank		2
78263	KISS！KISS！KISS(1.9-1.13)	2026-01-09 00:00:00	2026-01-13 21:59:59	game,rank		2
78264	2025GALA + S4 K&Q主播展示	2025-12-22 15:13:09	2025-12-31 12:00:00			2
78265	甘くほどける冬(1.11-1.15)	2026-01-11 00:00:00	2026-01-15 21:59:59	game,rank		2
78270	TH - Gift & Groove 26-28 DEC 25	2025-12-26 00:00:00	2025-12-29 00:00:00	rank,reward		2
78282	お得なチャージキャンペーン	2025-12-25 00:00:00	2025-12-31 23:59:59	rank,recharge		2
78286	Noel Livehouse Partisi TR 2025	2025-12-22 14:00:00	2025-12-26 12:00:00		https://static-fed.bigolive.tv/live/pages/bigolive/act-49879/vote.html?vote_id=1677160499979548252	2
78295	UK Shining Star	2025-12-22 15:13:09	2025-12-31 12:00:00			2
78297	الفرصة الاخيرة	2025-12-24 00:00:00	2025-12-30 23:59:59	rank,recharge		2
78305	new host yearly tracking	2026-01-01 00:00:00	2026-07-31 23:59:59	game,rank		2
78324	天選萬金幸運兒	2025-12-31 00:00:00	2026-01-06 23:59:59	rank,recharge		2
78326	PK Task Blitz	2026-01-01 00:00:00	2026-12-31 23:59:59	task,game		2
78354	TH Family PK PRO - JAN	2026-01-01 00:00:00	2026-02-01 00:00:00	game,group		2
78355	TH-FAMILY SUPER PK: JAN	2026-01-01 00:00:00	2026-02-01 00:00:00	game,group		2
78369	GemStorm --- USCA Event Dec 2025 R2	2025-12-24 16:28:26	2026-01-05 23:59:59	rank,reward		2
78392	TH-Family Draw 1-29 Jan	2026-01-01 00:00:00	2026-01-30 00:00:00	lottery,group		2
78427	Yeni Yıl Fasulye Maratonuz - Aralık 2025	2025-12-26 00:00:00	2026-01-01 23:59:59	stage,rank		2
78429	SVIPler'e Özel Ödüllü Yükleme	2025-12-25 12:00:00	2025-12-29 23:59:59	rank,recharge		2
78431	عرض القوة	2025-12-25 00:00:00	2025-12-31 23:59:59	rank,recharge		2
78445	ID-Family Calendar Jan	2026-01-01 00:00:00	2026-01-31 23:59:59	game,group		2
78462	TH-✈️Fly to Bali 1-10 Jan 25✈️	2026-01-01 00:00:00	2026-01-11 00:00:00	rank,recharge		2
78467	F-GIA TỘC PLUS - MÙA LỄ HỘI	2025-12-26 00:00:00	2025-12-27 00:00:00	group,rank		2
78468	لعبة الحظ-YUMMY	2025-12-27 00:00:00	2025-12-31 23:59:59	growth,rank		2
78469	لعبة الحظ-Greedy	2025-12-27 00:00:00	2025-12-31 23:59:59	growth,rank		2
78471	Academia de Idolos--Concurso de Selección de Año Nuevo	2026-01-01 00:00:00	2026-01-14 23:59:59	game,rank		2
78495	TH🐥SVIP Points 5-31 January 2026🐥	2026-01-05 00:00:00	2026-02-01 00:00:00	lottery,game		2
78548	【1월】All-In 이벤트	2026-01-09 00:00:00	2026-01-19 00:00:00	rank,reward		2
78590	حدث مردود الالعاب 💎	2025-12-27 00:00:00	2025-12-30 23:59:59	rank,recharge		2
78591	Unboxing de Regalos	2025-12-26 22:00:00	2026-01-02 23:59:59	rank,reward		2
78599	عرض الشحن (𝐅𝐎𝐑 𝐘𝐎𝐔 TT2670)	2025-12-28 17:22:29	2025-12-31 23:59:59	rank,recharge		2
78600	عرض الشحن (Saeid 296186960)	2025-12-28 17:24:31	2025-12-31 23:59:59	rank,recharge		2
78620	투자 대박 고급반	2026-01-02 00:00:00	2026-01-07 00:00:00	rank,reward		2
78621	투자 대박 중급반	2026-01-02 00:00:00	2026-01-07 00:00:00	rank,reward		2
78627	rajawali10 - SVIP The Golden Royale January	2026-01-01 00:00:00	2026-01-31 23:59:59	rank,recharge		2
78632	VJs Weekly Stars	2026-01-01 00:00:00	2026-01-08 00:00:00	game,rank		2
78662	ZAFER PARTNERLERİ	2025-12-30 00:00:00	2025-12-31 00:00:00	game,rank		2
78671	活动模版-线上测试	2025-12-29 16:26:05	2025-12-29 17:30:00	game,rank		2
78674	BÙNG NỔ VN - AUNZ T1	2026-01-05 00:00:00	2026-01-14 23:59:59	game,rank		2
78675	HIZLI ÇATIŞMA 12.30-12.31	2025-12-30 00:00:00	2025-12-31 23:59:59	rank,recharge		2
78676	2026-Jan Keputusan	2026-01-01 00:00:00	2026-01-31 23:59:59	rank,recharge		2
78693	لف و اربح	2025-12-29 17:00:00	2026-01-06 23:59:59	rank,reward		2
78699	PK de fin d'annee	2025-12-29 15:00:00	2026-01-01 00:00:00	game,rank		2
78701	متصدرين السعودية من كبار شخصيات Jan	2026-01-01 00:00:00	2026-01-31 23:59:59	rank,recharge		2
78705	Internal  Event Gcc5	2026-01-01 00:00:00	2026-01-31 23:59:59	rank,recharge		2
78727	حدث مردود الالعاب 💎 SA	2025-12-30 00:00:00	2025-12-31 23:59:59	rank,recharge		2
78736	1월 생일 & 기념일 호스트	2026-01-01 00:00:00	2026-02-01 00:00:00	rank,reward		2
78752	🎲CocoMelon🍌- SVIP The Golden Royale January	2026-01-01 00:00:00	2026-01-31 23:59:59	rank,recharge		2
78778	J494t122 - SVIP The Golden Royale January	2026-01-01 00:00:00	2026-01-31 23:59:59	rank,recharge		2
78787	1월 SVIP 생파	2026-01-01 00:00:00	2026-02-01 00:00:00	lottery,game		2
78815	LUCHA POR REGALOS DE AÑO NUEVO	2025-12-31 00:00:00	2026-01-03 23:59:59	rank,recharge		2
78818	LUTA POR PRESENTES DE ANO NOVO	2025-12-31 00:00:00	2026-01-03 23:59:59	rank,recharge		2
78842	1012967188 - SVIP The Golden Royale January	2026-01-01 00:00:00	2026-01-31 23:59:59	rank,recharge		2
78870	F-GIA TỘC PLUS - MÙA LỄ HỘI - COUNTDOWN 2026	2025-12-31 00:00:00	2026-01-01 00:00:00	group,rank		2
78875	TH❗The Last of Game Bonus 31 December 2025❗	2025-12-31 00:00:00	2026-01-01 00:00:00	game,rank		2
78877	D - Nani DIY T1	2026-01-01 00:00:00	2026-01-18 23:59:59	group,rank		2
78878	CHILCHIL DIY T1	2026-01-13 00:00:00	2026-01-30 23:59:59	group,rank		2
78889	MENA Beans Income 202601	2026-01-01 00:00:00	2026-01-31 23:59:59	rank,reward		2
78890	MENA Diamond Recharging 202601	2026-01-01 00:00:00	2026-01-31 23:59:59	rank,recharge		2
78892	MENA Beans Income 202601-EG/DZ/MA/TN/SY/IQ/LB/IR/JO/YE/SA/KW/AE/QA	2026-01-01 00:00:00	2026-01-31 23:59:59	rank,reward		2
78899	متصدرين مصر من كبار شخصيات Jan 2026	2026-01-01 00:00:00	2026-01-31 23:59:59	rank,recharge		2
78900	متصدرين اليمن من كبار شخصيات Jan 2026	2026-01-01 00:00:00	2026-01-31 23:59:59	rank,recharge		2
78901	متصدرين العراق من كبار شخصيات Jan 2026	2026-01-01 00:00:00	2026-01-31 23:59:59	rank,recharge		2
78902	متصدرين سوريا من كبار شخصيات Jan 2026	2026-01-01 00:00:00	2026-01-31 23:59:59	rank,recharge		2
78903	متصدرين لبنان من كبار شخصيات Jan 2026	2026-01-01 00:00:00	2026-01-31 23:59:59	rank,recharge		2
78912	Lucky Rainbow -1월	2026-01-01 00:00:00	2026-02-01 00:00:00	rank,reward		2
78913	2026- Jan Keputusan Harian	2026-01-01 00:00:00	2026-01-31 23:59:59	rank,recharge		2
78941	이달의 넘버원 (1월)	2026-01-01 00:00:00	2026-02-01 00:00:00	rank,recharge		2
78974	3月の注目イベント（ユーザー向け）	2025-12-31 17:27:41	2026-03-31 00:00:00	collection,stage		2
78993	N-CAM DIY T1	2026-01-01 00:00:00	2026-01-31 23:59:59	group,rank		2
79016	طريق النخبة - 150 الف	2026-01-01 00:00:00	2026-12-31 23:59:59	task,rank		2
79017	طريق لنخبة - 200 الف	2026-01-01 00:00:00	2026-12-31 23:59:59	task,rank		2
79018	BIGO BASH MANIA	2026-01-01 00:00:00	2026-01-31 23:59:59	rank,reward		2
79019	طريق النخبة - 300 الف	2026-01-01 00:00:00	2026-12-31 23:59:59	task,rank		2
79020	طريق النخبة -500 الف	2026-01-01 00:00:00	2026-12-31 23:59:59	task,rank		2
79022	طريق النخبة - 700 الف	2026-01-01 00:00:00	2026-12-31 23:59:59	task,rank		2
79023	طريق النخبة - 1 مليون	2026-01-01 00:00:00	2026-12-31 23:59:59	task,rank		2
79028	طريق النخبة - 50 الف	2026-01-01 00:00:00	2026-12-31 23:59:59	task,rank		2
79029	طريق النخبة - 100 الف	2026-01-01 00:00:00	2026-01-31 23:59:59	task,rank		2
79030	100K club-150K	2026-01-01 00:00:00	2026-12-31 23:59:59	task,rank		2
79048	2026 Resolution	2026-01-01 00:00:00	2026-01-31 00:00:00	rank,reward		2
79058	Go！Go! Beat the Past	2026-01-02 00:00:00	2026-01-05 00:00:00	rank,recharge		2
79059	Go！Go! Beat the Past	2026-01-02 00:00:00	2026-01-05 00:00:00	rank,recharge		2
79060	Go！Go! Beat the Past	2026-01-02 00:00:00	2026-01-05 00:00:00	rank,recharge		2
79061	Go！Go! Beat the Past	2026-01-02 00:00:00	2026-01-05 00:00:00	rank,recharge		2
79080	800k Host Revenue Incentive Program – January (Q1 2026)	2026-01-02 15:00:00	2026-03-31 23:59:59	task,reward		2
77355	12월 연말 Live House 파티 - 공연자 신청	2025-12-01 12:00:00	2025-12-15 17:00:00	task		1
77366	Buzzétoile FRBE-202512	2025-12-11 00:00:00	2025-12-27 23:59:59	game		1
77418	12월 연말 Live House 파티 - MC 신청	2025-12-04 00:00:00	2025-12-10 17:00:00	task		1
77434	Global PK SPPT vs. FRBE Dec 25	2025-12-02 12:00:00	2025-12-26 23:59:59	game		1
77439	December BIGO Billionaire E1- VN	2025-12-04 00:00:00	2025-12-07 23:59:59	rank		1
77443	【百花繚乱】SpeciaL Event	2025-12-06 00:00:00	2025-12-13 23:59:59			1
77454	Classifiche Invernali	2025-12-02 17:49:19	2025-12-12 23:59:59	rank		1
77471	官方直播	2025-12-11 16:00:00	2025-12-11 18:00:00	collection		1
77498	TH-VJ Heart Aligned :  6-13 DEC Legend	2025-12-06 00:00:00	2025-12-14 00:00:00	rank		1
77502	TH-VJ Heart Aligned :  6-13 DEC Master	2025-12-06 00:00:00	2025-12-14 00:00:00	rank		1
77503	TH-VJ Heart Aligned :  6-13 DEC Rookie	2025-12-06 00:00:00	2025-12-14 00:00:00	rank		1
77536	ID TGA x BIGO LIVE 2025	2025-12-04 13:30:00	2025-12-14 00:00:00	game		1
77566	Bigo Gala Anuuale a Bali	2025-12-04 20:03:29	2026-01-20 23:59:59			1
77580	PK 승부예측 이벤트 12월_NEW	2025-12-05 14:22:47	2026-09-30 00:00:00	game		1
77592	글로벌 PK	2025-12-05 18:00:00	2026-12-01 23:59:59	game		1
77599	The Game Awards 2025	2025-12-05 11:02:30	2025-12-31 00:00:00	game		1
77607	TIME-LIMITED MISSION FOR NEW AGENCIES	2025-12-06 00:00:00	2026-01-01 00:00:00	task		1
77608	REVENUE BREAKTHROUGH MISSION	2025-12-06 00:00:00	2026-01-01 00:00:00	task		1
77625	Fiesta Lounge_Spanish	2025-12-08 00:00:00	2026-01-08 00:00:00	lottery		1
77646	USCA The Game Awards 2025	2025-12-08 10:31:12	2025-12-31 00:00:00	game		1
77647	BR The Game Awards 2025	2025-12-08 10:31:12	2025-12-31 00:00:00	game		1
77648	ES The Game Awards 2025	2025-12-08 10:31:12	2025-12-31 00:00:00	game		1
77652	December BIGO Billionaire E2- VN	2025-12-11 00:00:00	2025-12-14 23:59:59	rank		1
77697	Holiday Watch Party Week	2025-12-22 00:00:00	2025-12-29 00:00:00	lottery		1
77705	TEST	2025-12-10 00:00:00	2025-12-31 00:00:00	rank		1
77716	Holiday Watch Party Week-test	2025-12-09 17:00:00	2025-12-12 12:00:00	lottery		1
77722	ID - MLBB SEA GAME 2025	2025-12-09 17:15:00	2025-12-31 00:00:00	game		1
77733	🎉Приглашай друзей и получай награды!🎁	2025-12-09 21:15:00	2025-12-16 00:00:00	task		1
77734	TGA	2025-12-09 20:00:00	2025-12-31 00:00:00	game		1
77736	The Game Awards 2025	2025-12-10 05:00:00	2025-12-13 04:59:59	game		1
77741	Holiday Watch Party Week 1-KR	2025-12-22 00:00:00	2025-12-23 00:00:00	lottery		1
77742	Holiday Watch Party Week 2-KR	2025-12-23 00:00:00	2025-12-24 00:00:00	lottery		1
77743	Holiday Watch Party Week 3-KR	2025-12-24 00:00:00	2025-12-25 00:00:00	lottery		1
77744	Holiday Watch Party Week 4-KR	2025-12-25 00:00:00	2025-12-26 00:00:00	lottery		1
77745	Holiday Watch Party Week 5-KR	2025-12-26 00:00:00	2025-12-27 00:00:00	lottery		1
77746	Holiday Watch Party Week 6-KR	2025-12-27 00:00:00	2025-12-28 00:00:00	lottery		1
77747	Holiday Watch Party Week 7-KR	2025-12-28 00:00:00	2025-12-29 00:00:00	lottery		1
77755	December Payday Fiesta	2025-12-15 00:00:00	2025-12-23 23:59:59	reward		1
77759	VN - MKT - MLBB TGA 2025	2025-12-12 00:00:00	2025-12-31 00:00:00	game		1
77766	TH - MKT - MLBB TGA 2025	2025-12-12 00:00:00	2025-12-31 00:00:00	game		1
77769	BIGO LIVE PH X MLBB	2025-12-11 00:00:00	2025-12-18 00:00:00	stage		1
77771	SVIP! Premio Pendiente en WhatsApp✅	2025-12-10 08:00:00	2026-06-10 08:00:00	collection		1
77840	BR Ranking de 💎 Enviados em Duplas 💗 🫧	2025-12-24 00:00:00	2025-12-31 00:00:00	rank		1
77841	BR Ranking	2025-12-15 00:00:00	2025-12-26 00:00:00	rank		1
77851	비고 기네스 챌린지_1회_랭킹보드	2025-12-12 00:00:00	2025-12-16 23:59:59	rank		1
77864	Ton Talent T'emmene a BALI!-FRBE	2025-12-11 15:45:00	2025-12-14 23:59:59			1
77876	Bigo Content Award	2025-12-12 17:29:00	2026-01-17 23:59:59	task		1
77892	人気ライバー 2026年1月	2025-12-12 14:20:00	2026-03-31 00:00:00	reward		1
77949	⭐Salto Estelar-BR	2025-12-16 00:00:00	2026-01-15 00:00:00	stage		1
77980	연말 깜짝 스타	2025-12-16 00:00:00	2026-01-01 00:00:00	rank		1
78001	تحدي الصعود مذيعين بلاد الشام	2025-12-16 00:00:00	2025-12-31 23:59:59	reward		1
78002	تحدي الصعود مذيعين بلاد الشام	2025-12-16 00:00:00	2025-12-31 23:59:59	reward		1
78019	🎉Приглашай друзей и получай награды!🎁	2025-12-16 14:25:00	2026-05-01 00:00:00	task		1
78025	Family Vibes Live ：Jan 14	2026-01-11 00:00:00	2026-01-15 00:00:00	group		1
78032	おすすめのライバー 12月	2025-12-16 17:55:21	2026-03-31 00:00:00	reward		1
78043	GOTF 2025	2025-12-17 00:00:00	2025-12-23 23:59:59	game		1
78044	Weekly Star-DEC	2025-12-17 00:00:00	2025-12-23 23:59:59	rank		1
78060	ID-Magical Christmas Carnival🎅🏻	2025-12-24 00:00:00	2026-01-01 00:00:00			1
78097	ĐẾM NGƯỢC ĐÓN XUÂN-20-30/12	2025-12-18 00:00:00	2025-12-31 09:30:00	rank		1
78129	Инструкция быстрого пополнения	2025-12-19 04:10:00	2026-11-27 00:00:00	collection		1
78131	glory partners-BC ranking	2025-12-22 00:00:00	2025-12-28 23:59:59	rank		1
78162	Mejora de ingresos, mejora de la capacidad Diciembre	2025-12-19 00:00:00	2025-12-31 23:59:59	rank		1
78200	Live & Posting Fest	2025-12-21 00:00:00	2025-12-31 23:59:59	rank		1
78206	PINOY GALA BEST PERFORMER	2025-12-20 00:00:00	2026-01-18 00:00:00			1
78268	USER LIVE HUSTLE	2025-12-22 16:35:00	2026-02-01 00:00:00	group		1
78289	Christmas Spotlight	2025-12-23 12:00:00	2026-01-01 00:00:00			1
78330	BR Ranking	2025-12-26 00:00:00	2026-01-01 00:00:00	rank		1
78363	Yummy & Greedy челлендж	2025-12-26 00:00:00	2025-12-31 00:00:00	lottery		1
78374	Fiebre de Regalos Navideños_LATAM ES	2025-12-24 00:00:00	2025-12-31 23:59:59	rank		1
78375	Febre de Presentes de Natal_LATAM PT	2025-12-24 00:00:00	2025-12-31 23:59:59	rank		1
78382	TH-Rising Family Leader 1-29 Jan	2026-01-01 00:00:00	2026-01-30 00:00:00	group		1
78386	새해 Watch Party Week	2026-01-24 00:00:00	2026-01-31 18:00:00	lottery		1
78387	MM AGC & Host Policy(2026)	2025-12-24 12:59:04	2026-12-23 23:59:59	task		1
78389	Custom Gift SVIP	2025-12-24 14:40:50	2026-02-28 00:00:00	reward		1
78414	心動雙子塔	2026-01-01 00:00:00	2026-01-31 23:59:59	rank		1
78436	DJ SHOWCASE: NEW YEAR'S BASH	2025-12-25 13:59:18	2025-12-31 00:00:00			1
78450	MM Play with Me (Dec 2025 SVIP Date)	2025-12-26 00:00:00	2025-12-30 23:59:59	reward		1
78546	パフォーマンス・新人・限定テーマチャンネル	2025-12-26 18:44:00	2026-12-26 00:00:00	game		1
78582	Капсулы Диномороза	2026-01-01 00:00:00	2026-02-01 00:00:00	lottery		1
78663	glory partners-BC ranking-12.30	2025-12-30 00:00:00	2025-12-31 00:00:00	rank		1
78669	Yummy & Greedy челлендж(30.12-02.01)	2025-12-30 00:00:00	2026-01-02 23:59:59	lottery		1
78687	活动排行榜测试	2025-12-29 18:29:02	2026-01-04 00:00:00	rank		1
78688	Хотите ли вы работать с другим агентом?	2025-12-29 18:39:00	2026-03-31 00:00:00	task		1
78722	Défi Vocal 202601	2026-01-10 16:02:02	2026-01-17 23:59:59	game		1
78786	TH - Let's play game : JAN26	2026-01-01 00:00:00	2026-02-01 00:00:00	game		1
78801	공식패밀리 굿즈 쟁탈전	2025-12-30 18:00:00	2026-01-01 00:00:00	lottery		1
78891	MENA Diamond Sending 202601	2026-01-01 00:00:00	2026-01-31 23:59:59	rank		1
78906	Welcome to BIGO!	2026-01-01 00:00:00	2026-01-31 00:00:00	reward		1
78911	모태신입이지만, 방송은하고싶어-1월편	2026-01-01 00:00:00	2026-02-01 00:00:00	rank		1
78945	Weekly Star-Jan-1	2026-01-05 00:00:00	2026-01-11 23:59:59	rank		1
78947	Weekly Star-Jan-2	2026-01-16 00:00:00	2026-01-22 23:59:59	rank		1
78963	BR Ranking	2026-01-01 00:00:00	2026-01-13 00:00:00	rank		1
79024	TIME-LIMITED MISSION FOR NEW AGENCIES	2026-01-01 00:00:00	2026-02-01 00:00:00	task		1
79025	REVENUE BREAKTHROUGH MISSION	2026-01-01 00:00:00	2026-02-01 00:00:00	task		1
79065	I-IDOL THỰC CHIẾN K1T1	2026-01-03 00:00:00	2026-01-09 23:59:59	rank		1
77325	100K club-150K	2025-12-01 00:00:00	2025-12-31 00:00:00			
77367	BIGO SNAP🧡 bisで叶えるモデルの夢 編	2025-12-03 00:00:00	2025-12-16 23:59:59			
77389	حدث  اليوم الوطني الاماراتي 54	2025-12-02 00:00:00	2025-12-08 23:59:59			
77431	Rookie storm	2025-12-07 00:00:00	2025-12-27 00:00:00			
77432	ZONE LIBRE DEC 2025	2025-12-08 00:00:00	2025-12-24 00:00:00			
77456	BIGO Filtresiz X prensesasli	2025-12-03 13:00:00	2025-12-04 22:00:00			
77504	جالا العائلات - الخليج العربي	2025-12-06 00:00:00	2025-12-14 23:59:59			
77505	جالا العائلات - بلاد الشام	2025-12-06 00:00:00	2025-12-14 23:59:59			
77506	جالا العائلات - شمال إفريقيا	2025-12-06 00:00:00	2025-12-14 23:59:59			
77531	12월 연말 Live House 파티	2025-12-04 14:00:00	2026-01-01 00:02:00			
77570	L'Arène des Alliances dec 2025	2025-12-05 00:00:00	2025-12-30 00:00:00			
77577	ID-HOST RECCOMENDATION	2025-12-05 12:00:00	2026-02-01 00:00:00			
77602	SVIP Aurora Night	2025-12-05 18:30:00	2025-12-11 23:59:59			
77613	Yeni Destekçi Getirme Teklifi	2025-12-05 16:16:00	2025-12-31 23:59:59			
77649	TH&LA Top VJ Dec	2025-12-09 10:05:00	2026-01-01 00:00:00			
77661	비고 기네스 챌린지	2025-12-08 16:20:07	2026-07-31 00:00:00			
77684	Dez. Agentur Events	2025-12-09 18:40:26	2025-12-31 23:59:59			
77729	لتجربة أفضل على بيجو لايف	2025-12-09 15:00:00	2026-12-09 00:00:00			
77738	Vjmeclaire202512	2025-12-10 01:30:08	2026-01-01 08:00:00			
77756	Holiday Watch Party Week PRE-KR	2025-12-12 00:00:00	2025-12-22 00:00:00			
77785	F-NGÔI SAO CHIÊU MỘ	2025-12-11 12:00:00	2026-01-01 00:00:00			
77786	推しと過ごすBIGOクリスマスv1 12.16~12.21	2025-12-16 00:00:00	2025-12-21 00:00:00			
77788	test	2025-12-16 00:00:00	2025-12-21 00:00:00			
77791	November top 10 African hosts	2025-12-10 17:10:00	2026-01-01 00:00:00			
77874	Featured Event of December	2025-12-12 08:00:00	2026-01-01 16:00:00			
77897	Hosts' LIVEStreak Bonus	2025-12-15 00:00:00	2025-12-24 00:00:00			
77927	DJ SHOWCASE: 'TIS THE SEASON	2025-12-13 12:08:00	2025-12-26 00:00:00			
77932	TUYỂN IDOL - RINH QUÀ NOEL	2025-12-15 00:00:00	2025-12-27 00:00:00			
77937	GOTF 2025	2025-12-14 17:00:00	2026-01-10 00:00:00			
78003	Rewind 2025	2025-12-16 00:00:00	2026-01-31 08:00:00			
78054	Join Download Program	2025-12-17 00:00:00	2026-01-31 23:59:59			
78081	PH Finest Page towards ANZ	2025-12-17 17:25:00	2026-06-30 00:00:00			
78114	最大10万ビーンズが当たる！	2025-12-21 00:00:00	2025-12-31 23:59:59			
78124	Brilho das Estrelas- Janeiro	2025-12-19 00:00:00	2025-12-25 00:00:00			
78219	Stand out!	2026-01-26 00:00:00	2026-01-30 23:59:59			
78228	الهيمنة | الفصل الأخير - الخليج العربي	2025-12-22 00:00:00	2025-12-30 23:59:59			
78229	الهيمنة | الفصل الأخير - الشام و شمال إفريقيا	2025-12-22 00:00:00	2025-12-30 23:59:59			
78266	Welcome Party 2026	2025-12-22 17:18:01	2026-01-31 00:00:00			
78292	TR Turkpin	2025-12-22 22:15:00	2026-02-01 00:00:00			
78383	12월 연말 라이브하우스 파티 출연진 명단	2025-12-28 14:00:00	2026-01-01 00:05:00			
78407	나는 000호스트다	2026-01-01 00:00:00	2026-01-31 23:59:59			
78408	어색한곳을 찾아라	2026-01-01 00:00:00	2026-01-31 23:59:59			
78578	Как самостоятельно выводить бобы с помошью нового способа?	2025-12-29 00:00:00	2026-03-29 00:00:00			
78586	Подарки от Дино Мороза для новых аудио ведущих!	2026-01-01 00:00:00	2026-02-01 00:00:00			
78689	Buzzétoile FRBE-202601	2026-01-09 00:00:00	2026-01-31 23:59:59			
78782	루키 회장님을 위한 비고라이브 이벤트 소개!	2026-01-01 00:00:00	2027-01-01 00:00:00			
78784	TH - Music Show Time - Singing : JAN26	2026-01-01 00:00:00	2026-02-01 00:00:00			
78785	TH - Music Show Time - Dancing : JAN26	2026-01-01 00:00:00	2026-02-01 00:00:00			
78854	ID- week2 event	2026-01-14 00:00:00	2026-01-21 00:00:00			
78858	ID- Midnight Dance Party💃	2026-01-20 00:00:00	2026-01-26 00:00:00			
78869	Новый уровень: SVIP 8	2025-12-31 00:00:00	2026-01-31 00:00:00			
78907	January 2026 Prestige Booster Calendar	2026-01-01 01:00:00	2026-02-01 00:00:00			
78919	ID-SVIP INDONESIA 2026	2026-01-01 00:00:00	2026-12-31 23:59:59			
